entitlement_id,user_id,application,permission,granted_date,entitlement_status,name,role,staff_type,department,status,user_usage,last_usage_date,peer_average,peer_median,peer_count,usage_difference,difference_from_peer,risk_score,risk_level,evidence_codes,evidence,recommendation,explanation,baseline_decision,prototype_decision
ENT-5001,USR-1001,Laboratory,WRITE,2026-07-17,ACTIVE,John Rao,Doctor,Outsourced Technician,Radiology,INACTIVE,7,2026-08-30 11:11:39,5.5,5.5,16,1.5,1.5,20,LOW,['INACTIVE_USER'],• User account is marked INACTIVE in HR database (+20),APPROVE,Role: Doctor | User Usage: 7 | Peer Avg: 5.5 | Peer Median: 5.5 | Diff: +1.5 | Last Used: 2026-08-30 11:11:39 | Evidence Codes: INACTIVE_USER,REVOKE,APPROVE
ENT-5002,USR-1001,HR,WRITE,2026-03-14,ACTIVE,John Rao,Doctor,Outsourced Technician,Radiology,INACTIVE,7,2026-09-02 03:18:39,9.7,9.5,18,-2.7,-2.7,20,LOW,['INACTIVE_USER'],• User account is marked INACTIVE in HR database (+20),APPROVE,Role: Doctor | User Usage: 7 | Peer Avg: 9.7 | Peer Median: 9.5 | Diff: -2.7 | Last Used: 2026-09-02 03:18:39 | Evidence Codes: INACTIVE_USER,REVOKE,APPROVE
ENT-5003,USR-1001,Radiology,READ,2025-12-03,REVOKED,John Rao,Doctor,Outsourced Technician,Radiology,INACTIVE,0,Never,6.4,6.0,17,-6.4,-6.4,60,HIGH,"['UNUSED_PRIVILEGE', 'INACTIVE_USER']","• Privilege is completely unused in application logs (0 accesses) (+40)
• User account is marked INACTIVE in HR database (+20)",REVOKE,"Role: Doctor | User Usage: 0 | Peer Avg: 6.4 | Peer Median: 6.0 | Diff: -6.4 | Last Used: Never | Evidence Codes: UNUSED_PRIVILEGE, INACTIVE_USER",REVOKE,REVOKE
ENT-5004,USR-1001,Pharmacy,READ,2025-12-12,ACTIVE,John Rao,Doctor,Outsourced Technician,Radiology,INACTIVE,11,2026-08-28 11:37:39,6.0,6.5,12,5.0,5.0,20,LOW,['INACTIVE_USER'],• User account is marked INACTIVE in HR database (+20),APPROVE,Role: Doctor | User Usage: 11 | Peer Avg: 6.0 | Peer Median: 6.5 | Diff: +5.0 | Last Used: 2026-08-28 11:37:39 | Evidence Codes: INACTIVE_USER,REVOKE,APPROVE
ENT-5005,USR-1002,Laboratory,READ,2025-12-24,ACTIVE,Sarah Davis,Nurse,Outsourced Technician,ICU,INACTIVE,9,2026-09-02 23:04:39,7.3,9.0,12,1.7,1.7,20,LOW,['INACTIVE_USER'],• User account is marked INACTIVE in HR database (+20),APPROVE,Role: Nurse | User Usage: 9 | Peer Avg: 7.3 | Peer Median: 9.0 | Diff: +1.7 | Last Used: 2026-09-02 23:04:39 | Evidence Codes: INACTIVE_USER,REVOKE,APPROVE
ENT-5006,USR-1002,Pharmacy,READ,2026-06-11,REVOKED,Sarah Davis,Nurse,Outsourced Technician,ICU,INACTIVE,0,Never,4.7,0.0,9,-4.7,-4.7,60,HIGH,"['UNUSED_PRIVILEGE', 'INACTIVE_USER']","• Privilege is completely unused in application logs (0 accesses) (+40)
• User account is marked INACTIVE in HR database (+20)",REVOKE,"Role: Nurse | User Usage: 0 | Peer Avg: 4.7 | Peer Median: 0.0 | Diff: -4.7 | Last Used: Never | Evidence Codes: UNUSED_PRIVILEGE, INACTIVE_USER",REVOKE,REVOKE
ENT-5007,USR-1002,HR,READ,2026-07-09,ACTIVE,Sarah Davis,Nurse,Outsourced Technician,ICU,INACTIVE,11,2026-09-03 18:55:39,8.5,10.0,12,2.5,2.5,20,LOW,['INACTIVE_USER'],• User account is marked INACTIVE in HR database (+20),APPROVE,Role: Nurse | User Usage: 11 | Peer Avg: 8.5 | Peer Median: 10.0 | Diff: +2.5 | Last Used: 2026-09-03 18:55:39 | Evidence Codes: INACTIVE_USER,REVOKE,APPROVE
ENT-5008,USR-1002,Administration,WRITE,2025-12-03,REVOKED,Sarah Davis,Nurse,Outsourced Technician,ICU,INACTIVE,0,Never,4.4,1.5,10,-4.4,-4.4,60,HIGH,"['UNUSED_PRIVILEGE', 'INACTIVE_USER']","• Privilege is completely unused in application logs (0 accesses) (+40)
• User account is marked INACTIVE in HR database (+20)",REVOKE,"Role: Nurse | User Usage: 0 | Peer Avg: 4.4 | Peer Median: 1.5 | Diff: -4.4 | Last Used: Never | Evidence Codes: UNUSED_PRIVILEGE, INACTIVE_USER",REVOKE,REVOKE
ENT-5009,USR-1003,Administration,READ_WRITE,2026-05-29,ACTIVE,Deepak Martinez,Doctor,Permanent Staff,HR,ACTIVE,7,2026-08-26 19:02:39,6.6,7.0,14,0.4,0.4,10,LOW,['HIGH_PRIVILEGE'],• Elevated permission (READ_WRITE) assigned (+10),APPROVE,Role: Doctor | User Usage: 7 | Peer Avg: 6.6 | Peer Median: 7.0 | Diff: +0.4 | Last Used: 2026-08-26 19:02:39 | Evidence Codes: HIGH_PRIVILEGE,APPROVE,APPROVE
ENT-5010,USR-1003,Billing,READ,2026-06-06,ACTIVE,Deepak Martinez,Doctor,Permanent Staff,HR,ACTIVE,9,2026-09-03 00:32:39,9.5,10.5,12,-0.5,-0.5,0,LOW,[],• Standard low-risk usage aligned with peer role,APPROVE,Role: Doctor | User Usage: 9 | Peer Avg: 9.5 | Peer Median: 10.5 | Diff: -0.5 | Last Used: 2026-09-03 00:32:39 | Evidence Codes: NONE,APPROVE,APPROVE
ENT-5011,USR-1003,Pharmacy,ADMIN,2026-02-24,ACTIVE,Deepak Martinez,Doctor,Permanent Staff,HR,ACTIVE,0,Never,6.0,6.5,12,-6.0,-6.0,70,HIGH,"['UNUSED_PRIVILEGE', 'HIGH_PRIVILEGE']","• Privilege is completely unused in application logs (0 accesses) (+40)
• High-level permission (ADMIN) assigned (+30)",REVOKE,"Role: Doctor | User Usage: 0 | Peer Avg: 6.0 | Peer Median: 6.5 | Diff: -6.0 | Last Used: Never | Evidence Codes: UNUSED_PRIVILEGE, HIGH_PRIVILEGE",APPROVE,REVOKE
ENT-5012,USR-1003,Radiology,READ_WRITE,2026-01-14,ACTIVE,Deepak Martinez,Doctor,Permanent Staff,HR,ACTIVE,5,2026-08-04 13:00:39,6.4,6.0,17,-1.4,-1.4,10,LOW,['HIGH_PRIVILEGE'],• Elevated permission (READ_WRITE) assigned (+10),APPROVE,Role: Doctor | User Usage: 5 | Peer Avg: 6.4 | Peer Median: 6.0 | Diff: -1.4 | Last Used: 2026-08-04 13:00:39 | Evidence Codes: HIGH_PRIVILEGE,APPROVE,APPROVE
ENT-5013,USR-1004,Pharmacy,READ,2026-05-22,ACTIVE,Jessica Sharma,Consultant,Visiting Consultant,HR,ACTIVE,6,2026-08-31 03:00:39,3.7,0.0,13,2.3,2.3,0,LOW,[],• Standard low-risk usage aligned with peer role,APPROVE,Role: Consultant | User Usage: 6 | Peer Avg: 3.7 | Peer Median: 0.0 | Diff: +2.3 | Last Used: 2026-08-31 03:00:39 | Evidence Codes: NONE,APPROVE,APPROVE
ENT-5014,USR-1004,Billing,READ,2026-01-16,ACTIVE,Jessica Sharma,Consultant,Visiting Consultant,HR,ACTIVE,7,2026-08-13 13:07:39,7.4,7.0,16,-0.4,-0.4,0,LOW,[],• Standard low-risk usage aligned with peer role,APPROVE,Role: Consultant | User Usage: 7 | Peer Avg: 7.4 | Peer Median: 7.0 | Diff: -0.4 | Last Used: 2026-08-13 13:07:39 | Evidence Codes: NONE,APPROVE,APPROVE
ENT-5015,USR-1004,Administration,READ_WRITE,2026-02-15,ACTIVE,Jessica Sharma,Consultant,Visiting Consultant,HR,ACTIVE,9,2026-08-22 17:58:39,2.9,0.0,9,6.1,6.1,10,LOW,['HIGH_PRIVILEGE'],• Elevated permission (READ_WRITE) assigned (+10),APPROVE,Role: Consultant | User Usage: 9 | Peer Avg: 2.9 | Peer Median: 0.0 | Diff: +6.1 | Last Used: 2026-08-22 17:58:39 | Evidence Codes: HIGH_PRIVILEGE,APPROVE,APPROVE
ENT-5016,USR-1004,Laboratory,WRITE,2026-06-08,ACTIVE,Jessica Sharma,Consultant,Visiting Consultant,HR,ACTIVE,13,2026-09-03 19:59:39,8.0,9.0,11,5.0,5.0,0,LOW,[],• Standard low-risk usage aligned with peer role,APPROVE,Role: Consultant | User Usage: 13 | Peer Avg: 8.0 | Peer Median: 9.0 | Diff: +5.0 | Last Used: 2026-09-03 19:59:39 | Evidence Codes: NONE,APPROVE,APPROVE
ENT-5017,USR-1004,HR,READ,2026-06-20,ACTIVE,Jessica Sharma,Consultant,Visiting Consultant,HR,ACTIVE,8,2026-08-24 18:08:39,9.4,9.0,13,-1.4,-1.4,0,LOW,[],• Standard low-risk usage aligned with peer role,APPROVE,Role: Consultant | User Usage: 8 | Peer Avg: 9.4 | Peer Median: 9.0 | Diff: -1.4 | Last Used: 2026-08-24 18:08:39 | Evidence Codes: NONE,APPROVE,APPROVE
ENT-5018,USR-1005,HR,READ,2025-11-19,ACTIVE,Michael Smith,Nurse,Permanent Staff,HR,ACTIVE,10,2026-08-15 18:17:39,8.5,10.0,12,1.5,1.5,0,LOW,[],• Standard low-risk usage aligned with peer role,APPROVE,Role: Nurse | User Usage: 10 | Peer Avg: 8.5 | Peer Median: 10.0 | Diff: +1.5 | Last Used: 2026-08-15 18:17:39 | Evidence Codes: NONE,APPROVE,APPROVE
ENT-5019,USR-1005,Radiology,READ,2025-12-08,ACTIVE,Michael Smith,Nurse,Permanent Staff,HR,ACTIVE,15,2026-08-27 19:46:39,8.8,9.0,15,6.2,6.2,0,LOW,[],• Standard low-risk usage aligned with peer role,APPROVE,Role: Nurse | User Usage: 15 | Peer Avg: 8.8 | Peer Median: 9.0 | Diff: +6.2 | Last Used: 2026-08-27 19:46:39 | Evidence Codes: NONE,APPROVE,APPROVE
ENT-5020,USR-1006,Patient Records,READ,2026-06-15,ACTIVE,Divya Kumar,Doctor,Outsourced Technician,Emergency,INACTIVE,11,2026-09-02 10:08:39,6.3,8.0,16,4.7,4.7,20,LOW,['INACTIVE_USER'],• User account is marked INACTIVE in HR database (+20),APPROVE,Role: Doctor | User Usage: 11 | Peer Avg: 6.3 | Peer Median: 8.0 | Diff: +4.7 | Last Used: 2026-09-02 10:08:39 | Evidence Codes: INACTIVE_USER,REVOKE,APPROVE
ENT-5021,USR-1006,Pharmacy,ADMIN,2026-05-08,ACTIVE,Divya Kumar,Doctor,Outsourced Technician,Emergency,INACTIVE,12,2026-08-31 05:35:39,6.0,6.5,12,6.0,6.0,50,MEDIUM,"['HIGH_PRIVILEGE', 'INACTIVE_USER']","• High-level permission (ADMIN) assigned (+30)
• User account is marked INACTIVE in HR database (+20)",REVIEW,"Role: Doctor | User Usage: 12 | Peer Avg: 6.0 | Peer Median: 6.5 | Diff: +6.0 | Last Used: 2026-08-31 05:35:39 | Evidence Codes: HIGH_PRIVILEGE, INACTIVE_USER",REVOKE,MODIFY
ENT-5022,USR-1006,Laboratory,READ,2026-08-16,ACTIVE,Divya Kumar,Doctor,Outsourced Technician,Emergency,INACTIVE,0,Never,5.5,5.5,16,-5.5,-5.5,70,HIGH,"['UNUSED_PRIVILEGE', 'INACTIVE_USER', 'RECENTLY_GRANTED']","• Privilege is completely unused in application logs (0 accesses) (+40)
• User account is marked INACTIVE in HR database (+20)
• Privilege recently granted within past 30 days (2026-08-16) (+10)",REVOKE,"Role: Doctor | User Usage: 0 | Peer Avg: 5.5 | Peer Median: 5.5 | Diff: -5.5 | Last Used: Never | Evidence Codes: UNUSED_PRIVILEGE, INACTIVE_USER, RECENTLY_GRANTED",REVOKE,REVOKE
ENT-5023,USR-1006,Radiology,WRITE,2026-02-19,ACTIVE,Divya Kumar,Doctor,Outsourced Technician,Emergency,INACTIVE,0,Never,6.4,6.0,17,-6.4,-6.4,60,HIGH,"['UNUSED_PRIVILEGE', 'INACTIVE_USER']","• Privilege is completely unused in application logs (0 accesses) (+40)
• User account is marked INACTIVE in HR database (+20)",REVOKE,"Role: Doctor | User Usage: 0 | Peer Avg: 6.4 | Peer Median: 6.0 | Diff: -6.4 | Last Used: Never | Evidence Codes: UNUSED_PRIVILEGE, INACTIVE_USER",REVOKE,REVOKE
ENT-5024,USR-1007,Laboratory,ADMIN,2026-07-10,ACTIVE,James Martinez,Radiology Technician,Permanent Staff,Emergency,ACTIVE,11,2026-08-11 15:03:39,7.6,9.5,14,3.4,3.4,30,MEDIUM,['HIGH_PRIVILEGE'],• High-level permission (ADMIN) assigned (+30),REVIEW,Role: Radiology Technician | User Usage: 11 | Peer Avg: 7.6 | Peer Median: 9.5 | Diff: +3.4 | Last Used: 2026-08-11 15:03:39 | Evidence Codes: HIGH_PRIVILEGE,APPROVE,MODIFY
ENT-5025,USR-1007,Pharmacy,WRITE,2026-06-16,ACTIVE,James Martinez,Radiology Technician,Permanent Staff,Emergency,ACTIVE,11,2026-08-30 16:40:39,10.3,10.5,18,0.7,0.7,0,LOW,[],• Standard low-risk usage aligned with peer role,APPROVE,Role: Radiology Technician | User Usage: 11 | Peer Avg: 10.3 | Peer Median: 10.5 | Diff: +0.7 | Last Used: 2026-08-30 16:40:39 | Evidence Codes: NONE,APPROVE,APPROVE
ENT-5026,USR-1008,Administration,WRITE,2026-08-27,ACTIVE,Meera Patel,Intern,Intern,Emergency,ACTIVE,11,2026-09-03 02:13:39,9.0,9.5,10,2.0,2.0,10,LOW,['RECENTLY_GRANTED'],• Privilege recently granted within past 30 days (2026-08-27) (+10),APPROVE,Role: Intern | User Usage: 11 | Peer Avg: 9.0 | Peer Median: 9.5 | Diff: +2.0 | Last Used: 2026-09-03 02:13:39 | Evidence Codes: RECENTLY_GRANTED,APPROVE,APPROVE
ENT-5027,USR-1008,Radiology,ADMIN,2026-05-11,ACTIVE,Meera Patel,Intern,Intern,Emergency,ACTIVE,12,2026-09-03 20:20:39,8.6,10.0,11,3.4,3.4,30,MEDIUM,['HIGH_PRIVILEGE'],• High-level permission (ADMIN) assigned (+30),REVIEW,Role: Intern | User Usage: 12 | Peer Avg: 8.6 | Peer Median: 10.0 | Diff: +3.4 | Last Used: 2026-09-03 20:20:39 | Evidence Codes: HIGH_PRIVILEGE,APPROVE,MODIFY
ENT-5028,USR-1008,Pharmacy,WRITE,2025-12-02,ACTIVE,Meera Patel,Intern,Intern,Emergency,ACTIVE,3,2026-08-13 07:07:39,8.3,11.0,11,-5.3,-5.3,0,LOW,[],• Standard low-risk usage aligned with peer role,APPROVE,Role: Intern | User Usage: 3 | Peer Avg: 8.3 | Peer Median: 11.0 | Diff: -5.3 | Last Used: 2026-08-13 07:07:39 | Evidence Codes: NONE,APPROVE,APPROVE
ENT-5029,USR-1008,HR,READ,2026-04-30,ACTIVE,Meera Patel,Intern,Intern,Emergency,ACTIVE,0,Never,5.6,3.0,16,-5.6,-5.6,40,MEDIUM,['UNUSED_PRIVILEGE'],• Privilege is completely unused in application logs (0 accesses) (+40),REVIEW,Role: Intern | User Usage: 0 | Peer Avg: 5.6 | Peer Median: 3.0 | Diff: -5.6 | Last Used: Never | Evidence Codes: UNUSED_PRIVILEGE,APPROVE,REVOKE
ENT-5030,USR-1009,Pharmacy,WRITE,2026-01-07,REVOKED,James Johnson,Consultant,Visiting Consultant,Billing,ACTIVE,0,Never,3.7,0.0,13,-3.7,-3.7,40,MEDIUM,['UNUSED_PRIVILEGE'],• Privilege is completely unused in application logs (0 accesses) (+40),REVIEW,Role: Consultant | User Usage: 0 | Peer Avg: 3.7 | Peer Median: 0.0 | Diff: -3.7 | Last Used: Never | Evidence Codes: UNUSED_PRIVILEGE,APPROVE,REVOKE
ENT-5031,USR-1009,Radiology,READ,2025-12-17,ACTIVE,James Johnson,Consultant,Visiting Consultant,Billing,ACTIVE,9,2026-08-21 17:41:39,6.9,8.5,8,2.1,2.1,0,LOW,[],• Standard low-risk usage aligned with peer role,APPROVE,Role: Consultant | User Usage: 9 | Peer Avg: 6.9 | Peer Median: 8.5 | Diff: +2.1 | Last Used: 2026-08-21 17:41:39 | Evidence Codes: NONE,APPROVE,APPROVE
ENT-5032,USR-1010,HR,WRITE,2026-06-17,ACTIVE,David Patel,Consultant,Visiting Consultant,Radiology,ACTIVE,13,2026-09-01 11:12:39,9.4,9.0,13,3.6,3.6,0,LOW,[],• Standard low-risk usage aligned with peer role,APPROVE,Role: Consultant | User Usage: 13 | Peer Avg: 9.4 | Peer Median: 9.0 | Diff: +3.6 | Last Used: 2026-09-01 11:12:39 | Evidence Codes: NONE,APPROVE,APPROVE
ENT-5033,USR-1010,Billing,ADMIN,2026-03-02,ACTIVE,David Patel,Consultant,Visiting Consultant,Radiology,ACTIVE,7,2026-08-21 21:40:39,7.4,7.0,16,-0.4,-0.4,30,MEDIUM,['HIGH_PRIVILEGE'],• High-level permission (ADMIN) assigned (+30),REVIEW,Role: Consultant | User Usage: 7 | Peer Avg: 7.4 | Peer Median: 7.0 | Diff: -0.4 | Last Used: 2026-08-21 21:40:39 | Evidence Codes: HIGH_PRIVILEGE,APPROVE,MODIFY
ENT-5034,USR-1011,Pharmacy,READ,2025-11-24,ACTIVE,Stephanie Davis,Intern,Intern,Billing,ACTIVE,0,Never,8.3,11.0,11,-8.3,-8.3,40,MEDIUM,['UNUSED_PRIVILEGE'],• Privilege is completely unused in application logs (0 accesses) (+40),REVIEW,Role: Intern | User Usage: 0 | Peer Avg: 8.3 | Peer Median: 11.0 | Diff: -8.3 | Last Used: Never | Evidence Codes: UNUSED_PRIVILEGE,APPROVE,REVOKE
ENT-5035,USR-1011,HR,READ,2025-11-19,REVOKED,Stephanie Davis,Intern,Intern,Billing,ACTIVE,0,Never,5.6,3.0,16,-5.6,-5.6,40,MEDIUM,['UNUSED_PRIVILEGE'],• Privilege is completely unused in application logs (0 accesses) (+40),REVIEW,Role: Intern | User Usage: 0 | Peer Avg: 5.6 | Peer Median: 3.0 | Diff: -5.6 | Last Used: Never | Evidence Codes: UNUSED_PRIVILEGE,APPROVE,REVOKE
ENT-5036,USR-1011,Patient Records,READ,2026-08-07,ACTIVE,Stephanie Davis,Intern,Intern,Billing,ACTIVE,9,2026-08-29 16:52:39,7.6,9.0,11,1.4,1.4,10,LOW,['RECENTLY_GRANTED'],• Privilege recently granted within past 30 days (2026-08-07) (+10),APPROVE,Role: Intern | User Usage: 9 | Peer Avg: 7.6 | Peer Median: 9.0 | Diff: +1.4 | Last Used: 2026-08-29 16:52:39 | Evidence Codes: RECENTLY_GRANTED,APPROVE,APPROVE
ENT-5037,USR-1011,Laboratory,READ,2026-04-22,ACTIVE,Stephanie Davis,Intern,Intern,Billing,ACTIVE,0,Never,8.2,9.0,13,-8.2,-8.2,40,MEDIUM,['UNUSED_PRIVILEGE'],• Privilege is completely unused in application logs (0 accesses) (+40),REVIEW,Role: Intern | User Usage: 0 | Peer Avg: 8.2 | Peer Median: 9.0 | Diff: -8.2 | Last Used: Never | Evidence Codes: UNUSED_PRIVILEGE,APPROVE,REVOKE
ENT-5038,USR-1011,Billing,WRITE,2026-07-26,ACTIVE,Stephanie Davis,Intern,Intern,Billing,ACTIVE,9,2026-09-03 07:52:39,6.6,8.5,8,2.4,2.4,0,LOW,[],• Standard low-risk usage aligned with peer role,APPROVE,Role: Intern | User Usage: 9 | Peer Avg: 6.6 | Peer Median: 8.5 | Diff: +2.4 | Last Used: 2026-09-03 07:52:39 | Evidence Codes: NONE,APPROVE,APPROVE
ENT-5039,USR-1012,Administration,READ,2026-03-12,ACTIVE,Jessica Smith,Pharmacist,Outsourced Technician,Emergency,ACTIVE,0,Never,5.6,7.0,13,-5.6,-5.6,40,MEDIUM,['UNUSED_PRIVILEGE'],• Privilege is completely unused in application logs (0 accesses) (+40),REVIEW,Role: Pharmacist | User Usage: 0 | Peer Avg: 5.6 | Peer Median: 7.0 | Diff: -5.6 | Last Used: Never | Evidence Codes: UNUSED_PRIVILEGE,APPROVE,REVOKE
ENT-5040,USR-1012,Billing,WRITE,2026-03-09,ACTIVE,Jessica Smith,Pharmacist,Outsourced Technician,Emergency,ACTIVE,9,2026-09-02 17:55:39,6.2,6.5,14,2.8,2.8,0,LOW,[],• Standard low-risk usage aligned with peer role,APPROVE,Role: Pharmacist | User Usage: 9 | Peer Avg: 6.2 | Peer Median: 6.5 | Diff: +2.8 | Last Used: 2026-09-02 17:55:39 | Evidence Codes: NONE,APPROVE,APPROVE
ENT-5041,USR-1013,Administration,READ,2025-12-27,ACTIVE,Robert Smith,Intern,Intern,Administration,ACTIVE,0,Never,9.0,9.5,10,-9.0,-9.0,40,MEDIUM,['UNUSED_PRIVILEGE'],• Privilege is completely unused in application logs (0 accesses) (+40),REVIEW,Role: Intern | User Usage: 0 | Peer Avg: 9.0 | Peer Median: 9.5 | Diff: -9.0 | Last Used: Never | Evidence Codes: UNUSED_PRIVILEGE,APPROVE,REVOKE
ENT-5042,USR-1013,HR,READ,2026-07-28,ACTIVE,Robert Smith,Intern,Intern,Administration,ACTIVE,9,2026-08-21 00:22:39,5.6,3.0,16,3.4,3.4,0,LOW,[],• Standard low-risk usage aligned with peer role,APPROVE,Role: Intern | User Usage: 9 | Peer Avg: 5.6 | Peer Median: 3.0 | Diff: +3.4 | Last Used: 2026-08-21 00:22:39 | Evidence Codes: NONE,APPROVE,APPROVE
ENT-5043,USR-1013,Radiology,READ,2026-08-11,ACTIVE,Robert Smith,Intern,Intern,Administration,ACTIVE,0,Never,8.6,10.0,11,-8.6,-8.6,50,MEDIUM,"['UNUSED_PRIVILEGE', 'RECENTLY_GRANTED']","• Privilege is completely unused in application logs (0 accesses) (+40)
• Privilege recently granted within past 30 days (2026-08-11) (+10)",REVIEW,"Role: Intern | User Usage: 0 | Peer Avg: 8.6 | Peer Median: 10.0 | Diff: -8.6 | Last Used: Never | Evidence Codes: UNUSED_PRIVILEGE, RECENTLY_GRANTED",APPROVE,REVOKE
ENT-5044,USR-1014,Administration,READ,2026-03-21,ACTIVE,Karan Gupta,Lab Technician,Permanent Staff,Radiology,ACTIVE,6,2026-09-02 13:20:39,7.7,8.0,13,-1.7,-1.7,0,LOW,[],• Standard low-risk usage aligned with peer role,APPROVE,Role: Lab Technician | User Usage: 6 | Peer Avg: 7.7 | Peer Median: 8.0 | Diff: -1.7 | Last Used: 2026-09-02 13:20:39 | Evidence Codes: NONE,APPROVE,APPROVE
ENT-5045,USR-1014,Pharmacy,WRITE,2025-11-24,ACTIVE,Karan Gupta,Lab Technician,Permanent Staff,Radiology,ACTIVE,13,2026-08-25 05:30:39,8.3,9.0,15,4.7,4.7,0,LOW,[],• Standard low-risk usage aligned with peer role,APPROVE,Role: Lab Technician | User Usage: 13 | Peer Avg: 8.3 | Peer Median: 9.0 | Diff: +4.7 | Last Used: 2026-08-25 05:30:39 | Evidence Codes: NONE,APPROVE,APPROVE
ENT-5046,USR-1015,Administration,READ_WRITE,2026-02-28,ACTIVE,Nikhil Brown,Pharmacist,Outsourced Technician,Radiology,ACTIVE,11,2026-08-17 08:08:39,5.6,7.0,13,5.4,5.4,10,LOW,['HIGH_PRIVILEGE'],• Elevated permission (READ_WRITE) assigned (+10),APPROVE,Role: Pharmacist | User Usage: 11 | Peer Avg: 5.6 | Peer Median: 7.0 | Diff: +5.4 | Last Used: 2026-08-17 08:08:39 | Evidence Codes: HIGH_PRIVILEGE,APPROVE,APPROVE
ENT-5047,USR-1015,HR,ADMIN,2026-03-13,ACTIVE,Nikhil Brown,Pharmacist,Outsourced Technician,Radiology,ACTIVE,14,2026-09-02 21:26:39,7.7,9.0,12,6.3,6.3,30,MEDIUM,['HIGH_PRIVILEGE'],• High-level permission (ADMIN) assigned (+30),REVIEW,Role: Pharmacist | User Usage: 14 | Peer Avg: 7.7 | Peer Median: 9.0 | Diff: +6.3 | Last Used: 2026-09-02 21:26:39 | Evidence Codes: HIGH_PRIVILEGE,APPROVE,MODIFY
ENT-5048,USR-1016,Radiology,READ_WRITE,2026-05-26,ACTIVE,Michael Verma,Nurse,Permanent Staff,Pharmacy,ACTIVE,16,2026-08-30 07:23:39,8.8,9.0,15,7.2,7.2,10,LOW,['HIGH_PRIVILEGE'],• Elevated permission (READ_WRITE) assigned (+10),APPROVE,Role: Nurse | User Usage: 16 | Peer Avg: 8.8 | Peer Median: 9.0 | Diff: +7.2 | Last Used: 2026-08-30 07:23:39 | Evidence Codes: HIGH_PRIVILEGE,APPROVE,APPROVE
ENT-5049,USR-1016,Administration,WRITE,2025-12-07,ACTIVE,Michael Verma,Nurse,Permanent Staff,Pharmacy,ACTIVE,10,2026-08-31 12:22:39,4.4,1.5,10,5.6,5.6,0,LOW,[],• Standard low-risk usage aligned with peer role,APPROVE,Role: Nurse | User Usage: 10 | Peer Avg: 4.4 | Peer Median: 1.5 | Diff: +5.6 | Last Used: 2026-08-31 12:22:39 | Evidence Codes: NONE,APPROVE,APPROVE
ENT-5050,USR-1016,HR,ADMIN,2026-01-24,REVOKED,Michael Verma,Nurse,Permanent Staff,Pharmacy,ACTIVE,0,Never,8.5,10.0,12,-8.5,-8.5,70,HIGH,"['UNUSED_PRIVILEGE', 'HIGH_PRIVILEGE']","• Privilege is completely unused in application logs (0 accesses) (+40)
• High-level permission (ADMIN) assigned (+30)",REVOKE,"Role: Nurse | User Usage: 0 | Peer Avg: 8.5 | Peer Median: 10.0 | Diff: -8.5 | Last Used: Never | Evidence Codes: UNUSED_PRIVILEGE, HIGH_PRIVILEGE",APPROVE,REVOKE
ENT-5051,USR-1016,Billing,WRITE,2026-05-29,ACTIVE,Michael Verma,Nurse,Permanent Staff,Pharmacy,ACTIVE,0,Never,4.9,2.5,8,-4.9,-4.9,40,MEDIUM,['UNUSED_PRIVILEGE'],• Privilege is completely unused in application logs (0 accesses) (+40),REVIEW,Role: Nurse | User Usage: 0 | Peer Avg: 4.9 | Peer Median: 2.5 | Diff: -4.9 | Last Used: Never | Evidence Codes: UNUSED_PRIVILEGE,APPROVE,REVOKE
ENT-5052,USR-1017,Patient Records,READ_WRITE,2026-01-23,ACTIVE,Amit Martinez,Billing Staff,Outsourced Technician,ICU,ACTIVE,15,2026-08-28 20:17:39,8.8,11.0,13,6.2,6.2,10,LOW,['HIGH_PRIVILEGE'],• Elevated permission (READ_WRITE) assigned (+10),APPROVE,Role: Billing Staff | User Usage: 15 | Peer Avg: 8.8 | Peer Median: 11.0 | Diff: +6.2 | Last Used: 2026-08-28 20:17:39 | Evidence Codes: HIGH_PRIVILEGE,APPROVE,APPROVE
ENT-5053,USR-1017,Administration,WRITE,2026-01-13,REVOKED,Amit Martinez,Billing Staff,Outsourced Technician,ICU,ACTIVE,0,Never,9.8,10.5,8,-9.8,-9.8,40,MEDIUM,['UNUSED_PRIVILEGE'],• Privilege is completely unused in application logs (0 accesses) (+40),REVIEW,Role: Billing Staff | User Usage: 0 | Peer Avg: 9.8 | Peer Median: 10.5 | Diff: -9.8 | Last Used: Never | Evidence Codes: UNUSED_PRIVILEGE,APPROVE,REVOKE
ENT-5054,USR-1017,Laboratory,READ,2026-03-02,ACTIVE,Amit Martinez,Billing Staff,Outsourced Technician,ICU,ACTIVE,8,2026-08-31 01:20:39,7.5,9.0,11,0.5,0.5,0,LOW,[],• Standard low-risk usage aligned with peer role,APPROVE,Role: Billing Staff | User Usage: 8 | Peer Avg: 7.5 | Peer Median: 9.0 | Diff: +0.5 | Last Used: 2026-08-31 01:20:39 | Evidence Codes: NONE,APPROVE,APPROVE
ENT-5055,USR-1017,Billing,WRITE,2026-07-31,REVOKED,Amit Martinez,Billing Staff,Outsourced Technician,ICU,ACTIVE,0,Never,6.5,6.0,11,-6.5,-6.5,40,MEDIUM,['UNUSED_PRIVILEGE'],• Privilege is completely unused in application logs (0 accesses) (+40),REVIEW,Role: Billing Staff | User Usage: 0 | Peer Avg: 6.5 | Peer Median: 6.0 | Diff: -6.5 | Last Used: Never | Evidence Codes: UNUSED_PRIVILEGE,APPROVE,REVOKE
ENT-5056,USR-1018,Laboratory,READ,2026-01-17,REVOKED,Michael Kumar,Radiology Technician,Permanent Staff,Laboratory,ACTIVE,0,Never,7.6,9.5,14,-7.6,-7.6,40,MEDIUM,['UNUSED_PRIVILEGE'],• Privilege is completely unused in application logs (0 accesses) (+40),REVIEW,Role: Radiology Technician | User Usage: 0 | Peer Avg: 7.6 | Peer Median: 9.5 | Diff: -7.6 | Last Used: Never | Evidence Codes: UNUSED_PRIVILEGE,APPROVE,REVOKE
ENT-5057,USR-1018,Billing,ADMIN,2026-02-23,ACTIVE,Michael Kumar,Radiology Technician,Permanent Staff,Laboratory,ACTIVE,15,2026-08-24 22:17:39,9.6,10.5,16,5.4,5.4,30,MEDIUM,['HIGH_PRIVILEGE'],• High-level permission (ADMIN) assigned (+30),REVIEW,Role: Radiology Technician | User Usage: 15 | Peer Avg: 9.6 | Peer Median: 10.5 | Diff: +5.4 | Last Used: 2026-08-24 22:17:39 | Evidence Codes: HIGH_PRIVILEGE,APPROVE,MODIFY
ENT-5058,USR-1018,Pharmacy,READ,2026-08-13,ACTIVE,Michael Kumar,Radiology Technician,Permanent Staff,Laboratory,ACTIVE,13,2026-08-29 22:50:39,10.3,10.5,18,2.7,2.7,10,LOW,['RECENTLY_GRANTED'],• Privilege recently granted within past 30 days (2026-08-13) (+10),APPROVE,Role: Radiology Technician | User Usage: 13 | Peer Avg: 10.3 | Peer Median: 10.5 | Diff: +2.7 | Last Used: 2026-08-29 22:50:39 | Evidence Codes: RECENTLY_GRANTED,APPROVE,APPROVE
ENT-5059,USR-1018,Patient Records,READ,2026-02-21,ACTIVE,Michael Kumar,Radiology Technician,Permanent Staff,Laboratory,ACTIVE,13,2026-09-02 17:37:39,5.3,7.0,17,7.7,7.7,0,LOW,[],• Standard low-risk usage aligned with peer role,APPROVE,Role: Radiology Technician | User Usage: 13 | Peer Avg: 5.3 | Peer Median: 7.0 | Diff: +7.7 | Last Used: 2026-09-02 17:37:39 | Evidence Codes: NONE,APPROVE,APPROVE
ENT-5060,USR-1018,Radiology,READ,2025-11-09,ACTIVE,Michael Kumar,Radiology Technician,Permanent Staff,Laboratory,ACTIVE,3,2026-08-17 01:52:39,5.8,5.0,13,-2.8,-2.8,0,LOW,[],• Standard low-risk usage aligned with peer role,APPROVE,Role: Radiology Technician | User Usage: 3 | Peer Avg: 5.8 | Peer Median: 5.0 | Diff: -2.8 | Last Used: 2026-08-17 01:52:39 | Evidence Codes: NONE,APPROVE,APPROVE
ENT-5061,USR-1019,Radiology,READ,2026-08-16,ACTIVE,Emily Kumar,Consultant,Visiting Consultant,Emergency,ACTIVE,6,2026-08-14 15:14:39,6.9,8.5,8,-0.9,-0.9,10,LOW,['RECENTLY_GRANTED'],• Privilege recently granted within past 30 days (2026-08-16) (+10),APPROVE,Role: Consultant | User Usage: 6 | Peer Avg: 6.9 | Peer Median: 8.5 | Diff: -0.9 | Last Used: 2026-08-14 15:14:39 | Evidence Codes: RECENTLY_GRANTED,APPROVE,APPROVE
ENT-5062,USR-1019,Laboratory,WRITE,2026-02-12,ACTIVE,Emily Kumar,Consultant,Visiting Consultant,Emergency,ACTIVE,9,2026-08-07 13:59:39,8.0,9.0,11,1.0,1.0,0,LOW,[],• Standard low-risk usage aligned with peer role,APPROVE,Role: Consultant | User Usage: 9 | Peer Avg: 8.0 | Peer Median: 9.0 | Diff: +1.0 | Last Used: 2026-08-07 13:59:39 | Evidence Codes: NONE,APPROVE,APPROVE
ENT-5063,USR-1019,HR,ADMIN,2026-04-18,ACTIVE,Emily Kumar,Consultant,Visiting Consultant,Emergency,ACTIVE,16,2026-08-29 12:50:39,9.4,9.0,13,6.6,6.6,30,MEDIUM,['HIGH_PRIVILEGE'],• High-level permission (ADMIN) assigned (+30),REVIEW,Role: Consultant | User Usage: 16 | Peer Avg: 9.4 | Peer Median: 9.0 | Diff: +6.6 | Last Used: 2026-08-29 12:50:39 | Evidence Codes: HIGH_PRIVILEGE,APPROVE,MODIFY
ENT-5064,USR-1019,Pharmacy,READ_WRITE,2026-04-05,ACTIVE,Emily Kumar,Consultant,Visiting Consultant,Emergency,ACTIVE,11,2026-09-02 09:41:39,3.7,0.0,13,7.3,7.3,10,LOW,['HIGH_PRIVILEGE'],• Elevated permission (READ_WRITE) assigned (+10),APPROVE,Role: Consultant | User Usage: 11 | Peer Avg: 3.7 | Peer Median: 0.0 | Diff: +7.3 | Last Used: 2026-09-02 09:41:39 | Evidence Codes: HIGH_PRIVILEGE,APPROVE,APPROVE
ENT-5065,USR-1020,Pharmacy,READ_WRITE,2026-01-14,ACTIVE,Divya Reddy,Consultant,Visiting Consultant,Billing,ACTIVE,8,2026-08-31 12:23:39,3.7,0.0,13,4.3,4.3,10,LOW,['HIGH_PRIVILEGE'],• Elevated permission (READ_WRITE) assigned (+10),APPROVE,Role: Consultant | User Usage: 8 | Peer Avg: 3.7 | Peer Median: 0.0 | Diff: +4.3 | Last Used: 2026-08-31 12:23:39 | Evidence Codes: HIGH_PRIVILEGE,APPROVE,APPROVE
ENT-5066,USR-1020,Patient Records,READ,2026-03-19,ACTIVE,Divya Reddy,Consultant,Visiting Consultant,Billing,ACTIVE,12,2026-08-31 22:36:39,9.2,10.0,11,2.8,2.8,0,LOW,[],• Standard low-risk usage aligned with peer role,APPROVE,Role: Consultant | User Usage: 12 | Peer Avg: 9.2 | Peer Median: 10.0 | Diff: +2.8 | Last Used: 2026-08-31 22:36:39 | Evidence Codes: NONE,APPROVE,APPROVE
ENT-5067,USR-1020,Administration,READ,2025-11-21,ACTIVE,Divya Reddy,Consultant,Visiting Consultant,Billing,ACTIVE,0,Never,2.9,0.0,9,-2.9,-2.9,40,MEDIUM,['UNUSED_PRIVILEGE'],• Privilege is completely unused in application logs (0 accesses) (+40),REVIEW,Role: Consultant | User Usage: 0 | Peer Avg: 2.9 | Peer Median: 0.0 | Diff: -2.9 | Last Used: Never | Evidence Codes: UNUSED_PRIVILEGE,APPROVE,REVOKE
ENT-5068,USR-1020,HR,READ,2026-06-10,ACTIVE,Divya Reddy,Consultant,Visiting Consultant,Billing,ACTIVE,10,2026-08-05 08:48:39,9.4,9.0,13,0.6,0.6,0,LOW,[],• Standard low-risk usage aligned with peer role,APPROVE,Role: Consultant | User Usage: 10 | Peer Avg: 9.4 | Peer Median: 9.0 | Diff: +0.6 | Last Used: 2026-08-05 08:48:39 | Evidence Codes: NONE,APPROVE,APPROVE
ENT-5069,USR-1020,Billing,READ,2026-06-01,ACTIVE,Divya Reddy,Consultant,Visiting Consultant,Billing,ACTIVE,7,2026-08-30 13:44:39,7.4,7.0,16,-0.4,-0.4,0,LOW,[],• Standard low-risk usage aligned with peer role,APPROVE,Role: Consultant | User Usage: 7 | Peer Avg: 7.4 | Peer Median: 7.0 | Diff: -0.4 | Last Used: 2026-08-30 13:44:39 | Evidence Codes: NONE,APPROVE,APPROVE
ENT-5070,USR-1021,Patient Records,READ_WRITE,2025-12-20,REVOKED,Stephanie Miller,Doctor,Outsourced Technician,Administration,INACTIVE,0,Never,6.3,8.0,16,-6.3,-6.3,70,HIGH,"['UNUSED_PRIVILEGE', 'HIGH_PRIVILEGE', 'INACTIVE_USER']","• Privilege is completely unused in application logs (0 accesses) (+40)
• Elevated permission (READ_WRITE) assigned (+10)
• User account is marked INACTIVE in HR database (+20)",REVOKE,"Role: Doctor | User Usage: 0 | Peer Avg: 6.3 | Peer Median: 8.0 | Diff: -6.3 | Last Used: Never | Evidence Codes: UNUSED_PRIVILEGE, HIGH_PRIVILEGE, INACTIVE_USER",REVOKE,REVOKE
ENT-5071,USR-1021,Pharmacy,WRITE,2026-02-22,ACTIVE,Stephanie Miller,Doctor,Outsourced Technician,Administration,INACTIVE,0,Never,6.0,6.5,12,-6.0,-6.0,60,HIGH,"['UNUSED_PRIVILEGE', 'INACTIVE_USER']","• Privilege is completely unused in application logs (0 accesses) (+40)
• User account is marked INACTIVE in HR database (+20)",REVOKE,"Role: Doctor | User Usage: 0 | Peer Avg: 6.0 | Peer Median: 6.5 | Diff: -6.0 | Last Used: Never | Evidence Codes: UNUSED_PRIVILEGE, INACTIVE_USER",REVOKE,REVOKE
ENT-5072,USR-1021,HR,READ,2026-06-24,ACTIVE,Stephanie Miller,Doctor,Outsourced Technician,Administration,INACTIVE,12,2026-08-17 08:42:39,9.7,9.5,18,2.3,2.3,20,LOW,['INACTIVE_USER'],• User account is marked INACTIVE in HR database (+20),APPROVE,Role: Doctor | User Usage: 12 | Peer Avg: 9.7 | Peer Median: 9.5 | Diff: +2.3 | Last Used: 2026-08-17 08:42:39 | Evidence Codes: INACTIVE_USER,REVOKE,APPROVE
ENT-5073,USR-1022,Patient Records,WRITE,2025-12-27,ACTIVE,Robert Joshi,Intern,Intern,ICU,ACTIVE,10,2026-08-31 21:28:39,7.6,9.0,11,2.4,2.4,0,LOW,[],• Standard low-risk usage aligned with peer role,APPROVE,Role: Intern | User Usage: 10 | Peer Avg: 7.6 | Peer Median: 9.0 | Diff: +2.4 | Last Used: 2026-08-31 21:28:39 | Evidence Codes: NONE,APPROVE,APPROVE
ENT-5074,USR-1022,Laboratory,READ,2025-11-08,REVOKED,Robert Joshi,Intern,Intern,ICU,ACTIVE,0,Never,8.2,9.0,13,-8.2,-8.2,40,MEDIUM,['UNUSED_PRIVILEGE'],• Privilege is completely unused in application logs (0 accesses) (+40),REVIEW,Role: Intern | User Usage: 0 | Peer Avg: 8.2 | Peer Median: 9.0 | Diff: -8.2 | Last Used: Never | Evidence Codes: UNUSED_PRIVILEGE,APPROVE,REVOKE
ENT-5075,USR-1023,HR,READ,2026-03-06,ACTIVE,Rohan Patel,Billing Staff,Permanent Staff,Pharmacy,ACTIVE,8,2026-08-28 11:00:39,6.6,8.0,9,1.4,1.4,0,LOW,[],• Standard low-risk usage aligned with peer role,APPROVE,Role: Billing Staff | User Usage: 8 | Peer Avg: 6.6 | Peer Median: 8.0 | Diff: +1.4 | Last Used: 2026-08-28 11:00:39 | Evidence Codes: NONE,APPROVE,APPROVE
ENT-5076,USR-1023,Patient Records,READ,2025-11-20,ACTIVE,Rohan Patel,Billing Staff,Permanent Staff,Pharmacy,ACTIVE,11,2026-08-28 17:16:39,8.8,11.0,13,2.2,2.2,0,LOW,[],• Standard low-risk usage aligned with peer role,APPROVE,Role: Billing Staff | User Usage: 11 | Peer Avg: 8.8 | Peer Median: 11.0 | Diff: +2.2 | Last Used: 2026-08-28 17:16:39 | Evidence Codes: NONE,APPROVE,APPROVE
ENT-5077,USR-1023,Radiology,READ_WRITE,2026-06-24,ACTIVE,Rohan Patel,Billing Staff,Permanent Staff,Pharmacy,ACTIVE,6,2026-08-31 09:08:39,6.6,7.5,14,-0.6,-0.6,10,LOW,['HIGH_PRIVILEGE'],• Elevated permission (READ_WRITE) assigned (+10),APPROVE,Role: Billing Staff | User Usage: 6 | Peer Avg: 6.6 | Peer Median: 7.5 | Diff: -0.6 | Last Used: 2026-08-31 09:08:39 | Evidence Codes: HIGH_PRIVILEGE,APPROVE,APPROVE
ENT-5078,USR-1023,Billing,READ,2026-08-01,ACTIVE,Rohan Patel,Billing Staff,Permanent Staff,Pharmacy,ACTIVE,11,2026-08-26 16:01:39,6.5,6.0,11,4.5,4.5,0,LOW,[],• Standard low-risk usage aligned with peer role,APPROVE,Role: Billing Staff | User Usage: 11 | Peer Avg: 6.5 | Peer Median: 6.0 | Diff: +4.5 | Last Used: 2026-08-26 16:01:39 | Evidence Codes: NONE,APPROVE,APPROVE
ENT-5079,USR-1024,Laboratory,READ_WRITE,2026-05-06,ACTIVE,Swati Nair,Lab Technician,Outsourced Technician,Radiology,ACTIVE,11,2026-08-30 14:20:39,5.6,0.0,15,5.4,5.4,10,LOW,['HIGH_PRIVILEGE'],• Elevated permission (READ_WRITE) assigned (+10),APPROVE,Role: Lab Technician | User Usage: 11 | Peer Avg: 5.6 | Peer Median: 0.0 | Diff: +5.4 | Last Used: 2026-08-30 14:20:39 | Evidence Codes: HIGH_PRIVILEGE,APPROVE,APPROVE
ENT-5080,USR-1024,Pharmacy,READ,2026-04-06,ACTIVE,Swati Nair,Lab Technician,Outsourced Technician,Radiology,ACTIVE,10,2026-09-01 19:11:39,8.3,9.0,15,1.7,1.7,0,LOW,[],• Standard low-risk usage aligned with peer role,APPROVE,Role: Lab Technician | User Usage: 10 | Peer Avg: 8.3 | Peer Median: 9.0 | Diff: +1.7 | Last Used: 2026-09-01 19:11:39 | Evidence Codes: NONE,APPROVE,APPROVE
ENT-5081,USR-1024,HR,READ_WRITE,2025-11-20,ACTIVE,Swati Nair,Lab Technician,Outsourced Technician,Radiology,ACTIVE,11,2026-08-30 17:10:39,7.1,8.0,15,3.9,3.9,10,LOW,['HIGH_PRIVILEGE'],• Elevated permission (READ_WRITE) assigned (+10),APPROVE,Role: Lab Technician | User Usage: 11 | Peer Avg: 7.1 | Peer Median: 8.0 | Diff: +3.9 | Last Used: 2026-08-30 17:10:39 | Evidence Codes: HIGH_PRIVILEGE,APPROVE,APPROVE
ENT-5082,USR-1025,Billing,WRITE,2026-06-12,ACTIVE,Arjun Joshi,Pharmacist,Outsourced Technician,Administration,ACTIVE,10,2026-09-02 06:11:39,6.2,6.5,14,3.8,3.8,0,LOW,[],• Standard low-risk usage aligned with peer role,APPROVE,Role: Pharmacist | User Usage: 10 | Peer Avg: 6.2 | Peer Median: 6.5 | Diff: +3.8 | Last Used: 2026-09-02 06:11:39 | Evidence Codes: NONE,APPROVE,APPROVE
ENT-5083,USR-1025,Administration,WRITE,2026-03-10,ACTIVE,Arjun Joshi,Pharmacist,Outsourced Technician,Administration,ACTIVE,0,Never,5.6,7.0,13,-5.6,-5.6,40,MEDIUM,['UNUSED_PRIVILEGE'],• Privilege is completely unused in application logs (0 accesses) (+40),REVIEW,Role: Pharmacist | User Usage: 0 | Peer Avg: 5.6 | Peer Median: 7.0 | Diff: -5.6 | Last Used: Never | Evidence Codes: UNUSED_PRIVILEGE,APPROVE,REVOKE
ENT-5084,USR-1025,Patient Records,WRITE,2026-08-15,REVOKED,Arjun Joshi,Pharmacist,Outsourced Technician,Administration,ACTIVE,0,Never,4.3,0.0,10,-4.3,-4.3,50,MEDIUM,"['UNUSED_PRIVILEGE', 'RECENTLY_GRANTED']","• Privilege is completely unused in application logs (0 accesses) (+40)
• Privilege recently granted within past 30 days (2026-08-15) (+10)",REVIEW,"Role: Pharmacist | User Usage: 0 | Peer Avg: 4.3 | Peer Median: 0.0 | Diff: -4.3 | Last Used: Never | Evidence Codes: UNUSED_PRIVILEGE, RECENTLY_GRANTED",APPROVE,REVOKE
ENT-5085,USR-1025,Pharmacy,READ,2025-11-07,ACTIVE,Arjun Joshi,Pharmacist,Outsourced Technician,Administration,ACTIVE,11,2026-09-01 04:19:39,7.0,10.0,11,4.0,4.0,0,LOW,[],• Standard low-risk usage aligned with peer role,APPROVE,Role: Pharmacist | User Usage: 11 | Peer Avg: 7.0 | Peer Median: 10.0 | Diff: +4.0 | Last Used: 2026-09-01 04:19:39 | Evidence Codes: NONE,APPROVE,APPROVE
ENT-5086,USR-1026,Administration,WRITE,2026-08-14,ACTIVE,Kavya Patel,Radiology Technician,Permanent Staff,Radiology,ACTIVE,10,2026-08-25 02:51:39,8.2,10.0,15,1.8,1.8,10,LOW,['RECENTLY_GRANTED'],• Privilege recently granted within past 30 days (2026-08-14) (+10),APPROVE,Role: Radiology Technician | User Usage: 10 | Peer Avg: 8.2 | Peer Median: 10.0 | Diff: +1.8 | Last Used: 2026-08-25 02:51:39 | Evidence Codes: RECENTLY_GRANTED,APPROVE,APPROVE
ENT-5087,USR-1026,Billing,WRITE,2026-04-03,ACTIVE,Kavya Patel,Radiology Technician,Permanent Staff,Radiology,ACTIVE,10,2026-08-22 00:56:39,9.6,10.5,16,0.4,0.4,0,LOW,[],• Standard low-risk usage aligned with peer role,APPROVE,Role: Radiology Technician | User Usage: 10 | Peer Avg: 9.6 | Peer Median: 10.5 | Diff: +0.4 | Last Used: 2026-08-22 00:56:39 | Evidence Codes: NONE,APPROVE,APPROVE
ENT-5088,USR-1026,Radiology,READ_WRITE,2026-04-26,ACTIVE,Kavya Patel,Radiology Technician,Permanent Staff,Radiology,ACTIVE,0,Never,5.8,5.0,13,-5.8,-5.8,50,MEDIUM,"['UNUSED_PRIVILEGE', 'HIGH_PRIVILEGE']","• Privilege is completely unused in application logs (0 accesses) (+40)
• Elevated permission (READ_WRITE) assigned (+10)",REVIEW,"Role: Radiology Technician | User Usage: 0 | Peer Avg: 5.8 | Peer Median: 5.0 | Diff: -5.8 | Last Used: Never | Evidence Codes: UNUSED_PRIVILEGE, HIGH_PRIVILEGE",APPROVE,REVOKE
ENT-5089,USR-1027,Laboratory,WRITE,2025-12-25,ACTIVE,David Verma,Intern,Intern,Emergency,ACTIVE,8,2026-08-04 16:09:39,8.2,9.0,13,-0.2,-0.2,0,LOW,[],• Standard low-risk usage aligned with peer role,APPROVE,Role: Intern | User Usage: 8 | Peer Avg: 8.2 | Peer Median: 9.0 | Diff: -0.2 | Last Used: 2026-08-04 16:09:39 | Evidence Codes: NONE,APPROVE,APPROVE
ENT-5090,USR-1027,Radiology,READ_WRITE,2026-06-17,ACTIVE,David Verma,Intern,Intern,Emergency,ACTIVE,16,2026-09-03 19:11:39,8.6,10.0,11,7.4,7.4,10,LOW,['HIGH_PRIVILEGE'],• Elevated permission (READ_WRITE) assigned (+10),APPROVE,Role: Intern | User Usage: 16 | Peer Avg: 8.6 | Peer Median: 10.0 | Diff: +7.4 | Last Used: 2026-09-03 19:11:39 | Evidence Codes: HIGH_PRIVILEGE,APPROVE,APPROVE
ENT-5091,USR-1027,Patient Records,READ,2026-03-06,ACTIVE,David Verma,Intern,Intern,Emergency,ACTIVE,5,2026-08-10 03:45:39,7.6,9.0,11,-2.6,-2.6,0,LOW,[],• Standard low-risk usage aligned with peer role,APPROVE,Role: Intern | User Usage: 5 | Peer Avg: 7.6 | Peer Median: 9.0 | Diff: -2.6 | Last Used: 2026-08-10 03:45:39 | Evidence Codes: NONE,APPROVE,APPROVE
ENT-5092,USR-1027,Billing,READ_WRITE,2026-02-21,ACTIVE,David Verma,Intern,Intern,Emergency,ACTIVE,8,2026-08-09 15:58:39,6.6,8.5,8,1.4,1.4,10,LOW,['HIGH_PRIVILEGE'],• Elevated permission (READ_WRITE) assigned (+10),APPROVE,Role: Intern | User Usage: 8 | Peer Avg: 6.6 | Peer Median: 8.5 | Diff: +1.4 | Last Used: 2026-08-09 15:58:39 | Evidence Codes: HIGH_PRIVILEGE,APPROVE,APPROVE
ENT-5093,USR-1027,HR,ADMIN,2026-04-28,ACTIVE,David Verma,Intern,Intern,Emergency,ACTIVE,0,Never,5.6,3.0,16,-5.6,-5.6,70,HIGH,"['UNUSED_PRIVILEGE', 'HIGH_PRIVILEGE']","• Privilege is completely unused in application logs (0 accesses) (+40)
• High-level permission (ADMIN) assigned (+30)",REVOKE,"Role: Intern | User Usage: 0 | Peer Avg: 5.6 | Peer Median: 3.0 | Diff: -5.6 | Last Used: Never | Evidence Codes: UNUSED_PRIVILEGE, HIGH_PRIVILEGE",APPROVE,REVOKE
ENT-5094,USR-1028,Radiology,ADMIN,2026-02-14,ACTIVE,Deepak Singh,Lab Technician,Outsourced Technician,Radiology,INACTIVE,7,2026-08-29 18:36:39,6.9,6.5,10,0.1,0.1,50,MEDIUM,"['HIGH_PRIVILEGE', 'INACTIVE_USER']","• High-level permission (ADMIN) assigned (+30)
• User account is marked INACTIVE in HR database (+20)",REVIEW,"Role: Lab Technician | User Usage: 7 | Peer Avg: 6.9 | Peer Median: 6.5 | Diff: +0.1 | Last Used: 2026-08-29 18:36:39 | Evidence Codes: HIGH_PRIVILEGE, INACTIVE_USER",REVOKE,MODIFY
ENT-5095,USR-1028,Pharmacy,WRITE,2026-06-09,ACTIVE,Deepak Singh,Lab Technician,Outsourced Technician,Radiology,INACTIVE,7,2026-08-27 13:39:39,8.3,9.0,15,-1.3,-1.3,20,LOW,['INACTIVE_USER'],• User account is marked INACTIVE in HR database (+20),APPROVE,Role: Lab Technician | User Usage: 7 | Peer Avg: 8.3 | Peer Median: 9.0 | Diff: -1.3 | Last Used: 2026-08-27 13:39:39 | Evidence Codes: INACTIVE_USER,REVOKE,APPROVE
ENT-5096,USR-1028,HR,READ,2026-03-22,ACTIVE,Deepak Singh,Lab Technician,Outsourced Technician,Radiology,INACTIVE,11,2026-09-02 01:31:39,7.1,8.0,15,3.9,3.9,20,LOW,['INACTIVE_USER'],• User account is marked INACTIVE in HR database (+20),APPROVE,Role: Lab Technician | User Usage: 11 | Peer Avg: 7.1 | Peer Median: 8.0 | Diff: +3.9 | Last Used: 2026-09-02 01:31:39 | Evidence Codes: INACTIVE_USER,REVOKE,APPROVE
ENT-5097,USR-1028,Patient Records,READ_WRITE,2025-12-09,ACTIVE,Deepak Singh,Lab Technician,Outsourced Technician,Radiology,INACTIVE,7,2026-08-21 15:53:39,9.1,8.0,15,-2.1,-2.1,30,MEDIUM,"['HIGH_PRIVILEGE', 'INACTIVE_USER']","• Elevated permission (READ_WRITE) assigned (+10)
• User account is marked INACTIVE in HR database (+20)",REVIEW,"Role: Lab Technician | User Usage: 7 | Peer Avg: 9.1 | Peer Median: 8.0 | Diff: -2.1 | Last Used: 2026-08-21 15:53:39 | Evidence Codes: HIGH_PRIVILEGE, INACTIVE_USER",REVOKE,MODIFY
ENT-5098,USR-1029,Radiology,WRITE,2026-04-28,ACTIVE,Robert Rodriguez,Billing Staff,Permanent Staff,Administration,ACTIVE,9,2026-08-30 23:38:39,6.6,7.5,14,2.4,2.4,0,LOW,[],• Standard low-risk usage aligned with peer role,APPROVE,Role: Billing Staff | User Usage: 9 | Peer Avg: 6.6 | Peer Median: 7.5 | Diff: +2.4 | Last Used: 2026-08-30 23:38:39 | Evidence Codes: NONE,APPROVE,APPROVE
ENT-5099,USR-1029,Patient Records,WRITE,2026-08-04,ACTIVE,Robert Rodriguez,Billing Staff,Permanent Staff,Administration,ACTIVE,0,Never,8.8,11.0,13,-8.8,-8.8,40,MEDIUM,['UNUSED_PRIVILEGE'],• Privilege is completely unused in application logs (0 accesses) (+40),REVIEW,Role: Billing Staff | User Usage: 0 | Peer Avg: 8.8 | Peer Median: 11.0 | Diff: -8.8 | Last Used: Never | Evidence Codes: UNUSED_PRIVILEGE,APPROVE,REVOKE
ENT-5100,USR-1029,HR,WRITE,2026-01-01,ACTIVE,Robert Rodriguez,Billing Staff,Permanent Staff,Administration,ACTIVE,9,2026-08-28 03:39:39,6.6,8.0,9,2.4,2.4,0,LOW,[],• Standard low-risk usage aligned with peer role,APPROVE,Role: Billing Staff | User Usage: 9 | Peer Avg: 6.6 | Peer Median: 8.0 | Diff: +2.4 | Last Used: 2026-08-28 03:39:39 | Evidence Codes: NONE,APPROVE,APPROVE
ENT-5101,USR-1029,Administration,ADMIN,2026-07-05,ACTIVE,Robert Rodriguez,Billing Staff,Permanent Staff,Administration,ACTIVE,15,2026-09-02 15:00:39,9.8,10.5,8,5.2,5.2,30,MEDIUM,['HIGH_PRIVILEGE'],• High-level permission (ADMIN) assigned (+30),REVIEW,Role: Billing Staff | User Usage: 15 | Peer Avg: 9.8 | Peer Median: 10.5 | Diff: +5.2 | Last Used: 2026-09-02 15:00:39 | Evidence Codes: HIGH_PRIVILEGE,APPROVE,MODIFY
ENT-5102,USR-1030,HR,ADMIN,2026-08-03,ACTIVE,Sarah Brown,Radiology Technician,Outsourced Technician,HR,ACTIVE,9,2026-09-03 01:24:39,10.7,11.0,10,-1.7,-1.7,30,MEDIUM,['HIGH_PRIVILEGE'],• High-level permission (ADMIN) assigned (+30),REVIEW,Role: Radiology Technician | User Usage: 9 | Peer Avg: 10.7 | Peer Median: 11.0 | Diff: -1.7 | Last Used: 2026-09-03 01:24:39 | Evidence Codes: HIGH_PRIVILEGE,APPROVE,MODIFY
ENT-5103,USR-1030,Laboratory,READ_WRITE,2025-11-19,ACTIVE,Sarah Brown,Radiology Technician,Outsourced Technician,HR,ACTIVE,10,2026-08-22 13:58:39,7.6,9.5,14,2.4,2.4,10,LOW,['HIGH_PRIVILEGE'],• Elevated permission (READ_WRITE) assigned (+10),APPROVE,Role: Radiology Technician | User Usage: 10 | Peer Avg: 7.6 | Peer Median: 9.5 | Diff: +2.4 | Last Used: 2026-08-22 13:58:39 | Evidence Codes: HIGH_PRIVILEGE,APPROVE,APPROVE
ENT-5104,USR-1030,Radiology,WRITE,2026-01-11,ACTIVE,Sarah Brown,Radiology Technician,Outsourced Technician,HR,ACTIVE,10,2026-09-02 14:18:39,5.8,5.0,13,4.2,4.2,0,LOW,[],• Standard low-risk usage aligned with peer role,APPROVE,Role: Radiology Technician | User Usage: 10 | Peer Avg: 5.8 | Peer Median: 5.0 | Diff: +4.2 | Last Used: 2026-09-02 14:18:39 | Evidence Codes: NONE,APPROVE,APPROVE
ENT-5105,USR-1030,Administration,READ_WRITE,2026-06-30,ACTIVE,Sarah Brown,Radiology Technician,Outsourced Technician,HR,ACTIVE,11,2026-08-25 11:07:39,8.2,10.0,15,2.8,2.8,10,LOW,['HIGH_PRIVILEGE'],• Elevated permission (READ_WRITE) assigned (+10),APPROVE,Role: Radiology Technician | User Usage: 11 | Peer Avg: 8.2 | Peer Median: 10.0 | Diff: +2.8 | Last Used: 2026-08-25 11:07:39 | Evidence Codes: HIGH_PRIVILEGE,APPROVE,APPROVE
ENT-5106,USR-1031,Radiology,READ,2026-03-09,ACTIVE,Sarah Rao,Doctor,Outsourced Technician,Billing,ACTIVE,12,2026-09-01 12:38:39,6.4,6.0,17,5.6,5.6,0,LOW,[],• Standard low-risk usage aligned with peer role,APPROVE,Role: Doctor | User Usage: 12 | Peer Avg: 6.4 | Peer Median: 6.0 | Diff: +5.6 | Last Used: 2026-09-01 12:38:39 | Evidence Codes: NONE,APPROVE,APPROVE
ENT-5107,USR-1031,Laboratory,WRITE,2026-06-17,ACTIVE,Sarah Rao,Doctor,Outsourced Technician,Billing,ACTIVE,6,2026-08-31 21:32:39,5.5,5.5,16,0.5,0.5,0,LOW,[],• Standard low-risk usage aligned with peer role,APPROVE,Role: Doctor | User Usage: 6 | Peer Avg: 5.5 | Peer Median: 5.5 | Diff: +0.5 | Last Used: 2026-08-31 21:32:39 | Evidence Codes: NONE,APPROVE,APPROVE
ENT-5108,USR-1032,Billing,READ,2025-12-30,ACTIVE,Swati Jones,Consultant,Visiting Consultant,HR,ACTIVE,7,2026-09-02 07:18:39,7.4,7.0,16,-0.4,-0.4,0,LOW,[],• Standard low-risk usage aligned with peer role,APPROVE,Role: Consultant | User Usage: 7 | Peer Avg: 7.4 | Peer Median: 7.0 | Diff: -0.4 | Last Used: 2026-09-02 07:18:39 | Evidence Codes: NONE,APPROVE,APPROVE
ENT-5109,USR-1032,Patient Records,READ_WRITE,2025-12-09,ACTIVE,Swati Jones,Consultant,Visiting Consultant,HR,ACTIVE,8,2026-08-18 23:23:39,9.2,10.0,11,-1.2,-1.2,10,LOW,['HIGH_PRIVILEGE'],• Elevated permission (READ_WRITE) assigned (+10),APPROVE,Role: Consultant | User Usage: 8 | Peer Avg: 9.2 | Peer Median: 10.0 | Diff: -1.2 | Last Used: 2026-08-18 23:23:39 | Evidence Codes: HIGH_PRIVILEGE,APPROVE,APPROVE
ENT-5110,USR-1032,HR,READ,2026-03-19,ACTIVE,Swati Jones,Consultant,Visiting Consultant,HR,ACTIVE,5,2026-09-03 13:50:39,9.4,9.0,13,-4.4,-4.4,0,LOW,[],• Standard low-risk usage aligned with peer role,APPROVE,Role: Consultant | User Usage: 5 | Peer Avg: 9.4 | Peer Median: 9.0 | Diff: -4.4 | Last Used: 2026-09-03 13:50:39 | Evidence Codes: NONE,APPROVE,APPROVE
ENT-5111,USR-1032,Administration,READ,2026-03-29,ACTIVE,Swati Jones,Consultant,Visiting Consultant,HR,ACTIVE,0,Never,2.9,0.0,9,-2.9,-2.9,40,MEDIUM,['UNUSED_PRIVILEGE'],• Privilege is completely unused in application logs (0 accesses) (+40),REVIEW,Role: Consultant | User Usage: 0 | Peer Avg: 2.9 | Peer Median: 0.0 | Diff: -2.9 | Last Used: Never | Evidence Codes: UNUSED_PRIVILEGE,APPROVE,REVOKE
ENT-5112,USR-1032,Radiology,WRITE,2025-12-12,ACTIVE,Swati Jones,Consultant,Visiting Consultant,HR,ACTIVE,11,2026-08-29 23:48:39,6.9,8.5,8,4.1,4.1,0,LOW,[],• Standard low-risk usage aligned with peer role,APPROVE,Role: Consultant | User Usage: 11 | Peer Avg: 6.9 | Peer Median: 8.5 | Diff: +4.1 | Last Used: 2026-08-29 23:48:39 | Evidence Codes: NONE,APPROVE,APPROVE
ENT-5113,USR-1033,Radiology,READ,2026-01-28,ACTIVE,Amanda Patel,Billing Staff,Permanent Staff,ICU,ACTIVE,13,2026-08-28 04:12:39,6.6,7.5,14,6.4,6.4,0,LOW,[],• Standard low-risk usage aligned with peer role,APPROVE,Role: Billing Staff | User Usage: 13 | Peer Avg: 6.6 | Peer Median: 7.5 | Diff: +6.4 | Last Used: 2026-08-28 04:12:39 | Evidence Codes: NONE,APPROVE,APPROVE
ENT-5114,USR-1033,Patient Records,READ,2026-08-16,ACTIVE,Amanda Patel,Billing Staff,Permanent Staff,ICU,ACTIVE,11,2026-09-01 17:39:39,8.8,11.0,13,2.2,2.2,10,LOW,['RECENTLY_GRANTED'],• Privilege recently granted within past 30 days (2026-08-16) (+10),APPROVE,Role: Billing Staff | User Usage: 11 | Peer Avg: 8.8 | Peer Median: 11.0 | Diff: +2.2 | Last Used: 2026-09-01 17:39:39 | Evidence Codes: RECENTLY_GRANTED,APPROVE,APPROVE
ENT-5115,USR-1033,Laboratory,READ_WRITE,2025-11-07,ACTIVE,Amanda Patel,Billing Staff,Permanent Staff,ICU,ACTIVE,10,2026-08-29 12:42:39,7.5,9.0,11,2.5,2.5,10,LOW,['HIGH_PRIVILEGE'],• Elevated permission (READ_WRITE) assigned (+10),APPROVE,Role: Billing Staff | User Usage: 10 | Peer Avg: 7.5 | Peer Median: 9.0 | Diff: +2.5 | Last Used: 2026-08-29 12:42:39 | Evidence Codes: HIGH_PRIVILEGE,APPROVE,APPROVE
ENT-5116,USR-1033,Billing,ADMIN,2025-12-27,ACTIVE,Amanda Patel,Billing Staff,Permanent Staff,ICU,ACTIVE,14,2026-08-22 07:11:39,6.5,6.0,11,7.5,7.5,30,MEDIUM,['HIGH_PRIVILEGE'],• High-level permission (ADMIN) assigned (+30),REVIEW,Role: Billing Staff | User Usage: 14 | Peer Avg: 6.5 | Peer Median: 6.0 | Diff: +7.5 | Last Used: 2026-08-22 07:11:39 | Evidence Codes: HIGH_PRIVILEGE,APPROVE,MODIFY
ENT-5117,USR-1034,Pharmacy,READ,2026-07-04,ACTIVE,Stephanie Singh,Consultant,Visiting Consultant,HR,ACTIVE,0,Never,3.7,0.0,13,-3.7,-3.7,40,MEDIUM,['UNUSED_PRIVILEGE'],• Privilege is completely unused in application logs (0 accesses) (+40),REVIEW,Role: Consultant | User Usage: 0 | Peer Avg: 3.7 | Peer Median: 0.0 | Diff: -3.7 | Last Used: Never | Evidence Codes: UNUSED_PRIVILEGE,APPROVE,REVOKE
ENT-5118,USR-1034,HR,WRITE,2026-01-27,ACTIVE,Stephanie Singh,Consultant,Visiting Consultant,HR,ACTIVE,5,2026-08-25 21:03:39,9.4,9.0,13,-4.4,-4.4,0,LOW,[],• Standard low-risk usage aligned with peer role,APPROVE,Role: Consultant | User Usage: 5 | Peer Avg: 9.4 | Peer Median: 9.0 | Diff: -4.4 | Last Used: 2026-08-25 21:03:39 | Evidence Codes: NONE,APPROVE,APPROVE
ENT-5119,USR-1034,Administration,READ,2026-01-31,ACTIVE,Stephanie Singh,Consultant,Visiting Consultant,HR,ACTIVE,0,Never,2.9,0.0,9,-2.9,-2.9,40,MEDIUM,['UNUSED_PRIVILEGE'],• Privilege is completely unused in application logs (0 accesses) (+40),REVIEW,Role: Consultant | User Usage: 0 | Peer Avg: 2.9 | Peer Median: 0.0 | Diff: -2.9 | Last Used: Never | Evidence Codes: UNUSED_PRIVILEGE,APPROVE,REVOKE
ENT-5120,USR-1034,Patient Records,WRITE,2025-12-31,ACTIVE,Stephanie Singh,Consultant,Visiting Consultant,HR,ACTIVE,15,2026-09-01 23:01:39,9.2,10.0,11,5.8,5.8,0,LOW,[],• Standard low-risk usage aligned with peer role,APPROVE,Role: Consultant | User Usage: 15 | Peer Avg: 9.2 | Peer Median: 10.0 | Diff: +5.8 | Last Used: 2026-09-01 23:01:39 | Evidence Codes: NONE,APPROVE,APPROVE
ENT-5121,USR-1034,Laboratory,READ,2026-07-29,ACTIVE,Stephanie Singh,Consultant,Visiting Consultant,HR,ACTIVE,10,2026-09-01 12:03:39,8.0,9.0,11,2.0,2.0,0,LOW,[],• Standard low-risk usage aligned with peer role,APPROVE,Role: Consultant | User Usage: 10 | Peer Avg: 8.0 | Peer Median: 9.0 | Diff: +2.0 | Last Used: 2026-09-01 12:03:39 | Evidence Codes: NONE,APPROVE,APPROVE
ENT-5122,USR-1035,Billing,WRITE,2026-03-22,ACTIVE,Amit Verma,Consultant,Visiting Consultant,HR,ACTIVE,13,2026-09-02 19:45:39,7.4,7.0,16,5.6,5.6,0,LOW,[],• Standard low-risk usage aligned with peer role,APPROVE,Role: Consultant | User Usage: 13 | Peer Avg: 7.4 | Peer Median: 7.0 | Diff: +5.6 | Last Used: 2026-09-02 19:45:39 | Evidence Codes: NONE,APPROVE,APPROVE
ENT-5123,USR-1035,Laboratory,WRITE,2025-11-30,ACTIVE,Amit Verma,Consultant,Visiting Consultant,HR,ACTIVE,13,2026-09-03 16:35:39,8.0,9.0,11,5.0,5.0,0,LOW,[],• Standard low-risk usage aligned with peer role,APPROVE,Role: Consultant | User Usage: 13 | Peer Avg: 8.0 | Peer Median: 9.0 | Diff: +5.0 | Last Used: 2026-09-03 16:35:39 | Evidence Codes: NONE,APPROVE,APPROVE
ENT-5124,USR-1035,Radiology,WRITE,2026-04-16,ACTIVE,Amit Verma,Consultant,Visiting Consultant,HR,ACTIVE,10,2026-08-18 12:36:39,6.9,8.5,8,3.1,3.1,0,LOW,[],• Standard low-risk usage aligned with peer role,APPROVE,Role: Consultant | User Usage: 10 | Peer Avg: 6.9 | Peer Median: 8.5 | Diff: +3.1 | Last Used: 2026-08-18 12:36:39 | Evidence Codes: NONE,APPROVE,APPROVE
ENT-5125,USR-1036,Pharmacy,READ_WRITE,2026-03-30,ACTIVE,Stephanie Jones,Lab Technician,Outsourced Technician,Administration,ACTIVE,9,2026-08-30 02:56:39,8.3,9.0,15,0.7,0.7,10,LOW,['HIGH_PRIVILEGE'],• Elevated permission (READ_WRITE) assigned (+10),APPROVE,Role: Lab Technician | User Usage: 9 | Peer Avg: 8.3 | Peer Median: 9.0 | Diff: +0.7 | Last Used: 2026-08-30 02:56:39 | Evidence Codes: HIGH_PRIVILEGE,APPROVE,APPROVE
ENT-5126,USR-1036,Laboratory,READ,2025-12-22,ACTIVE,Stephanie Jones,Lab Technician,Outsourced Technician,Administration,ACTIVE,11,2026-09-01 12:42:39,5.6,0.0,15,5.4,5.4,0,LOW,[],• Standard low-risk usage aligned with peer role,APPROVE,Role: Lab Technician | User Usage: 11 | Peer Avg: 5.6 | Peer Median: 0.0 | Diff: +5.4 | Last Used: 2026-09-01 12:42:39 | Evidence Codes: NONE,APPROVE,APPROVE
ENT-5127,USR-1036,Billing,READ_WRITE,2026-04-11,ACTIVE,Stephanie Jones,Lab Technician,Outsourced Technician,Administration,ACTIVE,0,Never,6.2,6.0,15,-6.2,-6.2,50,MEDIUM,"['UNUSED_PRIVILEGE', 'HIGH_PRIVILEGE']","• Privilege is completely unused in application logs (0 accesses) (+40)
• Elevated permission (READ_WRITE) assigned (+10)",REVIEW,"Role: Lab Technician | User Usage: 0 | Peer Avg: 6.2 | Peer Median: 6.0 | Diff: -6.2 | Last Used: Never | Evidence Codes: UNUSED_PRIVILEGE, HIGH_PRIVILEGE",APPROVE,REVOKE
ENT-5128,USR-1037,Radiology,READ_WRITE,2026-07-20,ACTIVE,Ananya Rodriguez,Doctor,Outsourced Technician,ICU,ACTIVE,11,2026-09-01 12:40:39,6.4,6.0,17,4.6,4.6,10,LOW,['HIGH_PRIVILEGE'],• Elevated permission (READ_WRITE) assigned (+10),APPROVE,Role: Doctor | User Usage: 11 | Peer Avg: 6.4 | Peer Median: 6.0 | Diff: +4.6 | Last Used: 2026-09-01 12:40:39 | Evidence Codes: HIGH_PRIVILEGE,APPROVE,APPROVE
ENT-5129,USR-1037,Laboratory,WRITE,2026-04-20,ACTIVE,Ananya Rodriguez,Doctor,Outsourced Technician,ICU,ACTIVE,5,2026-08-16 18:38:39,5.5,5.5,16,-0.5,-0.5,0,LOW,[],• Standard low-risk usage aligned with peer role,APPROVE,Role: Doctor | User Usage: 5 | Peer Avg: 5.5 | Peer Median: 5.5 | Diff: -0.5 | Last Used: 2026-08-16 18:38:39 | Evidence Codes: NONE,APPROVE,APPROVE
ENT-5130,USR-1037,Pharmacy,READ_WRITE,2025-11-27,ACTIVE,Ananya Rodriguez,Doctor,Outsourced Technician,ICU,ACTIVE,9,2026-07-21 08:20:39,6.0,6.5,12,3.0,3.0,10,LOW,['HIGH_PRIVILEGE'],• Elevated permission (READ_WRITE) assigned (+10),APPROVE,Role: Doctor | User Usage: 9 | Peer Avg: 6.0 | Peer Median: 6.5 | Diff: +3.0 | Last Used: 2026-07-21 08:20:39 | Evidence Codes: HIGH_PRIVILEGE,APPROVE,APPROVE
ENT-5131,USR-1037,HR,WRITE,2026-04-12,ACTIVE,Ananya Rodriguez,Doctor,Outsourced Technician,ICU,ACTIVE,15,2026-08-22 13:15:39,9.7,9.5,18,5.3,5.3,0,LOW,[],• Standard low-risk usage aligned with peer role,APPROVE,Role: Doctor | User Usage: 15 | Peer Avg: 9.7 | Peer Median: 9.5 | Diff: +5.3 | Last Used: 2026-08-22 13:15:39 | Evidence Codes: NONE,APPROVE,APPROVE
ENT-5132,USR-1037,Patient Records,WRITE,2026-04-29,ACTIVE,Ananya Rodriguez,Doctor,Outsourced Technician,ICU,ACTIVE,10,2026-09-03 06:04:39,6.3,8.0,16,3.7,3.7,0,LOW,[],• Standard low-risk usage aligned with peer role,APPROVE,Role: Doctor | User Usage: 10 | Peer Avg: 6.3 | Peer Median: 8.0 | Diff: +3.7 | Last Used: 2026-09-03 06:04:39 | Evidence Codes: NONE,APPROVE,APPROVE
ENT-5133,USR-1038,HR,ADMIN,2026-03-13,ACTIVE,Stephanie Miller,Consultant,Visiting Consultant,ICU,INACTIVE,12,2026-09-03 13:58:39,9.4,9.0,13,2.6,2.6,50,MEDIUM,"['HIGH_PRIVILEGE', 'INACTIVE_USER']","• High-level permission (ADMIN) assigned (+30)
• User account is marked INACTIVE in HR database (+20)",REVIEW,"Role: Consultant | User Usage: 12 | Peer Avg: 9.4 | Peer Median: 9.0 | Diff: +2.6 | Last Used: 2026-09-03 13:58:39 | Evidence Codes: HIGH_PRIVILEGE, INACTIVE_USER",REVOKE,MODIFY
ENT-5134,USR-1038,Pharmacy,ADMIN,2026-06-20,REVOKED,Stephanie Miller,Consultant,Visiting Consultant,ICU,INACTIVE,0,Never,3.7,0.0,13,-3.7,-3.7,90,HIGH,"['UNUSED_PRIVILEGE', 'HIGH_PRIVILEGE', 'INACTIVE_USER']","• Privilege is completely unused in application logs (0 accesses) (+40)
• High-level permission (ADMIN) assigned (+30)
• User account is marked INACTIVE in HR database (+20)",REVOKE,"Role: Consultant | User Usage: 0 | Peer Avg: 3.7 | Peer Median: 0.0 | Diff: -3.7 | Last Used: Never | Evidence Codes: UNUSED_PRIVILEGE, HIGH_PRIVILEGE, INACTIVE_USER",REVOKE,REVOKE
ENT-5135,USR-1038,Patient Records,WRITE,2026-06-10,ACTIVE,Stephanie Miller,Consultant,Visiting Consultant,ICU,INACTIVE,8,2026-08-22 01:42:39,9.2,10.0,11,-1.2,-1.2,20,LOW,['INACTIVE_USER'],• User account is marked INACTIVE in HR database (+20),APPROVE,Role: Consultant | User Usage: 8 | Peer Avg: 9.2 | Peer Median: 10.0 | Diff: -1.2 | Last Used: 2026-08-22 01:42:39 | Evidence Codes: INACTIVE_USER,REVOKE,APPROVE
ENT-5136,USR-1039,Radiology,READ_WRITE,2026-07-30,ACTIVE,Rohan Martinez,Nurse,Permanent Staff,HR,ACTIVE,8,2026-08-27 03:49:39,8.8,9.0,15,-0.8,-0.8,10,LOW,['HIGH_PRIVILEGE'],• Elevated permission (READ_WRITE) assigned (+10),APPROVE,Role: Nurse | User Usage: 8 | Peer Avg: 8.8 | Peer Median: 9.0 | Diff: -0.8 | Last Used: 2026-08-27 03:49:39 | Evidence Codes: HIGH_PRIVILEGE,APPROVE,APPROVE
ENT-5137,USR-1039,HR,ADMIN,2025-11-09,ACTIVE,Rohan Martinez,Nurse,Permanent Staff,HR,ACTIVE,6,2026-08-16 19:36:39,8.5,10.0,12,-2.5,-2.5,30,MEDIUM,['HIGH_PRIVILEGE'],• High-level permission (ADMIN) assigned (+30),REVIEW,Role: Nurse | User Usage: 6 | Peer Avg: 8.5 | Peer Median: 10.0 | Diff: -2.5 | Last Used: 2026-08-16 19:36:39 | Evidence Codes: HIGH_PRIVILEGE,APPROVE,MODIFY
ENT-5138,USR-1039,Pharmacy,READ,2026-08-10,ACTIVE,Rohan Martinez,Nurse,Permanent Staff,HR,ACTIVE,0,Never,4.7,0.0,9,-4.7,-4.7,50,MEDIUM,"['UNUSED_PRIVILEGE', 'RECENTLY_GRANTED']","• Privilege is completely unused in application logs (0 accesses) (+40)
• Privilege recently granted within past 30 days (2026-08-10) (+10)",REVIEW,"Role: Nurse | User Usage: 0 | Peer Avg: 4.7 | Peer Median: 0.0 | Diff: -4.7 | Last Used: Never | Evidence Codes: UNUSED_PRIVILEGE, RECENTLY_GRANTED",APPROVE,REVOKE
ENT-5139,USR-1039,Laboratory,READ_WRITE,2026-05-31,ACTIVE,Rohan Martinez,Nurse,Permanent Staff,HR,ACTIVE,11,2026-08-18 03:49:39,7.3,9.0,12,3.7,3.7,10,LOW,['HIGH_PRIVILEGE'],• Elevated permission (READ_WRITE) assigned (+10),APPROVE,Role: Nurse | User Usage: 11 | Peer Avg: 7.3 | Peer Median: 9.0 | Diff: +3.7 | Last Used: 2026-08-18 03:49:39 | Evidence Codes: HIGH_PRIVILEGE,APPROVE,APPROVE
ENT-5140,USR-1039,Billing,ADMIN,2026-02-07,ACTIVE,Rohan Martinez,Nurse,Permanent Staff,HR,ACTIVE,10,2026-08-19 22:30:39,4.9,2.5,8,5.1,5.1,30,MEDIUM,['HIGH_PRIVILEGE'],• High-level permission (ADMIN) assigned (+30),REVIEW,Role: Nurse | User Usage: 10 | Peer Avg: 4.9 | Peer Median: 2.5 | Diff: +5.1 | Last Used: 2026-08-19 22:30:39 | Evidence Codes: HIGH_PRIVILEGE,APPROVE,MODIFY
ENT-5141,USR-1040,HR,ADMIN,2025-11-12,ACTIVE,Kavya Rodriguez,Doctor,Permanent Staff,HR,ACTIVE,8,2026-09-02 23:37:39,9.7,9.5,18,-1.7,-1.7,30,MEDIUM,['HIGH_PRIVILEGE'],• High-level permission (ADMIN) assigned (+30),REVIEW,Role: Doctor | User Usage: 8 | Peer Avg: 9.7 | Peer Median: 9.5 | Diff: -1.7 | Last Used: 2026-09-02 23:37:39 | Evidence Codes: HIGH_PRIVILEGE,APPROVE,MODIFY
ENT-5142,USR-1040,Laboratory,READ,2026-03-11,ACTIVE,Kavya Rodriguez,Doctor,Permanent Staff,HR,ACTIVE,4,2026-08-25 15:59:39,5.5,5.5,16,-1.5,-1.5,0,LOW,[],• Standard low-risk usage aligned with peer role,APPROVE,Role: Doctor | User Usage: 4 | Peer Avg: 5.5 | Peer Median: 5.5 | Diff: -1.5 | Last Used: 2026-08-25 15:59:39 | Evidence Codes: NONE,APPROVE,APPROVE
ENT-5143,USR-1040,Patient Records,READ,2025-11-24,ACTIVE,Kavya Rodriguez,Doctor,Permanent Staff,HR,ACTIVE,0,Never,6.3,8.0,16,-6.3,-6.3,40,MEDIUM,['UNUSED_PRIVILEGE'],• Privilege is completely unused in application logs (0 accesses) (+40),REVIEW,Role: Doctor | User Usage: 0 | Peer Avg: 6.3 | Peer Median: 8.0 | Diff: -6.3 | Last Used: Never | Evidence Codes: UNUSED_PRIVILEGE,APPROVE,REVOKE
ENT-5144,USR-1041,Administration,READ_WRITE,2026-07-03,ACTIVE,Stephanie Kumar,Intern,Intern,Billing,ACTIVE,11,2026-08-26 13:11:39,9.0,9.5,10,2.0,2.0,10,LOW,['HIGH_PRIVILEGE'],• Elevated permission (READ_WRITE) assigned (+10),APPROVE,Role: Intern | User Usage: 11 | Peer Avg: 9.0 | Peer Median: 9.5 | Diff: +2.0 | Last Used: 2026-08-26 13:11:39 | Evidence Codes: HIGH_PRIVILEGE,APPROVE,APPROVE
ENT-5145,USR-1041,Billing,READ,2026-04-20,ACTIVE,Stephanie Kumar,Intern,Intern,Billing,ACTIVE,16,2026-08-22 02:59:39,6.6,8.5,8,9.4,9.4,0,LOW,[],• Standard low-risk usage aligned with peer role,APPROVE,Role: Intern | User Usage: 16 | Peer Avg: 6.6 | Peer Median: 8.5 | Diff: +9.4 | Last Used: 2026-08-22 02:59:39 | Evidence Codes: NONE,APPROVE,APPROVE
ENT-5146,USR-1041,Radiology,ADMIN,2026-03-10,ACTIVE,Stephanie Kumar,Intern,Intern,Billing,ACTIVE,10,2026-08-24 23:08:39,8.6,10.0,11,1.4,1.4,30,MEDIUM,['HIGH_PRIVILEGE'],• High-level permission (ADMIN) assigned (+30),REVIEW,Role: Intern | User Usage: 10 | Peer Avg: 8.6 | Peer Median: 10.0 | Diff: +1.4 | Last Used: 2026-08-24 23:08:39 | Evidence Codes: HIGH_PRIVILEGE,APPROVE,MODIFY
ENT-5147,USR-1042,Pharmacy,READ,2025-12-09,ACTIVE,Sarah Joshi,Billing Staff,Outsourced Technician,Emergency,ACTIVE,10,2026-08-29 06:35:39,7.5,9.0,13,2.5,2.5,0,LOW,[],• Standard low-risk usage aligned with peer role,APPROVE,Role: Billing Staff | User Usage: 10 | Peer Avg: 7.5 | Peer Median: 9.0 | Diff: +2.5 | Last Used: 2026-08-29 06:35:39 | Evidence Codes: NONE,APPROVE,APPROVE
ENT-5148,USR-1042,Billing,WRITE,2026-07-12,ACTIVE,Sarah Joshi,Billing Staff,Outsourced Technician,Emergency,ACTIVE,13,2026-09-02 04:18:39,6.5,6.0,11,6.5,6.5,0,LOW,[],• Standard low-risk usage aligned with peer role,APPROVE,Role: Billing Staff | User Usage: 13 | Peer Avg: 6.5 | Peer Median: 6.0 | Diff: +6.5 | Last Used: 2026-09-02 04:18:39 | Evidence Codes: NONE,APPROVE,APPROVE
ENT-5149,USR-1042,Radiology,READ_WRITE,2026-03-17,ACTIVE,Sarah Joshi,Billing Staff,Outsourced Technician,Emergency,ACTIVE,10,2026-09-01 05:48:39,6.6,7.5,14,3.4,3.4,10,LOW,['HIGH_PRIVILEGE'],• Elevated permission (READ_WRITE) assigned (+10),APPROVE,Role: Billing Staff | User Usage: 10 | Peer Avg: 6.6 | Peer Median: 7.5 | Diff: +3.4 | Last Used: 2026-09-01 05:48:39 | Evidence Codes: HIGH_PRIVILEGE,APPROVE,APPROVE
ENT-5150,USR-1043,Laboratory,READ_WRITE,2026-04-15,ACTIVE,Priya Patel,Intern,Intern,Laboratory,ACTIVE,13,2026-08-28 23:26:39,8.2,9.0,13,4.8,4.8,10,LOW,['HIGH_PRIVILEGE'],• Elevated permission (READ_WRITE) assigned (+10),APPROVE,Role: Intern | User Usage: 13 | Peer Avg: 8.2 | Peer Median: 9.0 | Diff: +4.8 | Last Used: 2026-08-28 23:26:39 | Evidence Codes: HIGH_PRIVILEGE,APPROVE,APPROVE
ENT-5151,USR-1043,Radiology,READ_WRITE,2025-11-09,REVOKED,Priya Patel,Intern,Intern,Laboratory,ACTIVE,0,Never,8.6,10.0,11,-8.6,-8.6,50,MEDIUM,"['UNUSED_PRIVILEGE', 'HIGH_PRIVILEGE']","• Privilege is completely unused in application logs (0 accesses) (+40)
• Elevated permission (READ_WRITE) assigned (+10)",REVIEW,"Role: Intern | User Usage: 0 | Peer Avg: 8.6 | Peer Median: 10.0 | Diff: -8.6 | Last Used: Never | Evidence Codes: UNUSED_PRIVILEGE, HIGH_PRIVILEGE",APPROVE,REVOKE
ENT-5152,USR-1044,HR,WRITE,2026-06-09,ACTIVE,Rohan Singh,Radiology Technician,Outsourced Technician,Pharmacy,ACTIVE,12,2026-08-28 20:55:39,10.7,11.0,10,1.3,1.3,0,LOW,[],• Standard low-risk usage aligned with peer role,APPROVE,Role: Radiology Technician | User Usage: 12 | Peer Avg: 10.7 | Peer Median: 11.0 | Diff: +1.3 | Last Used: 2026-08-28 20:55:39 | Evidence Codes: NONE,APPROVE,APPROVE
ENT-5153,USR-1044,Pharmacy,WRITE,2026-03-23,ACTIVE,Rohan Singh,Radiology Technician,Outsourced Technician,Pharmacy,ACTIVE,11,2026-08-11 04:30:39,10.3,10.5,18,0.7,0.7,0,LOW,[],• Standard low-risk usage aligned with peer role,APPROVE,Role: Radiology Technician | User Usage: 11 | Peer Avg: 10.3 | Peer Median: 10.5 | Diff: +0.7 | Last Used: 2026-08-11 04:30:39 | Evidence Codes: NONE,APPROVE,APPROVE
ENT-5154,USR-1044,Patient Records,WRITE,2026-03-31,ACTIVE,Rohan Singh,Radiology Technician,Outsourced Technician,Pharmacy,ACTIVE,0,Never,5.3,7.0,17,-5.3,-5.3,40,MEDIUM,['UNUSED_PRIVILEGE'],• Privilege is completely unused in application logs (0 accesses) (+40),REVIEW,Role: Radiology Technician | User Usage: 0 | Peer Avg: 5.3 | Peer Median: 7.0 | Diff: -5.3 | Last Used: Never | Evidence Codes: UNUSED_PRIVILEGE,APPROVE,REVOKE
ENT-5155,USR-1044,Billing,READ_WRITE,2026-06-22,ACTIVE,Rohan Singh,Radiology Technician,Outsourced Technician,Pharmacy,ACTIVE,15,2026-08-22 10:52:39,9.6,10.5,16,5.4,5.4,10,LOW,['HIGH_PRIVILEGE'],• Elevated permission (READ_WRITE) assigned (+10),APPROVE,Role: Radiology Technician | User Usage: 15 | Peer Avg: 9.6 | Peer Median: 10.5 | Diff: +5.4 | Last Used: 2026-08-22 10:52:39 | Evidence Codes: HIGH_PRIVILEGE,APPROVE,APPROVE
ENT-5156,USR-1045,HR,WRITE,2025-12-31,ACTIVE,Meera Martinez,Doctor,Outsourced Technician,Emergency,ACTIVE,14,2026-08-29 12:38:39,9.7,9.5,18,4.3,4.3,0,LOW,[],• Standard low-risk usage aligned with peer role,APPROVE,Role: Doctor | User Usage: 14 | Peer Avg: 9.7 | Peer Median: 9.5 | Diff: +4.3 | Last Used: 2026-08-29 12:38:39 | Evidence Codes: NONE,APPROVE,APPROVE
ENT-5157,USR-1045,Billing,READ,2026-05-10,ACTIVE,Meera Martinez,Doctor,Outsourced Technician,Emergency,ACTIVE,0,Never,9.5,10.5,12,-9.5,-9.5,40,MEDIUM,['UNUSED_PRIVILEGE'],• Privilege is completely unused in application logs (0 accesses) (+40),REVIEW,Role: Doctor | User Usage: 0 | Peer Avg: 9.5 | Peer Median: 10.5 | Diff: -9.5 | Last Used: Never | Evidence Codes: UNUSED_PRIVILEGE,APPROVE,REVOKE
ENT-5158,USR-1045,Laboratory,READ,2026-07-19,ACTIVE,Meera Martinez,Doctor,Outsourced Technician,Emergency,ACTIVE,9,2026-08-25 02:08:39,5.5,5.5,16,3.5,3.5,0,LOW,[],• Standard low-risk usage aligned with peer role,APPROVE,Role: Doctor | User Usage: 9 | Peer Avg: 5.5 | Peer Median: 5.5 | Diff: +3.5 | Last Used: 2026-08-25 02:08:39 | Evidence Codes: NONE,APPROVE,APPROVE
ENT-5159,USR-1045,Radiology,WRITE,2026-02-25,REVOKED,Meera Martinez,Doctor,Outsourced Technician,Emergency,ACTIVE,0,Never,6.4,6.0,17,-6.4,-6.4,40,MEDIUM,['UNUSED_PRIVILEGE'],• Privilege is completely unused in application logs (0 accesses) (+40),REVIEW,Role: Doctor | User Usage: 0 | Peer Avg: 6.4 | Peer Median: 6.0 | Diff: -6.4 | Last Used: Never | Evidence Codes: UNUSED_PRIVILEGE,APPROVE,REVOKE
ENT-5160,USR-1045,Administration,WRITE,2026-07-29,ACTIVE,Meera Martinez,Doctor,Outsourced Technician,Emergency,ACTIVE,16,2026-09-02 18:06:39,6.6,7.0,14,9.4,9.4,0,LOW,[],• Standard low-risk usage aligned with peer role,APPROVE,Role: Doctor | User Usage: 16 | Peer Avg: 6.6 | Peer Median: 7.0 | Diff: +9.4 | Last Used: 2026-09-02 18:06:39 | Evidence Codes: NONE,APPROVE,APPROVE
ENT-5161,USR-1046,Billing,READ_WRITE,2025-12-06,ACTIVE,Priya Davis,Consultant,Visiting Consultant,Laboratory,ACTIVE,12,2026-08-23 21:49:39,7.4,7.0,16,4.6,4.6,10,LOW,['HIGH_PRIVILEGE'],• Elevated permission (READ_WRITE) assigned (+10),APPROVE,Role: Consultant | User Usage: 12 | Peer Avg: 7.4 | Peer Median: 7.0 | Diff: +4.6 | Last Used: 2026-08-23 21:49:39 | Evidence Codes: HIGH_PRIVILEGE,APPROVE,APPROVE
ENT-5162,USR-1046,Administration,READ,2025-12-22,REVOKED,Priya Davis,Consultant,Visiting Consultant,Laboratory,ACTIVE,0,Never,2.9,0.0,9,-2.9,-2.9,40,MEDIUM,['UNUSED_PRIVILEGE'],• Privilege is completely unused in application logs (0 accesses) (+40),REVIEW,Role: Consultant | User Usage: 0 | Peer Avg: 2.9 | Peer Median: 0.0 | Diff: -2.9 | Last Used: Never | Evidence Codes: UNUSED_PRIVILEGE,APPROVE,REVOKE
ENT-5163,USR-1046,Pharmacy,WRITE,2026-08-01,ACTIVE,Priya Davis,Consultant,Visiting Consultant,Laboratory,ACTIVE,6,2026-08-30 07:45:39,3.7,0.0,13,2.3,2.3,0,LOW,[],• Standard low-risk usage aligned with peer role,APPROVE,Role: Consultant | User Usage: 6 | Peer Avg: 3.7 | Peer Median: 0.0 | Diff: +2.3 | Last Used: 2026-08-30 07:45:39 | Evidence Codes: NONE,APPROVE,APPROVE
ENT-5164,USR-1047,Radiology,READ,2026-08-18,ACTIVE,Rahul Reddy,Lab Technician,Outsourced Technician,Laboratory,INACTIVE,0,Never,6.9,6.5,10,-6.9,-6.9,70,HIGH,"['UNUSED_PRIVILEGE', 'INACTIVE_USER', 'RECENTLY_GRANTED']","• Privilege is completely unused in application logs (0 accesses) (+40)
• User account is marked INACTIVE in HR database (+20)
• Privilege recently granted within past 30 days (2026-08-18) (+10)",REVOKE,"Role: Lab Technician | User Usage: 0 | Peer Avg: 6.9 | Peer Median: 6.5 | Diff: -6.9 | Last Used: Never | Evidence Codes: UNUSED_PRIVILEGE, INACTIVE_USER, RECENTLY_GRANTED",REVOKE,REVOKE
ENT-5165,USR-1047,Billing,READ,2026-05-10,ACTIVE,Rahul Reddy,Lab Technician,Outsourced Technician,Laboratory,INACTIVE,15,2026-08-22 03:07:39,6.2,6.0,15,8.8,8.8,20,LOW,['INACTIVE_USER'],• User account is marked INACTIVE in HR database (+20),APPROVE,Role: Lab Technician | User Usage: 15 | Peer Avg: 6.2 | Peer Median: 6.0 | Diff: +8.8 | Last Used: 2026-08-22 03:07:39 | Evidence Codes: INACTIVE_USER,REVOKE,APPROVE
ENT-5166,USR-1047,Patient Records,ADMIN,2026-03-06,ACTIVE,Rahul Reddy,Lab Technician,Outsourced Technician,Laboratory,INACTIVE,8,2026-08-27 02:44:39,9.1,8.0,15,-1.1,-1.1,50,MEDIUM,"['HIGH_PRIVILEGE', 'INACTIVE_USER']","• High-level permission (ADMIN) assigned (+30)
• User account is marked INACTIVE in HR database (+20)",REVIEW,"Role: Lab Technician | User Usage: 8 | Peer Avg: 9.1 | Peer Median: 8.0 | Diff: -1.1 | Last Used: 2026-08-27 02:44:39 | Evidence Codes: HIGH_PRIVILEGE, INACTIVE_USER",REVOKE,MODIFY
ENT-5167,USR-1047,Administration,WRITE,2026-07-30,ACTIVE,Rahul Reddy,Lab Technician,Outsourced Technician,Laboratory,INACTIVE,0,Never,7.7,8.0,13,-7.7,-7.7,60,HIGH,"['UNUSED_PRIVILEGE', 'INACTIVE_USER']","• Privilege is completely unused in application logs (0 accesses) (+40)
• User account is marked INACTIVE in HR database (+20)",REVOKE,"Role: Lab Technician | User Usage: 0 | Peer Avg: 7.7 | Peer Median: 8.0 | Diff: -7.7 | Last Used: Never | Evidence Codes: UNUSED_PRIVILEGE, INACTIVE_USER",REVOKE,REVOKE
ENT-5168,USR-1047,Laboratory,ADMIN,2025-12-31,REVOKED,Rahul Reddy,Lab Technician,Outsourced Technician,Laboratory,INACTIVE,0,Never,5.6,0.0,15,-5.6,-5.6,90,HIGH,"['UNUSED_PRIVILEGE', 'HIGH_PRIVILEGE', 'INACTIVE_USER']","• Privilege is completely unused in application logs (0 accesses) (+40)
• High-level permission (ADMIN) assigned (+30)
• User account is marked INACTIVE in HR database (+20)",REVOKE,"Role: Lab Technician | User Usage: 0 | Peer Avg: 5.6 | Peer Median: 0.0 | Diff: -5.6 | Last Used: Never | Evidence Codes: UNUSED_PRIVILEGE, HIGH_PRIVILEGE, INACTIVE_USER",REVOKE,REVOKE
ENT-5169,USR-1048,Pharmacy,WRITE,2026-02-17,ACTIVE,James Kumar,Doctor,Permanent Staff,Billing,ACTIVE,6,2026-08-14 10:02:39,6.0,6.5,12,0.0,0.0,0,LOW,[],• Standard low-risk usage aligned with peer role,APPROVE,Role: Doctor | User Usage: 6 | Peer Avg: 6.0 | Peer Median: 6.5 | Diff: +0.0 | Last Used: 2026-08-14 10:02:39 | Evidence Codes: NONE,APPROVE,APPROVE
ENT-5170,USR-1048,Administration,READ,2025-11-26,ACTIVE,James Kumar,Doctor,Permanent Staff,Billing,ACTIVE,10,2026-08-31 04:24:39,6.6,7.0,14,3.4,3.4,0,LOW,[],• Standard low-risk usage aligned with peer role,APPROVE,Role: Doctor | User Usage: 10 | Peer Avg: 6.6 | Peer Median: 7.0 | Diff: +3.4 | Last Used: 2026-08-31 04:24:39 | Evidence Codes: NONE,APPROVE,APPROVE
ENT-5171,USR-1048,Radiology,READ,2026-06-30,ACTIVE,James Kumar,Doctor,Permanent Staff,Billing,ACTIVE,10,2026-08-23 12:22:39,6.4,6.0,17,3.6,3.6,0,LOW,[],• Standard low-risk usage aligned with peer role,APPROVE,Role: Doctor | User Usage: 10 | Peer Avg: 6.4 | Peer Median: 6.0 | Diff: +3.6 | Last Used: 2026-08-23 12:22:39 | Evidence Codes: NONE,APPROVE,APPROVE
ENT-5172,USR-1048,Laboratory,WRITE,2025-12-02,ACTIVE,James Kumar,Doctor,Permanent Staff,Billing,ACTIVE,0,Never,5.5,5.5,16,-5.5,-5.5,40,MEDIUM,['UNUSED_PRIVILEGE'],• Privilege is completely unused in application logs (0 accesses) (+40),REVIEW,Role: Doctor | User Usage: 0 | Peer Avg: 5.5 | Peer Median: 5.5 | Diff: -5.5 | Last Used: Never | Evidence Codes: UNUSED_PRIVILEGE,APPROVE,REVOKE
ENT-5173,USR-1048,HR,READ,2026-08-28,ACTIVE,James Kumar,Doctor,Permanent Staff,Billing,ACTIVE,0,Never,9.7,9.5,18,-9.7,-9.7,50,MEDIUM,"['UNUSED_PRIVILEGE', 'RECENTLY_GRANTED']","• Privilege is completely unused in application logs (0 accesses) (+40)
• Privilege recently granted within past 30 days (2026-08-28) (+10)",REVIEW,"Role: Doctor | User Usage: 0 | Peer Avg: 9.7 | Peer Median: 9.5 | Diff: -9.7 | Last Used: Never | Evidence Codes: UNUSED_PRIVILEGE, RECENTLY_GRANTED",APPROVE,REVOKE
ENT-5174,USR-1049,Radiology,WRITE,2026-05-04,ACTIVE,Neha Jones,Pharmacist,Permanent Staff,Emergency,ACTIVE,10,2026-08-24 03:16:39,9.8,11.0,14,0.2,0.2,0,LOW,[],• Standard low-risk usage aligned with peer role,APPROVE,Role: Pharmacist | User Usage: 10 | Peer Avg: 9.8 | Peer Median: 11.0 | Diff: +0.2 | Last Used: 2026-08-24 03:16:39 | Evidence Codes: NONE,APPROVE,APPROVE
ENT-5175,USR-1049,HR,READ_WRITE,2026-04-10,ACTIVE,Neha Jones,Pharmacist,Permanent Staff,Emergency,ACTIVE,0,Never,7.7,9.0,12,-7.7,-7.7,50,MEDIUM,"['UNUSED_PRIVILEGE', 'HIGH_PRIVILEGE']","• Privilege is completely unused in application logs (0 accesses) (+40)
• Elevated permission (READ_WRITE) assigned (+10)",REVIEW,"Role: Pharmacist | User Usage: 0 | Peer Avg: 7.7 | Peer Median: 9.0 | Diff: -7.7 | Last Used: Never | Evidence Codes: UNUSED_PRIVILEGE, HIGH_PRIVILEGE",APPROVE,REVOKE
ENT-5176,USR-1049,Billing,READ,2026-07-03,REVOKED,Neha Jones,Pharmacist,Permanent Staff,Emergency,ACTIVE,0,Never,6.2,6.5,14,-6.2,-6.2,40,MEDIUM,['UNUSED_PRIVILEGE'],• Privilege is completely unused in application logs (0 accesses) (+40),REVIEW,Role: Pharmacist | User Usage: 0 | Peer Avg: 6.2 | Peer Median: 6.5 | Diff: -6.2 | Last Used: Never | Evidence Codes: UNUSED_PRIVILEGE,APPROVE,REVOKE
ENT-5177,USR-1049,Administration,READ,2026-08-21,ACTIVE,Neha Jones,Pharmacist,Permanent Staff,Emergency,ACTIVE,4,2026-08-06 00:59:39,5.6,7.0,13,-1.6,-1.6,10,LOW,['RECENTLY_GRANTED'],• Privilege recently granted within past 30 days (2026-08-21) (+10),APPROVE,Role: Pharmacist | User Usage: 4 | Peer Avg: 5.6 | Peer Median: 7.0 | Diff: -1.6 | Last Used: 2026-08-06 00:59:39 | Evidence Codes: RECENTLY_GRANTED,APPROVE,APPROVE
ENT-5178,USR-1050,Patient Records,ADMIN,2026-08-05,ACTIVE,Robert Gupta,Doctor,Outsourced Technician,Pharmacy,INACTIVE,0,Never,6.3,8.0,16,-6.3,-6.3,90,HIGH,"['UNUSED_PRIVILEGE', 'HIGH_PRIVILEGE', 'INACTIVE_USER']","• Privilege is completely unused in application logs (0 accesses) (+40)
• High-level permission (ADMIN) assigned (+30)
• User account is marked INACTIVE in HR database (+20)",REVOKE,"Role: Doctor | User Usage: 0 | Peer Avg: 6.3 | Peer Median: 8.0 | Diff: -6.3 | Last Used: Never | Evidence Codes: UNUSED_PRIVILEGE, HIGH_PRIVILEGE, INACTIVE_USER",REVOKE,REVOKE
ENT-5179,USR-1050,Billing,ADMIN,2026-01-17,ACTIVE,Robert Gupta,Doctor,Outsourced Technician,Pharmacy,INACTIVE,8,2026-08-28 05:18:39,9.5,10.5,12,-1.5,-1.5,50,MEDIUM,"['HIGH_PRIVILEGE', 'INACTIVE_USER']","• High-level permission (ADMIN) assigned (+30)
• User account is marked INACTIVE in HR database (+20)",REVIEW,"Role: Doctor | User Usage: 8 | Peer Avg: 9.5 | Peer Median: 10.5 | Diff: -1.5 | Last Used: 2026-08-28 05:18:39 | Evidence Codes: HIGH_PRIVILEGE, INACTIVE_USER",REVOKE,MODIFY
ENT-5180,USR-1051,Administration,WRITE,2026-04-03,ACTIVE,Pooja Verma,Radiology Technician,Permanent Staff,Radiology,ACTIVE,16,2026-09-02 19:25:39,8.2,10.0,15,7.8,7.8,0,LOW,[],• Standard low-risk usage aligned with peer role,APPROVE,Role: Radiology Technician | User Usage: 16 | Peer Avg: 8.2 | Peer Median: 10.0 | Diff: +7.8 | Last Used: 2026-09-02 19:25:39 | Evidence Codes: NONE,APPROVE,APPROVE
ENT-5181,USR-1051,Patient Records,READ,2025-11-08,ACTIVE,Pooja Verma,Radiology Technician,Permanent Staff,Radiology,ACTIVE,9,2026-08-18 07:46:39,5.3,7.0,17,3.7,3.7,0,LOW,[],• Standard low-risk usage aligned with peer role,APPROVE,Role: Radiology Technician | User Usage: 9 | Peer Avg: 5.3 | Peer Median: 7.0 | Diff: +3.7 | Last Used: 2026-08-18 07:46:39 | Evidence Codes: NONE,APPROVE,APPROVE
ENT-5182,USR-1051,Pharmacy,WRITE,2026-03-18,ACTIVE,Pooja Verma,Radiology Technician,Permanent Staff,Radiology,ACTIVE,9,2026-09-01 19:06:39,10.3,10.5,18,-1.3,-1.3,0,LOW,[],• Standard low-risk usage aligned with peer role,APPROVE,Role: Radiology Technician | User Usage: 9 | Peer Avg: 10.3 | Peer Median: 10.5 | Diff: -1.3 | Last Used: 2026-09-01 19:06:39 | Evidence Codes: NONE,APPROVE,APPROVE
ENT-5183,USR-1052,HR,WRITE,2026-04-11,REVOKED,Robert Brown,Consultant,Visiting Consultant,Radiology,ACTIVE,0,Never,9.4,9.0,13,-9.4,-9.4,40,MEDIUM,['UNUSED_PRIVILEGE'],• Privilege is completely unused in application logs (0 accesses) (+40),REVIEW,Role: Consultant | User Usage: 0 | Peer Avg: 9.4 | Peer Median: 9.0 | Diff: -9.4 | Last Used: Never | Evidence Codes: UNUSED_PRIVILEGE,APPROVE,REVOKE
ENT-5184,USR-1052,Billing,READ,2026-06-01,ACTIVE,Robert Brown,Consultant,Visiting Consultant,Radiology,ACTIVE,10,2026-08-22 05:44:39,7.4,7.0,16,2.6,2.6,0,LOW,[],• Standard low-risk usage aligned with peer role,APPROVE,Role: Consultant | User Usage: 10 | Peer Avg: 7.4 | Peer Median: 7.0 | Diff: +2.6 | Last Used: 2026-08-22 05:44:39 | Evidence Codes: NONE,APPROVE,APPROVE
ENT-5185,USR-1052,Pharmacy,WRITE,2025-12-19,REVOKED,Robert Brown,Consultant,Visiting Consultant,Radiology,ACTIVE,0,Never,3.7,0.0,13,-3.7,-3.7,40,MEDIUM,['UNUSED_PRIVILEGE'],• Privilege is completely unused in application logs (0 accesses) (+40),REVIEW,Role: Consultant | User Usage: 0 | Peer Avg: 3.7 | Peer Median: 0.0 | Diff: -3.7 | Last Used: Never | Evidence Codes: UNUSED_PRIVILEGE,APPROVE,REVOKE
ENT-5186,USR-1053,HR,READ,2026-02-01,ACTIVE,Neha Brown,Doctor,Permanent Staff,Billing,ACTIVE,11,2026-08-16 10:30:39,9.7,9.5,18,1.3,1.3,0,LOW,[],• Standard low-risk usage aligned with peer role,APPROVE,Role: Doctor | User Usage: 11 | Peer Avg: 9.7 | Peer Median: 9.5 | Diff: +1.3 | Last Used: 2026-08-16 10:30:39 | Evidence Codes: NONE,APPROVE,APPROVE
ENT-5187,USR-1053,Administration,WRITE,2025-11-27,ACTIVE,Neha Brown,Doctor,Permanent Staff,Billing,ACTIVE,13,2026-08-26 04:38:39,6.6,7.0,14,6.4,6.4,0,LOW,[],• Standard low-risk usage aligned with peer role,APPROVE,Role: Doctor | User Usage: 13 | Peer Avg: 6.6 | Peer Median: 7.0 | Diff: +6.4 | Last Used: 2026-08-26 04:38:39 | Evidence Codes: NONE,APPROVE,APPROVE
ENT-5188,USR-1053,Radiology,READ,2026-03-29,ACTIVE,Neha Brown,Doctor,Permanent Staff,Billing,ACTIVE,16,2026-09-01 22:38:39,6.4,6.0,17,9.6,9.6,0,LOW,[],• Standard low-risk usage aligned with peer role,APPROVE,Role: Doctor | User Usage: 16 | Peer Avg: 6.4 | Peer Median: 6.0 | Diff: +9.6 | Last Used: 2026-09-01 22:38:39 | Evidence Codes: NONE,APPROVE,APPROVE
ENT-5189,USR-1053,Laboratory,READ_WRITE,2026-01-04,ACTIVE,Neha Brown,Doctor,Permanent Staff,Billing,ACTIVE,3,2026-08-15 11:46:39,5.5,5.5,16,-2.5,-2.5,10,LOW,['HIGH_PRIVILEGE'],• Elevated permission (READ_WRITE) assigned (+10),APPROVE,Role: Doctor | User Usage: 3 | Peer Avg: 5.5 | Peer Median: 5.5 | Diff: -2.5 | Last Used: 2026-08-15 11:46:39 | Evidence Codes: HIGH_PRIVILEGE,APPROVE,APPROVE
ENT-5190,USR-1054,Radiology,READ_WRITE,2026-05-17,ACTIVE,Emily Singh,Lab Technician,Permanent Staff,Emergency,ACTIVE,0,Never,6.9,6.5,10,-6.9,-6.9,50,MEDIUM,"['UNUSED_PRIVILEGE', 'HIGH_PRIVILEGE']","• Privilege is completely unused in application logs (0 accesses) (+40)
• Elevated permission (READ_WRITE) assigned (+10)",REVIEW,"Role: Lab Technician | User Usage: 0 | Peer Avg: 6.9 | Peer Median: 6.5 | Diff: -6.9 | Last Used: Never | Evidence Codes: UNUSED_PRIVILEGE, HIGH_PRIVILEGE",APPROVE,REVOKE
ENT-5191,USR-1054,Billing,ADMIN,2026-01-11,ACTIVE,Emily Singh,Lab Technician,Permanent Staff,Emergency,ACTIVE,6,2026-08-29 01:35:39,6.2,6.0,15,-0.2,-0.2,30,MEDIUM,['HIGH_PRIVILEGE'],• High-level permission (ADMIN) assigned (+30),REVIEW,Role: Lab Technician | User Usage: 6 | Peer Avg: 6.2 | Peer Median: 6.0 | Diff: -0.2 | Last Used: 2026-08-29 01:35:39 | Evidence Codes: HIGH_PRIVILEGE,APPROVE,MODIFY
ENT-5192,USR-1054,HR,ADMIN,2026-05-24,REVOKED,Emily Singh,Lab Technician,Permanent Staff,Emergency,ACTIVE,0,Never,7.1,8.0,15,-7.1,-7.1,70,HIGH,"['UNUSED_PRIVILEGE', 'HIGH_PRIVILEGE']","• Privilege is completely unused in application logs (0 accesses) (+40)
• High-level permission (ADMIN) assigned (+30)",REVOKE,"Role: Lab Technician | User Usage: 0 | Peer Avg: 7.1 | Peer Median: 8.0 | Diff: -7.1 | Last Used: Never | Evidence Codes: UNUSED_PRIVILEGE, HIGH_PRIVILEGE",APPROVE,REVOKE
ENT-5193,USR-1054,Pharmacy,WRITE,2026-08-09,ACTIVE,Emily Singh,Lab Technician,Permanent Staff,Emergency,ACTIVE,12,2026-09-01 21:49:39,8.3,9.0,15,3.7,3.7,10,LOW,['RECENTLY_GRANTED'],• Privilege recently granted within past 30 days (2026-08-09) (+10),APPROVE,Role: Lab Technician | User Usage: 12 | Peer Avg: 8.3 | Peer Median: 9.0 | Diff: +3.7 | Last Used: 2026-09-01 21:49:39 | Evidence Codes: RECENTLY_GRANTED,APPROVE,APPROVE
ENT-5194,USR-1054,Administration,READ_WRITE,2025-11-16,ACTIVE,Emily Singh,Lab Technician,Permanent Staff,Emergency,ACTIVE,9,2026-09-01 18:36:39,7.7,8.0,13,1.3,1.3,10,LOW,['HIGH_PRIVILEGE'],• Elevated permission (READ_WRITE) assigned (+10),APPROVE,Role: Lab Technician | User Usage: 9 | Peer Avg: 7.7 | Peer Median: 8.0 | Diff: +1.3 | Last Used: 2026-09-01 18:36:39 | Evidence Codes: HIGH_PRIVILEGE,APPROVE,APPROVE
ENT-5195,USR-1055,Administration,READ,2026-08-22,ACTIVE,Ritu Singh,Intern,Intern,Administration,ACTIVE,10,2026-08-30 20:17:39,9.0,9.5,10,1.0,1.0,10,LOW,['RECENTLY_GRANTED'],• Privilege recently granted within past 30 days (2026-08-22) (+10),APPROVE,Role: Intern | User Usage: 10 | Peer Avg: 9.0 | Peer Median: 9.5 | Diff: +1.0 | Last Used: 2026-08-30 20:17:39 | Evidence Codes: RECENTLY_GRANTED,APPROVE,APPROVE
ENT-5196,USR-1055,Laboratory,READ_WRITE,2026-06-30,ACTIVE,Ritu Singh,Intern,Intern,Administration,ACTIVE,0,Never,8.2,9.0,13,-8.2,-8.2,50,MEDIUM,"['UNUSED_PRIVILEGE', 'HIGH_PRIVILEGE']","• Privilege is completely unused in application logs (0 accesses) (+40)
• Elevated permission (READ_WRITE) assigned (+10)",REVIEW,"Role: Intern | User Usage: 0 | Peer Avg: 8.2 | Peer Median: 9.0 | Diff: -8.2 | Last Used: Never | Evidence Codes: UNUSED_PRIVILEGE, HIGH_PRIVILEGE",APPROVE,REVOKE
ENT-5197,USR-1055,HR,READ,2026-04-27,ACTIVE,Ritu Singh,Intern,Intern,Administration,ACTIVE,18,2026-08-30 23:01:39,5.6,3.0,16,12.4,12.4,15,LOW,['HIGH_USAGE_VS_PEERS'],• Usage (18) is anomalously higher than Intern peer average (5.6) & median (3.0) (+15),APPROVE,Role: Intern | User Usage: 18 | Peer Avg: 5.6 | Peer Median: 3.0 | Diff: +12.4 | Last Used: 2026-08-30 23:01:39 | Evidence Codes: HIGH_USAGE_VS_PEERS,APPROVE,APPROVE
ENT-5198,USR-1056,Radiology,READ_WRITE,2026-04-07,ACTIVE,Amanda Singh,Intern,Intern,ICU,ACTIVE,10,2026-08-24 19:30:39,8.6,10.0,11,1.4,1.4,10,LOW,['HIGH_PRIVILEGE'],• Elevated permission (READ_WRITE) assigned (+10),APPROVE,Role: Intern | User Usage: 10 | Peer Avg: 8.6 | Peer Median: 10.0 | Diff: +1.4 | Last Used: 2026-08-24 19:30:39 | Evidence Codes: HIGH_PRIVILEGE,APPROVE,APPROVE
ENT-5199,USR-1056,Pharmacy,WRITE,2026-02-27,ACTIVE,Amanda Singh,Intern,Intern,ICU,ACTIVE,11,2026-08-24 18:20:39,8.3,11.0,11,2.7,2.7,0,LOW,[],• Standard low-risk usage aligned with peer role,APPROVE,Role: Intern | User Usage: 11 | Peer Avg: 8.3 | Peer Median: 11.0 | Diff: +2.7 | Last Used: 2026-08-24 18:20:39 | Evidence Codes: NONE,APPROVE,APPROVE
ENT-5200,USR-1056,Billing,WRITE,2025-12-18,ACTIVE,Amanda Singh,Intern,Intern,ICU,ACTIVE,11,2026-08-20 20:03:39,6.6,8.5,8,4.4,4.4,0,LOW,[],• Standard low-risk usage aligned with peer role,APPROVE,Role: Intern | User Usage: 11 | Peer Avg: 6.6 | Peer Median: 8.5 | Diff: +4.4 | Last Used: 2026-08-20 20:03:39 | Evidence Codes: NONE,APPROVE,APPROVE
ENT-5201,USR-1057,Administration,WRITE,2025-11-14,ACTIVE,Amanda Patel,Lab Technician,Outsourced Technician,HR,ACTIVE,9,2026-08-16 08:58:39,7.7,8.0,13,1.3,1.3,0,LOW,[],• Standard low-risk usage aligned with peer role,APPROVE,Role: Lab Technician | User Usage: 9 | Peer Avg: 7.7 | Peer Median: 8.0 | Diff: +1.3 | Last Used: 2026-08-16 08:58:39 | Evidence Codes: NONE,APPROVE,APPROVE
ENT-5202,USR-1057,Laboratory,READ,2026-08-21,ACTIVE,Amanda Patel,Lab Technician,Outsourced Technician,HR,ACTIVE,0,Never,5.6,0.0,15,-5.6,-5.6,50,MEDIUM,"['UNUSED_PRIVILEGE', 'RECENTLY_GRANTED']","• Privilege is completely unused in application logs (0 accesses) (+40)
• Privilege recently granted within past 30 days (2026-08-21) (+10)",REVIEW,"Role: Lab Technician | User Usage: 0 | Peer Avg: 5.6 | Peer Median: 0.0 | Diff: -5.6 | Last Used: Never | Evidence Codes: UNUSED_PRIVILEGE, RECENTLY_GRANTED",APPROVE,REVOKE
ENT-5203,USR-1057,Pharmacy,READ,2026-01-28,ACTIVE,Amanda Patel,Lab Technician,Outsourced Technician,HR,ACTIVE,14,2026-08-26 19:34:39,8.3,9.0,15,5.7,5.7,0,LOW,[],• Standard low-risk usage aligned with peer role,APPROVE,Role: Lab Technician | User Usage: 14 | Peer Avg: 8.3 | Peer Median: 9.0 | Diff: +5.7 | Last Used: 2026-08-26 19:34:39 | Evidence Codes: NONE,APPROVE,APPROVE
ENT-5204,USR-1057,HR,READ_WRITE,2026-05-04,ACTIVE,Amanda Patel,Lab Technician,Outsourced Technician,HR,ACTIVE,14,2026-08-30 01:28:39,7.1,8.0,15,6.9,6.9,10,LOW,['HIGH_PRIVILEGE'],• Elevated permission (READ_WRITE) assigned (+10),APPROVE,Role: Lab Technician | User Usage: 14 | Peer Avg: 7.1 | Peer Median: 8.0 | Diff: +6.9 | Last Used: 2026-08-30 01:28:39 | Evidence Codes: HIGH_PRIVILEGE,APPROVE,APPROVE
ENT-5205,USR-1057,Billing,READ,2025-12-17,ACTIVE,Amanda Patel,Lab Technician,Outsourced Technician,HR,ACTIVE,12,2026-08-25 23:55:39,6.2,6.0,15,5.8,5.8,0,LOW,[],• Standard low-risk usage aligned with peer role,APPROVE,Role: Lab Technician | User Usage: 12 | Peer Avg: 6.2 | Peer Median: 6.0 | Diff: +5.8 | Last Used: 2026-08-25 23:55:39 | Evidence Codes: NONE,APPROVE,APPROVE
ENT-5206,USR-1058,Laboratory,READ_WRITE,2026-03-02,ACTIVE,Priya Kumar,Consultant,Visiting Consultant,Laboratory,INACTIVE,8,2026-08-29 02:52:39,8.0,9.0,11,0.0,0.0,30,MEDIUM,"['HIGH_PRIVILEGE', 'INACTIVE_USER']","• Elevated permission (READ_WRITE) assigned (+10)
• User account is marked INACTIVE in HR database (+20)",REVIEW,"Role: Consultant | User Usage: 8 | Peer Avg: 8.0 | Peer Median: 9.0 | Diff: +0.0 | Last Used: 2026-08-29 02:52:39 | Evidence Codes: HIGH_PRIVILEGE, INACTIVE_USER",REVOKE,MODIFY
ENT-5207,USR-1058,Radiology,READ,2025-12-22,ACTIVE,Priya Kumar,Consultant,Visiting Consultant,Laboratory,INACTIVE,11,2026-09-01 16:17:39,6.9,8.5,8,4.1,4.1,20,LOW,['INACTIVE_USER'],• User account is marked INACTIVE in HR database (+20),APPROVE,Role: Consultant | User Usage: 11 | Peer Avg: 6.9 | Peer Median: 8.5 | Diff: +4.1 | Last Used: 2026-09-01 16:17:39 | Evidence Codes: INACTIVE_USER,REVOKE,APPROVE
ENT-5208,USR-1058,HR,READ,2026-07-30,ACTIVE,Priya Kumar,Consultant,Visiting Consultant,Laboratory,INACTIVE,12,2026-08-31 21:21:39,9.4,9.0,13,2.6,2.6,20,LOW,['INACTIVE_USER'],• User account is marked INACTIVE in HR database (+20),APPROVE,Role: Consultant | User Usage: 12 | Peer Avg: 9.4 | Peer Median: 9.0 | Diff: +2.6 | Last Used: 2026-08-31 21:21:39 | Evidence Codes: INACTIVE_USER,REVOKE,APPROVE
ENT-5209,USR-1058,Billing,READ,2026-07-22,ACTIVE,Priya Kumar,Consultant,Visiting Consultant,Laboratory,INACTIVE,15,2026-08-25 08:39:39,7.4,7.0,16,7.6,7.6,20,LOW,['INACTIVE_USER'],• User account is marked INACTIVE in HR database (+20),APPROVE,Role: Consultant | User Usage: 15 | Peer Avg: 7.4 | Peer Median: 7.0 | Diff: +7.6 | Last Used: 2026-08-25 08:39:39 | Evidence Codes: INACTIVE_USER,REVOKE,APPROVE
ENT-5210,USR-1059,Administration,WRITE,2026-05-03,REVOKED,Pooja Smith,Pharmacist,Permanent Staff,HR,ACTIVE,0,Never,5.6,7.0,13,-5.6,-5.6,40,MEDIUM,['UNUSED_PRIVILEGE'],• Privilege is completely unused in application logs (0 accesses) (+40),REVIEW,Role: Pharmacist | User Usage: 0 | Peer Avg: 5.6 | Peer Median: 7.0 | Diff: -5.6 | Last Used: Never | Evidence Codes: UNUSED_PRIVILEGE,APPROVE,REVOKE
ENT-5211,USR-1059,Patient Records,READ_WRITE,2026-05-10,ACTIVE,Pooja Smith,Pharmacist,Permanent Staff,HR,ACTIVE,0,Never,4.3,0.0,10,-4.3,-4.3,50,MEDIUM,"['UNUSED_PRIVILEGE', 'HIGH_PRIVILEGE']","• Privilege is completely unused in application logs (0 accesses) (+40)
• Elevated permission (READ_WRITE) assigned (+10)",REVIEW,"Role: Pharmacist | User Usage: 0 | Peer Avg: 4.3 | Peer Median: 0.0 | Diff: -4.3 | Last Used: Never | Evidence Codes: UNUSED_PRIVILEGE, HIGH_PRIVILEGE",APPROVE,REVOKE
ENT-5212,USR-1060,Patient Records,READ,2026-08-21,REVOKED,David Brown,Doctor,Permanent Staff,Billing,INACTIVE,0,Never,6.3,8.0,16,-6.3,-6.3,70,HIGH,"['UNUSED_PRIVILEGE', 'INACTIVE_USER', 'RECENTLY_GRANTED']","• Privilege is completely unused in application logs (0 accesses) (+40)
• User account is marked INACTIVE in HR database (+20)
• Privilege recently granted within past 30 days (2026-08-21) (+10)",REVOKE,"Role: Doctor | User Usage: 0 | Peer Avg: 6.3 | Peer Median: 8.0 | Diff: -6.3 | Last Used: Never | Evidence Codes: UNUSED_PRIVILEGE, INACTIVE_USER, RECENTLY_GRANTED",REVOKE,REVOKE
ENT-5213,USR-1060,Billing,WRITE,2026-08-23,REVOKED,David Brown,Doctor,Permanent Staff,Billing,INACTIVE,0,Never,9.5,10.5,12,-9.5,-9.5,70,HIGH,"['UNUSED_PRIVILEGE', 'INACTIVE_USER', 'RECENTLY_GRANTED']","• Privilege is completely unused in application logs (0 accesses) (+40)
• User account is marked INACTIVE in HR database (+20)
• Privilege recently granted within past 30 days (2026-08-23) (+10)",REVOKE,"Role: Doctor | User Usage: 0 | Peer Avg: 9.5 | Peer Median: 10.5 | Diff: -9.5 | Last Used: Never | Evidence Codes: UNUSED_PRIVILEGE, INACTIVE_USER, RECENTLY_GRANTED",REVOKE,REVOKE
ENT-5214,USR-1060,HR,READ,2025-11-28,ACTIVE,David Brown,Doctor,Permanent Staff,Billing,INACTIVE,6,2026-09-01 10:14:39,9.7,9.5,18,-3.7,-3.7,20,LOW,['INACTIVE_USER'],• User account is marked INACTIVE in HR database (+20),APPROVE,Role: Doctor | User Usage: 6 | Peer Avg: 9.7 | Peer Median: 9.5 | Diff: -3.7 | Last Used: 2026-09-01 10:14:39 | Evidence Codes: INACTIVE_USER,REVOKE,APPROVE
ENT-5215,USR-1060,Radiology,ADMIN,2026-01-21,ACTIVE,David Brown,Doctor,Permanent Staff,Billing,INACTIVE,6,2026-09-02 13:54:39,6.4,6.0,17,-0.4,-0.4,50,MEDIUM,"['HIGH_PRIVILEGE', 'INACTIVE_USER']","• High-level permission (ADMIN) assigned (+30)
• User account is marked INACTIVE in HR database (+20)",REVIEW,"Role: Doctor | User Usage: 6 | Peer Avg: 6.4 | Peer Median: 6.0 | Diff: -0.4 | Last Used: 2026-09-02 13:54:39 | Evidence Codes: HIGH_PRIVILEGE, INACTIVE_USER",REVOKE,MODIFY
ENT-5216,USR-1061,Patient Records,READ_WRITE,2026-05-23,ACTIVE,Stephanie Smith,Radiology Technician,Permanent Staff,Laboratory,ACTIVE,11,2026-08-29 02:07:39,5.3,7.0,17,5.7,5.7,10,LOW,['HIGH_PRIVILEGE'],• Elevated permission (READ_WRITE) assigned (+10),APPROVE,Role: Radiology Technician | User Usage: 11 | Peer Avg: 5.3 | Peer Median: 7.0 | Diff: +5.7 | Last Used: 2026-08-29 02:07:39 | Evidence Codes: HIGH_PRIVILEGE,APPROVE,APPROVE
ENT-5217,USR-1061,Administration,READ_WRITE,2026-03-01,ACTIVE,Stephanie Smith,Radiology Technician,Permanent Staff,Laboratory,ACTIVE,0,Never,8.2,10.0,15,-8.2,-8.2,50,MEDIUM,"['UNUSED_PRIVILEGE', 'HIGH_PRIVILEGE']","• Privilege is completely unused in application logs (0 accesses) (+40)
• Elevated permission (READ_WRITE) assigned (+10)",REVIEW,"Role: Radiology Technician | User Usage: 0 | Peer Avg: 8.2 | Peer Median: 10.0 | Diff: -8.2 | Last Used: Never | Evidence Codes: UNUSED_PRIVILEGE, HIGH_PRIVILEGE",APPROVE,REVOKE
ENT-5218,USR-1061,Billing,WRITE,2026-02-19,ACTIVE,Stephanie Smith,Radiology Technician,Permanent Staff,Laboratory,ACTIVE,17,2026-09-03 18:40:39,9.6,10.5,16,7.4,7.4,0,LOW,[],• Standard low-risk usage aligned with peer role,APPROVE,Role: Radiology Technician | User Usage: 17 | Peer Avg: 9.6 | Peer Median: 10.5 | Diff: +7.4 | Last Used: 2026-09-03 18:40:39 | Evidence Codes: NONE,APPROVE,APPROVE
ENT-5219,USR-1062,Billing,READ,2026-07-19,ACTIVE,Rahul Williams,Lab Technician,Permanent Staff,Radiology,ACTIVE,12,2026-08-16 11:03:39,6.2,6.0,15,5.8,5.8,0,LOW,[],• Standard low-risk usage aligned with peer role,APPROVE,Role: Lab Technician | User Usage: 12 | Peer Avg: 6.2 | Peer Median: 6.0 | Diff: +5.8 | Last Used: 2026-08-16 11:03:39 | Evidence Codes: NONE,APPROVE,APPROVE
ENT-5220,USR-1062,Pharmacy,READ,2026-08-13,REVOKED,Rahul Williams,Lab Technician,Permanent Staff,Radiology,ACTIVE,0,Never,8.3,9.0,15,-8.3,-8.3,50,MEDIUM,"['UNUSED_PRIVILEGE', 'RECENTLY_GRANTED']","• Privilege is completely unused in application logs (0 accesses) (+40)
• Privilege recently granted within past 30 days (2026-08-13) (+10)",REVIEW,"Role: Lab Technician | User Usage: 0 | Peer Avg: 8.3 | Peer Median: 9.0 | Diff: -8.3 | Last Used: Never | Evidence Codes: UNUSED_PRIVILEGE, RECENTLY_GRANTED",APPROVE,REVOKE
ENT-5221,USR-1062,HR,WRITE,2025-11-20,ACTIVE,Rahul Williams,Lab Technician,Permanent Staff,Radiology,ACTIVE,12,2026-09-02 21:01:39,7.1,8.0,15,4.9,4.9,0,LOW,[],• Standard low-risk usage aligned with peer role,APPROVE,Role: Lab Technician | User Usage: 12 | Peer Avg: 7.1 | Peer Median: 8.0 | Diff: +4.9 | Last Used: 2026-09-02 21:01:39 | Evidence Codes: NONE,APPROVE,APPROVE
ENT-5222,USR-1062,Laboratory,WRITE,2026-06-03,REVOKED,Rahul Williams,Lab Technician,Permanent Staff,Radiology,ACTIVE,0,Never,5.6,0.0,15,-5.6,-5.6,40,MEDIUM,['UNUSED_PRIVILEGE'],• Privilege is completely unused in application logs (0 accesses) (+40),REVIEW,Role: Lab Technician | User Usage: 0 | Peer Avg: 5.6 | Peer Median: 0.0 | Diff: -5.6 | Last Used: Never | Evidence Codes: UNUSED_PRIVILEGE,APPROVE,REVOKE
ENT-5223,USR-1062,Radiology,READ,2026-03-13,ACTIVE,Rahul Williams,Lab Technician,Permanent Staff,Radiology,ACTIVE,5,2026-08-25 05:52:39,6.9,6.5,10,-1.9,-1.9,0,LOW,[],• Standard low-risk usage aligned with peer role,APPROVE,Role: Lab Technician | User Usage: 5 | Peer Avg: 6.9 | Peer Median: 6.5 | Diff: -1.9 | Last Used: 2026-08-25 05:52:39 | Evidence Codes: NONE,APPROVE,APPROVE
ENT-5224,USR-1063,Billing,READ_WRITE,2025-11-12,ACTIVE,Sarah Nair,Lab Technician,Outsourced Technician,ICU,ACTIVE,0,Never,6.2,6.0,15,-6.2,-6.2,50,MEDIUM,"['UNUSED_PRIVILEGE', 'HIGH_PRIVILEGE']","• Privilege is completely unused in application logs (0 accesses) (+40)
• Elevated permission (READ_WRITE) assigned (+10)",REVIEW,"Role: Lab Technician | User Usage: 0 | Peer Avg: 6.2 | Peer Median: 6.0 | Diff: -6.2 | Last Used: Never | Evidence Codes: UNUSED_PRIVILEGE, HIGH_PRIVILEGE",APPROVE,REVOKE
ENT-5225,USR-1063,Patient Records,ADMIN,2026-07-22,ACTIVE,Sarah Nair,Lab Technician,Outsourced Technician,ICU,ACTIVE,8,2026-09-03 11:38:39,9.1,8.0,15,-1.1,-1.1,30,MEDIUM,['HIGH_PRIVILEGE'],• High-level permission (ADMIN) assigned (+30),REVIEW,Role: Lab Technician | User Usage: 8 | Peer Avg: 9.1 | Peer Median: 8.0 | Diff: -1.1 | Last Used: 2026-09-03 11:38:39 | Evidence Codes: HIGH_PRIVILEGE,APPROVE,MODIFY
ENT-5226,USR-1064,Billing,READ,2026-03-21,REVOKED,Jessica Rodriguez,Radiology Technician,Outsourced Technician,Administration,ACTIVE,0,Never,9.6,10.5,16,-9.6,-9.6,40,MEDIUM,['UNUSED_PRIVILEGE'],• Privilege is completely unused in application logs (0 accesses) (+40),REVIEW,Role: Radiology Technician | User Usage: 0 | Peer Avg: 9.6 | Peer Median: 10.5 | Diff: -9.6 | Last Used: Never | Evidence Codes: UNUSED_PRIVILEGE,APPROVE,REVOKE
ENT-5227,USR-1064,Administration,READ_WRITE,2026-06-17,ACTIVE,Jessica Rodriguez,Radiology Technician,Outsourced Technician,Administration,ACTIVE,11,2026-08-21 09:31:39,8.2,10.0,15,2.8,2.8,10,LOW,['HIGH_PRIVILEGE'],• Elevated permission (READ_WRITE) assigned (+10),APPROVE,Role: Radiology Technician | User Usage: 11 | Peer Avg: 8.2 | Peer Median: 10.0 | Diff: +2.8 | Last Used: 2026-08-21 09:31:39 | Evidence Codes: HIGH_PRIVILEGE,APPROVE,APPROVE
ENT-5228,USR-1064,Patient Records,READ,2026-02-07,ACTIVE,Jessica Rodriguez,Radiology Technician,Outsourced Technician,Administration,ACTIVE,0,Never,5.3,7.0,17,-5.3,-5.3,40,MEDIUM,['UNUSED_PRIVILEGE'],• Privilege is completely unused in application logs (0 accesses) (+40),REVIEW,Role: Radiology Technician | User Usage: 0 | Peer Avg: 5.3 | Peer Median: 7.0 | Diff: -5.3 | Last Used: Never | Evidence Codes: UNUSED_PRIVILEGE,APPROVE,REVOKE
ENT-5229,USR-1064,Pharmacy,READ_WRITE,2025-11-14,ACTIVE,Jessica Rodriguez,Radiology Technician,Outsourced Technician,Administration,ACTIVE,10,2026-09-03 14:27:39,10.3,10.5,18,-0.3,-0.3,10,LOW,['HIGH_PRIVILEGE'],• Elevated permission (READ_WRITE) assigned (+10),APPROVE,Role: Radiology Technician | User Usage: 10 | Peer Avg: 10.3 | Peer Median: 10.5 | Diff: -0.3 | Last Used: 2026-09-03 14:27:39 | Evidence Codes: HIGH_PRIVILEGE,APPROVE,APPROVE
ENT-5230,USR-1065,HR,READ_WRITE,2026-07-20,ACTIVE,Ritu Nair,Nurse,Outsourced Technician,Billing,ACTIVE,11,2026-09-02 11:07:39,8.5,10.0,12,2.5,2.5,10,LOW,['HIGH_PRIVILEGE'],• Elevated permission (READ_WRITE) assigned (+10),APPROVE,Role: Nurse | User Usage: 11 | Peer Avg: 8.5 | Peer Median: 10.0 | Diff: +2.5 | Last Used: 2026-09-02 11:07:39 | Evidence Codes: HIGH_PRIVILEGE,APPROVE,APPROVE
ENT-5231,USR-1065,Billing,READ,2026-08-02,REVOKED,Ritu Nair,Nurse,Outsourced Technician,Billing,ACTIVE,0,Never,4.9,2.5,8,-4.9,-4.9,40,MEDIUM,['UNUSED_PRIVILEGE'],• Privilege is completely unused in application logs (0 accesses) (+40),REVIEW,Role: Nurse | User Usage: 0 | Peer Avg: 4.9 | Peer Median: 2.5 | Diff: -4.9 | Last Used: Never | Evidence Codes: UNUSED_PRIVILEGE,APPROVE,REVOKE
ENT-5232,USR-1065,Laboratory,READ_WRITE,2026-07-22,ACTIVE,Ritu Nair,Nurse,Outsourced Technician,Billing,ACTIVE,9,2026-08-23 22:37:39,7.3,9.0,12,1.7,1.7,10,LOW,['HIGH_PRIVILEGE'],• Elevated permission (READ_WRITE) assigned (+10),APPROVE,Role: Nurse | User Usage: 9 | Peer Avg: 7.3 | Peer Median: 9.0 | Diff: +1.7 | Last Used: 2026-08-23 22:37:39 | Evidence Codes: HIGH_PRIVILEGE,APPROVE,APPROVE
ENT-5233,USR-1065,Radiology,READ,2026-02-07,ACTIVE,Ritu Nair,Nurse,Outsourced Technician,Billing,ACTIVE,8,2026-09-01 22:18:39,8.8,9.0,15,-0.8,-0.8,0,LOW,[],• Standard low-risk usage aligned with peer role,APPROVE,Role: Nurse | User Usage: 8 | Peer Avg: 8.8 | Peer Median: 9.0 | Diff: -0.8 | Last Used: 2026-09-01 22:18:39 | Evidence Codes: NONE,APPROVE,APPROVE
ENT-5234,USR-1065,Administration,READ_WRITE,2026-04-12,ACTIVE,Ritu Nair,Nurse,Outsourced Technician,Billing,ACTIVE,3,2026-07-28 19:03:39,4.4,1.5,10,-1.4,-1.4,10,LOW,['HIGH_PRIVILEGE'],• Elevated permission (READ_WRITE) assigned (+10),APPROVE,Role: Nurse | User Usage: 3 | Peer Avg: 4.4 | Peer Median: 1.5 | Diff: -1.4 | Last Used: 2026-07-28 19:03:39 | Evidence Codes: HIGH_PRIVILEGE,APPROVE,APPROVE
ENT-5235,USR-1066,Radiology,READ_WRITE,2026-02-16,REVOKED,Kavya Joshi,Intern,Intern,Radiology,INACTIVE,0,Never,8.6,10.0,11,-8.6,-8.6,70,HIGH,"['UNUSED_PRIVILEGE', 'HIGH_PRIVILEGE', 'INACTIVE_USER']","• Privilege is completely unused in application logs (0 accesses) (+40)
• Elevated permission (READ_WRITE) assigned (+10)
• User account is marked INACTIVE in HR database (+20)",REVOKE,"Role: Intern | User Usage: 0 | Peer Avg: 8.6 | Peer Median: 10.0 | Diff: -8.6 | Last Used: Never | Evidence Codes: UNUSED_PRIVILEGE, HIGH_PRIVILEGE, INACTIVE_USER",REVOKE,REVOKE
ENT-5236,USR-1066,Pharmacy,WRITE,2026-04-25,ACTIVE,Kavya Joshi,Intern,Intern,Radiology,INACTIVE,12,2026-08-20 12:16:39,8.3,11.0,11,3.7,3.7,20,LOW,['INACTIVE_USER'],• User account is marked INACTIVE in HR database (+20),APPROVE,Role: Intern | User Usage: 12 | Peer Avg: 8.3 | Peer Median: 11.0 | Diff: +3.7 | Last Used: 2026-08-20 12:16:39 | Evidence Codes: INACTIVE_USER,REVOKE,APPROVE
ENT-5237,USR-1066,Laboratory,ADMIN,2026-06-12,ACTIVE,Kavya Joshi,Intern,Intern,Radiology,INACTIVE,13,2026-09-01 03:50:39,8.2,9.0,13,4.8,4.8,50,MEDIUM,"['HIGH_PRIVILEGE', 'INACTIVE_USER']","• High-level permission (ADMIN) assigned (+30)
• User account is marked INACTIVE in HR database (+20)",REVIEW,"Role: Intern | User Usage: 13 | Peer Avg: 8.2 | Peer Median: 9.0 | Diff: +4.8 | Last Used: 2026-09-01 03:50:39 | Evidence Codes: HIGH_PRIVILEGE, INACTIVE_USER",REVOKE,MODIFY
ENT-5238,USR-1066,Administration,READ,2026-06-12,ACTIVE,Kavya Joshi,Intern,Intern,Radiology,INACTIVE,12,2026-08-28 17:49:39,9.0,9.5,10,3.0,3.0,20,LOW,['INACTIVE_USER'],• User account is marked INACTIVE in HR database (+20),APPROVE,Role: Intern | User Usage: 12 | Peer Avg: 9.0 | Peer Median: 9.5 | Diff: +3.0 | Last Used: 2026-08-28 17:49:39 | Evidence Codes: INACTIVE_USER,REVOKE,APPROVE
ENT-5239,USR-1066,HR,READ_WRITE,2026-07-06,REVOKED,Kavya Joshi,Intern,Intern,Radiology,INACTIVE,0,Never,5.6,3.0,16,-5.6,-5.6,70,HIGH,"['UNUSED_PRIVILEGE', 'HIGH_PRIVILEGE', 'INACTIVE_USER']","• Privilege is completely unused in application logs (0 accesses) (+40)
• Elevated permission (READ_WRITE) assigned (+10)
• User account is marked INACTIVE in HR database (+20)",REVOKE,"Role: Intern | User Usage: 0 | Peer Avg: 5.6 | Peer Median: 3.0 | Diff: -5.6 | Last Used: Never | Evidence Codes: UNUSED_PRIVILEGE, HIGH_PRIVILEGE, INACTIVE_USER",REVOKE,REVOKE
ENT-5240,USR-1067,Radiology,READ_WRITE,2026-05-26,ACTIVE,Ritu Martinez,Nurse,Outsourced Technician,HR,ACTIVE,0,Never,8.8,9.0,15,-8.8,-8.8,50,MEDIUM,"['UNUSED_PRIVILEGE', 'HIGH_PRIVILEGE']","• Privilege is completely unused in application logs (0 accesses) (+40)
• Elevated permission (READ_WRITE) assigned (+10)",REVIEW,"Role: Nurse | User Usage: 0 | Peer Avg: 8.8 | Peer Median: 9.0 | Diff: -8.8 | Last Used: Never | Evidence Codes: UNUSED_PRIVILEGE, HIGH_PRIVILEGE",APPROVE,REVOKE
ENT-5241,USR-1067,Laboratory,WRITE,2025-12-10,ACTIVE,Ritu Martinez,Nurse,Outsourced Technician,HR,ACTIVE,7,2026-09-03 14:12:39,7.3,9.0,12,-0.3,-0.3,0,LOW,[],• Standard low-risk usage aligned with peer role,APPROVE,Role: Nurse | User Usage: 7 | Peer Avg: 7.3 | Peer Median: 9.0 | Diff: -0.3 | Last Used: 2026-09-03 14:12:39 | Evidence Codes: NONE,APPROVE,APPROVE
ENT-5242,USR-1067,HR,ADMIN,2026-03-01,ACTIVE,Ritu Martinez,Nurse,Outsourced Technician,HR,ACTIVE,11,2026-08-30 21:08:39,8.5,10.0,12,2.5,2.5,30,MEDIUM,['HIGH_PRIVILEGE'],• High-level permission (ADMIN) assigned (+30),REVIEW,Role: Nurse | User Usage: 11 | Peer Avg: 8.5 | Peer Median: 10.0 | Diff: +2.5 | Last Used: 2026-08-30 21:08:39 | Evidence Codes: HIGH_PRIVILEGE,APPROVE,MODIFY
ENT-5243,USR-1067,Patient Records,WRITE,2026-03-16,ACTIVE,Ritu Martinez,Nurse,Outsourced Technician,HR,ACTIVE,0,Never,10.8,12.0,11,-10.8,-10.8,40,MEDIUM,['UNUSED_PRIVILEGE'],• Privilege is completely unused in application logs (0 accesses) (+40),REVIEW,Role: Nurse | User Usage: 0 | Peer Avg: 10.8 | Peer Median: 12.0 | Diff: -10.8 | Last Used: Never | Evidence Codes: UNUSED_PRIVILEGE,APPROVE,REVOKE
ENT-5244,USR-1068,Laboratory,WRITE,2026-07-17,ACTIVE,Amit Garcia,Pharmacist,Permanent Staff,Pharmacy,ACTIVE,0,Never,5.6,6.0,10,-5.6,-5.6,40,MEDIUM,['UNUSED_PRIVILEGE'],• Privilege is completely unused in application logs (0 accesses) (+40),REVIEW,Role: Pharmacist | User Usage: 0 | Peer Avg: 5.6 | Peer Median: 6.0 | Diff: -5.6 | Last Used: Never | Evidence Codes: UNUSED_PRIVILEGE,APPROVE,REVOKE
ENT-5245,USR-1068,Radiology,WRITE,2026-04-27,ACTIVE,Amit Garcia,Pharmacist,Permanent Staff,Pharmacy,ACTIVE,11,2026-09-01 10:08:39,9.8,11.0,14,1.2,1.2,0,LOW,[],• Standard low-risk usage aligned with peer role,APPROVE,Role: Pharmacist | User Usage: 11 | Peer Avg: 9.8 | Peer Median: 11.0 | Diff: +1.2 | Last Used: 2026-09-01 10:08:39 | Evidence Codes: NONE,APPROVE,APPROVE
ENT-5246,USR-1069,HR,READ_WRITE,2026-03-28,ACTIVE,Michael Rao,Pharmacist,Permanent Staff,Pharmacy,ACTIVE,7,2026-08-25 16:19:39,7.7,9.0,12,-0.7,-0.7,10,LOW,['HIGH_PRIVILEGE'],• Elevated permission (READ_WRITE) assigned (+10),APPROVE,Role: Pharmacist | User Usage: 7 | Peer Avg: 7.7 | Peer Median: 9.0 | Diff: -0.7 | Last Used: 2026-08-25 16:19:39 | Evidence Codes: HIGH_PRIVILEGE,APPROVE,APPROVE
ENT-5247,USR-1069,Radiology,READ_WRITE,2026-06-05,ACTIVE,Michael Rao,Pharmacist,Permanent Staff,Pharmacy,ACTIVE,11,2026-08-18 11:49:39,9.8,11.0,14,1.2,1.2,10,LOW,['HIGH_PRIVILEGE'],• Elevated permission (READ_WRITE) assigned (+10),APPROVE,Role: Pharmacist | User Usage: 11 | Peer Avg: 9.8 | Peer Median: 11.0 | Diff: +1.2 | Last Used: 2026-08-18 11:49:39 | Evidence Codes: HIGH_PRIVILEGE,APPROVE,APPROVE
ENT-5248,USR-1069,Pharmacy,WRITE,2025-12-25,ACTIVE,Michael Rao,Pharmacist,Permanent Staff,Pharmacy,ACTIVE,5,2026-08-11 04:52:39,7.0,10.0,11,-2.0,-2.0,0,LOW,[],• Standard low-risk usage aligned with peer role,APPROVE,Role: Pharmacist | User Usage: 5 | Peer Avg: 7.0 | Peer Median: 10.0 | Diff: -2.0 | Last Used: 2026-08-11 04:52:39 | Evidence Codes: NONE,APPROVE,APPROVE
ENT-5249,USR-1070,Laboratory,WRITE,2026-06-21,ACTIVE,Kavya Rao,Billing Staff,Permanent Staff,Administration,ACTIVE,0,Never,7.5,9.0,11,-7.5,-7.5,40,MEDIUM,['UNUSED_PRIVILEGE'],• Privilege is completely unused in application logs (0 accesses) (+40),REVIEW,Role: Billing Staff | User Usage: 0 | Peer Avg: 7.5 | Peer Median: 9.0 | Diff: -7.5 | Last Used: Never | Evidence Codes: UNUSED_PRIVILEGE,APPROVE,REVOKE
ENT-5250,USR-1070,Pharmacy,READ,2026-03-12,ACTIVE,Kavya Rao,Billing Staff,Permanent Staff,Administration,ACTIVE,14,2026-09-02 22:25:39,7.5,9.0,13,6.5,6.5,0,LOW,[],• Standard low-risk usage aligned with peer role,APPROVE,Role: Billing Staff | User Usage: 14 | Peer Avg: 7.5 | Peer Median: 9.0 | Diff: +6.5 | Last Used: 2026-09-02 22:25:39 | Evidence Codes: NONE,APPROVE,APPROVE
ENT-5251,USR-1070,Radiology,WRITE,2026-03-14,ACTIVE,Kavya Rao,Billing Staff,Permanent Staff,Administration,ACTIVE,0,Never,6.6,7.5,14,-6.6,-6.6,40,MEDIUM,['UNUSED_PRIVILEGE'],• Privilege is completely unused in application logs (0 accesses) (+40),REVIEW,Role: Billing Staff | User Usage: 0 | Peer Avg: 6.6 | Peer Median: 7.5 | Diff: -6.6 | Last Used: Never | Evidence Codes: UNUSED_PRIVILEGE,APPROVE,REVOKE
ENT-5252,USR-1070,HR,WRITE,2026-06-21,ACTIVE,Kavya Rao,Billing Staff,Permanent Staff,Administration,ACTIVE,9,2026-08-24 17:56:39,6.6,8.0,9,2.4,2.4,0,LOW,[],• Standard low-risk usage aligned with peer role,APPROVE,Role: Billing Staff | User Usage: 9 | Peer Avg: 6.6 | Peer Median: 8.0 | Diff: +2.4 | Last Used: 2026-08-24 17:56:39 | Evidence Codes: NONE,APPROVE,APPROVE
ENT-5253,USR-1071,Radiology,READ,2026-03-19,ACTIVE,Rahul Jones,Pharmacist,Outsourced Technician,Pharmacy,ACTIVE,12,2026-09-01 21:50:39,9.8,11.0,14,2.2,2.2,0,LOW,[],• Standard low-risk usage aligned with peer role,APPROVE,Role: Pharmacist | User Usage: 12 | Peer Avg: 9.8 | Peer Median: 11.0 | Diff: +2.2 | Last Used: 2026-09-01 21:50:39 | Evidence Codes: NONE,APPROVE,APPROVE
ENT-5254,USR-1071,Laboratory,READ,2025-12-21,ACTIVE,Rahul Jones,Pharmacist,Outsourced Technician,Pharmacy,ACTIVE,0,Never,5.6,6.0,10,-5.6,-5.6,40,MEDIUM,['UNUSED_PRIVILEGE'],• Privilege is completely unused in application logs (0 accesses) (+40),REVIEW,Role: Pharmacist | User Usage: 0 | Peer Avg: 5.6 | Peer Median: 6.0 | Diff: -5.6 | Last Used: Never | Evidence Codes: UNUSED_PRIVILEGE,APPROVE,REVOKE
ENT-5255,USR-1071,Pharmacy,READ,2026-03-16,ACTIVE,Rahul Jones,Pharmacist,Outsourced Technician,Pharmacy,ACTIVE,12,2026-09-03 19:34:39,7.0,10.0,11,5.0,5.0,0,LOW,[],• Standard low-risk usage aligned with peer role,APPROVE,Role: Pharmacist | User Usage: 12 | Peer Avg: 7.0 | Peer Median: 10.0 | Diff: +5.0 | Last Used: 2026-09-03 19:34:39 | Evidence Codes: NONE,APPROVE,APPROVE
ENT-5256,USR-1072,Laboratory,READ,2026-05-29,ACTIVE,Kavya Kumar,Billing Staff,Permanent Staff,Laboratory,INACTIVE,12,2026-08-29 12:47:39,7.5,9.0,11,4.5,4.5,20,LOW,['INACTIVE_USER'],• User account is marked INACTIVE in HR database (+20),APPROVE,Role: Billing Staff | User Usage: 12 | Peer Avg: 7.5 | Peer Median: 9.0 | Diff: +4.5 | Last Used: 2026-08-29 12:47:39 | Evidence Codes: INACTIVE_USER,REVOKE,APPROVE
ENT-5257,USR-1072,Patient Records,WRITE,2026-01-05,ACTIVE,Kavya Kumar,Billing Staff,Permanent Staff,Laboratory,INACTIVE,11,2026-09-02 19:34:39,8.8,11.0,13,2.2,2.2,20,LOW,['INACTIVE_USER'],• User account is marked INACTIVE in HR database (+20),APPROVE,Role: Billing Staff | User Usage: 11 | Peer Avg: 8.8 | Peer Median: 11.0 | Diff: +2.2 | Last Used: 2026-09-02 19:34:39 | Evidence Codes: INACTIVE_USER,REVOKE,APPROVE
ENT-5258,USR-1072,Billing,READ_WRITE,2026-04-02,ACTIVE,Kavya Kumar,Billing Staff,Permanent Staff,Laboratory,INACTIVE,11,2026-08-24 13:29:39,6.5,6.0,11,4.5,4.5,30,MEDIUM,"['HIGH_PRIVILEGE', 'INACTIVE_USER']","• Elevated permission (READ_WRITE) assigned (+10)
• User account is marked INACTIVE in HR database (+20)",REVIEW,"Role: Billing Staff | User Usage: 11 | Peer Avg: 6.5 | Peer Median: 6.0 | Diff: +4.5 | Last Used: 2026-08-24 13:29:39 | Evidence Codes: HIGH_PRIVILEGE, INACTIVE_USER",REVOKE,MODIFY
ENT-5259,USR-1072,Pharmacy,ADMIN,2026-02-01,ACTIVE,Kavya Kumar,Billing Staff,Permanent Staff,Laboratory,INACTIVE,9,2026-08-13 13:52:39,7.5,9.0,13,1.5,1.5,50,MEDIUM,"['HIGH_PRIVILEGE', 'INACTIVE_USER']","• High-level permission (ADMIN) assigned (+30)
• User account is marked INACTIVE in HR database (+20)",REVIEW,"Role: Billing Staff | User Usage: 9 | Peer Avg: 7.5 | Peer Median: 9.0 | Diff: +1.5 | Last Used: 2026-08-13 13:52:39 | Evidence Codes: HIGH_PRIVILEGE, INACTIVE_USER",REVOKE,MODIFY
ENT-5260,USR-1072,Administration,READ_WRITE,2026-03-27,ACTIVE,Kavya Kumar,Billing Staff,Permanent Staff,Laboratory,INACTIVE,11,2026-08-28 00:13:39,9.8,10.5,8,1.2,1.2,30,MEDIUM,"['HIGH_PRIVILEGE', 'INACTIVE_USER']","• Elevated permission (READ_WRITE) assigned (+10)
• User account is marked INACTIVE in HR database (+20)",REVIEW,"Role: Billing Staff | User Usage: 11 | Peer Avg: 9.8 | Peer Median: 10.5 | Diff: +1.2 | Last Used: 2026-08-28 00:13:39 | Evidence Codes: HIGH_PRIVILEGE, INACTIVE_USER",REVOKE,MODIFY
ENT-5261,USR-1073,HR,ADMIN,2025-12-27,ACTIVE,Kavya Kumar,Radiology Technician,Outsourced Technician,Emergency,ACTIVE,10,2026-08-27 19:07:39,10.7,11.0,10,-0.7,-0.7,30,MEDIUM,['HIGH_PRIVILEGE'],• High-level permission (ADMIN) assigned (+30),REVIEW,Role: Radiology Technician | User Usage: 10 | Peer Avg: 10.7 | Peer Median: 11.0 | Diff: -0.7 | Last Used: 2026-08-27 19:07:39 | Evidence Codes: HIGH_PRIVILEGE,APPROVE,MODIFY
ENT-5262,USR-1073,Radiology,WRITE,2026-01-27,ACTIVE,Kavya Kumar,Radiology Technician,Outsourced Technician,Emergency,ACTIVE,11,2026-08-16 02:12:39,5.8,5.0,13,5.2,5.2,0,LOW,[],• Standard low-risk usage aligned with peer role,APPROVE,Role: Radiology Technician | User Usage: 11 | Peer Avg: 5.8 | Peer Median: 5.0 | Diff: +5.2 | Last Used: 2026-08-16 02:12:39 | Evidence Codes: NONE,APPROVE,APPROVE
ENT-5263,USR-1073,Administration,READ,2026-02-26,ACTIVE,Kavya Kumar,Radiology Technician,Outsourced Technician,Emergency,ACTIVE,12,2026-08-23 17:35:39,8.2,10.0,15,3.8,3.8,0,LOW,[],• Standard low-risk usage aligned with peer role,APPROVE,Role: Radiology Technician | User Usage: 12 | Peer Avg: 8.2 | Peer Median: 10.0 | Diff: +3.8 | Last Used: 2026-08-23 17:35:39 | Evidence Codes: NONE,APPROVE,APPROVE
ENT-5264,USR-1074,Patient Records,READ,2026-03-01,ACTIVE,David Gupta,Intern,Intern,Emergency,ACTIVE,0,Never,7.6,9.0,11,-7.6,-7.6,40,MEDIUM,['UNUSED_PRIVILEGE'],• Privilege is completely unused in application logs (0 accesses) (+40),REVIEW,Role: Intern | User Usage: 0 | Peer Avg: 7.6 | Peer Median: 9.0 | Diff: -7.6 | Last Used: Never | Evidence Codes: UNUSED_PRIVILEGE,APPROVE,REVOKE
ENT-5265,USR-1074,Pharmacy,WRITE,2025-11-14,ACTIVE,David Gupta,Intern,Intern,Emergency,ACTIVE,14,2026-09-03 13:06:39,8.3,11.0,11,5.7,5.7,0,LOW,[],• Standard low-risk usage aligned with peer role,APPROVE,Role: Intern | User Usage: 14 | Peer Avg: 8.3 | Peer Median: 11.0 | Diff: +5.7 | Last Used: 2026-09-03 13:06:39 | Evidence Codes: NONE,APPROVE,APPROVE
ENT-5266,USR-1075,Administration,ADMIN,2026-05-08,ACTIVE,Karan Brown,Doctor,Permanent Staff,HR,ACTIVE,11,2026-09-02 01:00:39,6.6,7.0,14,4.4,4.4,30,MEDIUM,['HIGH_PRIVILEGE'],• High-level permission (ADMIN) assigned (+30),REVIEW,Role: Doctor | User Usage: 11 | Peer Avg: 6.6 | Peer Median: 7.0 | Diff: +4.4 | Last Used: 2026-09-02 01:00:39 | Evidence Codes: HIGH_PRIVILEGE,APPROVE,MODIFY
ENT-5267,USR-1075,Laboratory,WRITE,2025-11-08,ACTIVE,Karan Brown,Doctor,Permanent Staff,HR,ACTIVE,12,2026-09-03 17:30:39,5.5,5.5,16,6.5,6.5,0,LOW,[],• Standard low-risk usage aligned with peer role,APPROVE,Role: Doctor | User Usage: 12 | Peer Avg: 5.5 | Peer Median: 5.5 | Diff: +6.5 | Last Used: 2026-09-03 17:30:39 | Evidence Codes: NONE,APPROVE,APPROVE
ENT-5268,USR-1075,Radiology,WRITE,2026-01-04,ACTIVE,Karan Brown,Doctor,Permanent Staff,HR,ACTIVE,3,2026-08-10 21:04:39,6.4,6.0,17,-3.4,-3.4,0,LOW,[],• Standard low-risk usage aligned with peer role,APPROVE,Role: Doctor | User Usage: 3 | Peer Avg: 6.4 | Peer Median: 6.0 | Diff: -3.4 | Last Used: 2026-08-10 21:04:39 | Evidence Codes: NONE,APPROVE,APPROVE
ENT-5269,USR-1075,Patient Records,WRITE,2025-12-16,ACTIVE,Karan Brown,Doctor,Permanent Staff,HR,ACTIVE,8,2026-08-13 20:22:39,6.3,8.0,16,1.7,1.7,0,LOW,[],• Standard low-risk usage aligned with peer role,APPROVE,Role: Doctor | User Usage: 8 | Peer Avg: 6.3 | Peer Median: 8.0 | Diff: +1.7 | Last Used: 2026-08-13 20:22:39 | Evidence Codes: NONE,APPROVE,APPROVE
ENT-5270,USR-1075,Billing,READ,2025-12-25,ACTIVE,Karan Brown,Doctor,Permanent Staff,HR,ACTIVE,10,2026-09-02 07:50:39,9.5,10.5,12,0.5,0.5,0,LOW,[],• Standard low-risk usage aligned with peer role,APPROVE,Role: Doctor | User Usage: 10 | Peer Avg: 9.5 | Peer Median: 10.5 | Diff: +0.5 | Last Used: 2026-09-02 07:50:39 | Evidence Codes: NONE,APPROVE,APPROVE
ENT-5271,USR-1076,Patient Records,READ_WRITE,2026-05-16,ACTIVE,David Sharma,Pharmacist,Outsourced Technician,ICU,ACTIVE,7,2026-08-30 09:39:39,4.3,0.0,10,2.7,2.7,10,LOW,['HIGH_PRIVILEGE'],• Elevated permission (READ_WRITE) assigned (+10),APPROVE,Role: Pharmacist | User Usage: 7 | Peer Avg: 4.3 | Peer Median: 0.0 | Diff: +2.7 | Last Used: 2026-08-30 09:39:39 | Evidence Codes: HIGH_PRIVILEGE,APPROVE,APPROVE
ENT-5272,USR-1076,Administration,READ_WRITE,2026-07-11,ACTIVE,David Sharma,Pharmacist,Outsourced Technician,ICU,ACTIVE,8,2026-08-24 09:00:39,5.6,7.0,13,2.4,2.4,10,LOW,['HIGH_PRIVILEGE'],• Elevated permission (READ_WRITE) assigned (+10),APPROVE,Role: Pharmacist | User Usage: 8 | Peer Avg: 5.6 | Peer Median: 7.0 | Diff: +2.4 | Last Used: 2026-08-24 09:00:39 | Evidence Codes: HIGH_PRIVILEGE,APPROVE,APPROVE
ENT-5273,USR-1076,Pharmacy,READ,2026-03-19,REVOKED,David Sharma,Pharmacist,Outsourced Technician,ICU,ACTIVE,0,Never,7.0,10.0,11,-7.0,-7.0,40,MEDIUM,['UNUSED_PRIVILEGE'],• Privilege is completely unused in application logs (0 accesses) (+40),REVIEW,Role: Pharmacist | User Usage: 0 | Peer Avg: 7.0 | Peer Median: 10.0 | Diff: -7.0 | Last Used: Never | Evidence Codes: UNUSED_PRIVILEGE,APPROVE,REVOKE
ENT-5274,USR-1076,Laboratory,ADMIN,2026-07-02,REVOKED,David Sharma,Pharmacist,Outsourced Technician,ICU,ACTIVE,0,Never,5.6,6.0,10,-5.6,-5.6,70,HIGH,"['UNUSED_PRIVILEGE', 'HIGH_PRIVILEGE']","• Privilege is completely unused in application logs (0 accesses) (+40)
• High-level permission (ADMIN) assigned (+30)",REVOKE,"Role: Pharmacist | User Usage: 0 | Peer Avg: 5.6 | Peer Median: 6.0 | Diff: -5.6 | Last Used: Never | Evidence Codes: UNUSED_PRIVILEGE, HIGH_PRIVILEGE",APPROVE,REVOKE
ENT-5275,USR-1076,Billing,READ_WRITE,2026-07-05,ACTIVE,David Sharma,Pharmacist,Outsourced Technician,ICU,ACTIVE,10,2026-09-02 18:11:39,6.2,6.5,14,3.8,3.8,10,LOW,['HIGH_PRIVILEGE'],• Elevated permission (READ_WRITE) assigned (+10),APPROVE,Role: Pharmacist | User Usage: 10 | Peer Avg: 6.2 | Peer Median: 6.5 | Diff: +3.8 | Last Used: 2026-09-02 18:11:39 | Evidence Codes: HIGH_PRIVILEGE,APPROVE,APPROVE
ENT-5276,USR-1077,HR,READ_WRITE,2026-06-09,ACTIVE,Amanda Brown,Intern,Intern,Administration,ACTIVE,9,2026-08-29 09:27:39,5.6,3.0,16,3.4,3.4,10,LOW,['HIGH_PRIVILEGE'],• Elevated permission (READ_WRITE) assigned (+10),APPROVE,Role: Intern | User Usage: 9 | Peer Avg: 5.6 | Peer Median: 3.0 | Diff: +3.4 | Last Used: 2026-08-29 09:27:39 | Evidence Codes: HIGH_PRIVILEGE,APPROVE,APPROVE
ENT-5277,USR-1077,Pharmacy,WRITE,2026-01-05,ACTIVE,Amanda Brown,Intern,Intern,Administration,ACTIVE,19,2026-08-27 21:34:39,8.3,11.0,11,10.7,10.7,0,LOW,[],• Standard low-risk usage aligned with peer role,APPROVE,Role: Intern | User Usage: 19 | Peer Avg: 8.3 | Peer Median: 11.0 | Diff: +10.7 | Last Used: 2026-08-27 21:34:39 | Evidence Codes: NONE,APPROVE,APPROVE
ENT-5278,USR-1077,Billing,WRITE,2026-05-27,ACTIVE,Amanda Brown,Intern,Intern,Administration,ACTIVE,0,Never,6.6,8.5,8,-6.6,-6.6,40,MEDIUM,['UNUSED_PRIVILEGE'],• Privilege is completely unused in application logs (0 accesses) (+40),REVIEW,Role: Intern | User Usage: 0 | Peer Avg: 6.6 | Peer Median: 8.5 | Diff: -6.6 | Last Used: Never | Evidence Codes: UNUSED_PRIVILEGE,APPROVE,REVOKE
ENT-5279,USR-1078,Radiology,WRITE,2026-02-11,REVOKED,Aarav Williams,Radiology Technician,Outsourced Technician,Pharmacy,ACTIVE,0,Never,5.8,5.0,13,-5.8,-5.8,40,MEDIUM,['UNUSED_PRIVILEGE'],• Privilege is completely unused in application logs (0 accesses) (+40),REVIEW,Role: Radiology Technician | User Usage: 0 | Peer Avg: 5.8 | Peer Median: 5.0 | Diff: -5.8 | Last Used: Never | Evidence Codes: UNUSED_PRIVILEGE,APPROVE,REVOKE
ENT-5280,USR-1078,Patient Records,READ_WRITE,2026-04-09,ACTIVE,Aarav Williams,Radiology Technician,Outsourced Technician,Pharmacy,ACTIVE,7,2026-09-01 23:30:39,5.3,7.0,17,1.7,1.7,10,LOW,['HIGH_PRIVILEGE'],• Elevated permission (READ_WRITE) assigned (+10),APPROVE,Role: Radiology Technician | User Usage: 7 | Peer Avg: 5.3 | Peer Median: 7.0 | Diff: +1.7 | Last Used: 2026-09-01 23:30:39 | Evidence Codes: HIGH_PRIVILEGE,APPROVE,APPROVE
ENT-5281,USR-1078,Billing,READ,2026-07-28,ACTIVE,Aarav Williams,Radiology Technician,Outsourced Technician,Pharmacy,ACTIVE,9,2026-09-01 22:43:39,9.6,10.5,16,-0.6,-0.6,0,LOW,[],• Standard low-risk usage aligned with peer role,APPROVE,Role: Radiology Technician | User Usage: 9 | Peer Avg: 9.6 | Peer Median: 10.5 | Diff: -0.6 | Last Used: 2026-09-01 22:43:39 | Evidence Codes: NONE,APPROVE,APPROVE
ENT-5282,USR-1078,Pharmacy,READ,2025-11-28,ACTIVE,Aarav Williams,Radiology Technician,Outsourced Technician,Pharmacy,ACTIVE,15,2026-09-01 18:12:39,10.3,10.5,18,4.7,4.7,0,LOW,[],• Standard low-risk usage aligned with peer role,APPROVE,Role: Radiology Technician | User Usage: 15 | Peer Avg: 10.3 | Peer Median: 10.5 | Diff: +4.7 | Last Used: 2026-09-01 18:12:39 | Evidence Codes: NONE,APPROVE,APPROVE
ENT-5283,USR-1078,Administration,READ_WRITE,2026-01-07,ACTIVE,Aarav Williams,Radiology Technician,Outsourced Technician,Pharmacy,ACTIVE,10,2026-09-02 13:28:39,8.2,10.0,15,1.8,1.8,10,LOW,['HIGH_PRIVILEGE'],• Elevated permission (READ_WRITE) assigned (+10),APPROVE,Role: Radiology Technician | User Usage: 10 | Peer Avg: 8.2 | Peer Median: 10.0 | Diff: +1.8 | Last Used: 2026-09-02 13:28:39 | Evidence Codes: HIGH_PRIVILEGE,APPROVE,APPROVE
ENT-5284,USR-1079,Billing,WRITE,2026-07-02,ACTIVE,Swati Sharma,Pharmacist,Permanent Staff,Emergency,INACTIVE,6,2026-09-01 17:42:39,6.2,6.5,14,-0.2,-0.2,20,LOW,['INACTIVE_USER'],• User account is marked INACTIVE in HR database (+20),APPROVE,Role: Pharmacist | User Usage: 6 | Peer Avg: 6.2 | Peer Median: 6.5 | Diff: -0.2 | Last Used: 2026-09-01 17:42:39 | Evidence Codes: INACTIVE_USER,REVOKE,APPROVE
ENT-5285,USR-1079,HR,READ,2026-06-02,ACTIVE,Swati Sharma,Pharmacist,Permanent Staff,Emergency,INACTIVE,13,2026-08-23 10:52:39,7.7,9.0,12,5.3,5.3,20,LOW,['INACTIVE_USER'],• User account is marked INACTIVE in HR database (+20),APPROVE,Role: Pharmacist | User Usage: 13 | Peer Avg: 7.7 | Peer Median: 9.0 | Diff: +5.3 | Last Used: 2026-08-23 10:52:39 | Evidence Codes: INACTIVE_USER,REVOKE,APPROVE
ENT-5286,USR-1079,Laboratory,READ,2026-03-30,ACTIVE,Swati Sharma,Pharmacist,Permanent Staff,Emergency,INACTIVE,11,2026-08-24 02:24:39,5.6,6.0,10,5.4,5.4,20,LOW,['INACTIVE_USER'],• User account is marked INACTIVE in HR database (+20),APPROVE,Role: Pharmacist | User Usage: 11 | Peer Avg: 5.6 | Peer Median: 6.0 | Diff: +5.4 | Last Used: 2026-08-24 02:24:39 | Evidence Codes: INACTIVE_USER,REVOKE,APPROVE
ENT-5287,USR-1079,Radiology,WRITE,2026-06-22,ACTIVE,Swati Sharma,Pharmacist,Permanent Staff,Emergency,INACTIVE,0,Never,9.8,11.0,14,-9.8,-9.8,60,HIGH,"['UNUSED_PRIVILEGE', 'INACTIVE_USER']","• Privilege is completely unused in application logs (0 accesses) (+40)
• User account is marked INACTIVE in HR database (+20)",REVOKE,"Role: Pharmacist | User Usage: 0 | Peer Avg: 9.8 | Peer Median: 11.0 | Diff: -9.8 | Last Used: Never | Evidence Codes: UNUSED_PRIVILEGE, INACTIVE_USER",REVOKE,REVOKE
ENT-5288,USR-1079,Administration,READ_WRITE,2026-07-01,ACTIVE,Swati Sharma,Pharmacist,Permanent Staff,Emergency,INACTIVE,7,2026-08-29 08:09:39,5.6,7.0,13,1.4,1.4,30,MEDIUM,"['HIGH_PRIVILEGE', 'INACTIVE_USER']","• Elevated permission (READ_WRITE) assigned (+10)
• User account is marked INACTIVE in HR database (+20)",REVIEW,"Role: Pharmacist | User Usage: 7 | Peer Avg: 5.6 | Peer Median: 7.0 | Diff: +1.4 | Last Used: 2026-08-29 08:09:39 | Evidence Codes: HIGH_PRIVILEGE, INACTIVE_USER",REVOKE,MODIFY
ENT-5289,USR-1080,Billing,WRITE,2025-11-08,ACTIVE,Neha Verma,Lab Technician,Outsourced Technician,Billing,ACTIVE,4,2026-08-16 18:58:39,6.2,6.0,15,-2.2,-2.2,0,LOW,[],• Standard low-risk usage aligned with peer role,APPROVE,Role: Lab Technician | User Usage: 4 | Peer Avg: 6.2 | Peer Median: 6.0 | Diff: -2.2 | Last Used: 2026-08-16 18:58:39 | Evidence Codes: NONE,APPROVE,APPROVE
ENT-5290,USR-1080,Radiology,READ_WRITE,2025-11-27,ACTIVE,Neha Verma,Lab Technician,Outsourced Technician,Billing,ACTIVE,7,2026-07-25 20:32:39,6.9,6.5,10,0.1,0.1,10,LOW,['HIGH_PRIVILEGE'],• Elevated permission (READ_WRITE) assigned (+10),APPROVE,Role: Lab Technician | User Usage: 7 | Peer Avg: 6.9 | Peer Median: 6.5 | Diff: +0.1 | Last Used: 2026-07-25 20:32:39 | Evidence Codes: HIGH_PRIVILEGE,APPROVE,APPROVE
ENT-5291,USR-1080,HR,WRITE,2026-06-02,ACTIVE,Neha Verma,Lab Technician,Outsourced Technician,Billing,ACTIVE,7,2026-08-20 08:27:39,7.1,8.0,15,-0.1,-0.1,0,LOW,[],• Standard low-risk usage aligned with peer role,APPROVE,Role: Lab Technician | User Usage: 7 | Peer Avg: 7.1 | Peer Median: 8.0 | Diff: -0.1 | Last Used: 2026-08-20 08:27:39 | Evidence Codes: NONE,APPROVE,APPROVE
ENT-5292,USR-1081,Laboratory,WRITE,2026-02-27,ACTIVE,Michael Williams,Lab Technician,Outsourced Technician,Laboratory,ACTIVE,10,2026-08-26 20:10:39,5.6,0.0,15,4.4,4.4,0,LOW,[],• Standard low-risk usage aligned with peer role,APPROVE,Role: Lab Technician | User Usage: 10 | Peer Avg: 5.6 | Peer Median: 0.0 | Diff: +4.4 | Last Used: 2026-08-26 20:10:39 | Evidence Codes: NONE,APPROVE,APPROVE
ENT-5293,USR-1081,Pharmacy,WRITE,2026-05-22,ACTIVE,Michael Williams,Lab Technician,Outsourced Technician,Laboratory,ACTIVE,13,2026-08-19 17:54:39,8.3,9.0,15,4.7,4.7,0,LOW,[],• Standard low-risk usage aligned with peer role,APPROVE,Role: Lab Technician | User Usage: 13 | Peer Avg: 8.3 | Peer Median: 9.0 | Diff: +4.7 | Last Used: 2026-08-19 17:54:39 | Evidence Codes: NONE,APPROVE,APPROVE
ENT-5294,USR-1081,HR,READ,2025-12-14,ACTIVE,Michael Williams,Lab Technician,Outsourced Technician,Laboratory,ACTIVE,0,Never,7.1,8.0,15,-7.1,-7.1,40,MEDIUM,['UNUSED_PRIVILEGE'],• Privilege is completely unused in application logs (0 accesses) (+40),REVIEW,Role: Lab Technician | User Usage: 0 | Peer Avg: 7.1 | Peer Median: 8.0 | Diff: -7.1 | Last Used: Never | Evidence Codes: UNUSED_PRIVILEGE,APPROVE,REVOKE
ENT-5295,USR-1081,Administration,WRITE,2025-12-21,ACTIVE,Michael Williams,Lab Technician,Outsourced Technician,Laboratory,ACTIVE,8,2026-09-03 15:50:39,7.7,8.0,13,0.3,0.3,0,LOW,[],• Standard low-risk usage aligned with peer role,APPROVE,Role: Lab Technician | User Usage: 8 | Peer Avg: 7.7 | Peer Median: 8.0 | Diff: +0.3 | Last Used: 2026-09-03 15:50:39 | Evidence Codes: NONE,APPROVE,APPROVE
ENT-5296,USR-1081,Billing,READ,2025-12-22,ACTIVE,Michael Williams,Lab Technician,Outsourced Technician,Laboratory,ACTIVE,7,2026-09-03 16:29:39,6.2,6.0,15,0.8,0.8,0,LOW,[],• Standard low-risk usage aligned with peer role,APPROVE,Role: Lab Technician | User Usage: 7 | Peer Avg: 6.2 | Peer Median: 6.0 | Diff: +0.8 | Last Used: 2026-09-03 16:29:39 | Evidence Codes: NONE,APPROVE,APPROVE
ENT-5297,USR-1082,Administration,READ_WRITE,2026-04-11,ACTIVE,Swati Verma,Radiology Technician,Permanent Staff,Emergency,ACTIVE,10,2026-08-28 12:42:39,8.2,10.0,15,1.8,1.8,10,LOW,['HIGH_PRIVILEGE'],• Elevated permission (READ_WRITE) assigned (+10),APPROVE,Role: Radiology Technician | User Usage: 10 | Peer Avg: 8.2 | Peer Median: 10.0 | Diff: +1.8 | Last Used: 2026-08-28 12:42:39 | Evidence Codes: HIGH_PRIVILEGE,APPROVE,APPROVE
ENT-5298,USR-1082,Pharmacy,READ_WRITE,2026-01-07,ACTIVE,Swati Verma,Radiology Technician,Permanent Staff,Emergency,ACTIVE,9,2026-08-20 20:55:39,10.3,10.5,18,-1.3,-1.3,10,LOW,['HIGH_PRIVILEGE'],• Elevated permission (READ_WRITE) assigned (+10),APPROVE,Role: Radiology Technician | User Usage: 9 | Peer Avg: 10.3 | Peer Median: 10.5 | Diff: -1.3 | Last Used: 2026-08-20 20:55:39 | Evidence Codes: HIGH_PRIVILEGE,APPROVE,APPROVE
ENT-5299,USR-1083,Billing,READ,2026-02-23,ACTIVE,Kavya Reddy,Doctor,Permanent Staff,Radiology,ACTIVE,17,2026-09-02 07:14:39,9.5,10.5,12,7.5,7.5,0,LOW,[],• Standard low-risk usage aligned with peer role,APPROVE,Role: Doctor | User Usage: 17 | Peer Avg: 9.5 | Peer Median: 10.5 | Diff: +7.5 | Last Used: 2026-09-02 07:14:39 | Evidence Codes: NONE,APPROVE,APPROVE
ENT-5300,USR-1083,Administration,READ,2026-01-16,ACTIVE,Kavya Reddy,Doctor,Permanent Staff,Radiology,ACTIVE,7,2026-08-08 05:58:39,6.6,7.0,14,0.4,0.4,0,LOW,[],• Standard low-risk usage aligned with peer role,APPROVE,Role: Doctor | User Usage: 7 | Peer Avg: 6.6 | Peer Median: 7.0 | Diff: +0.4 | Last Used: 2026-08-08 05:58:39 | Evidence Codes: NONE,APPROVE,APPROVE
ENT-5301,USR-1083,Patient Records,READ,2026-07-08,ACTIVE,Kavya Reddy,Doctor,Permanent Staff,Radiology,ACTIVE,11,2026-08-30 15:20:39,6.3,8.0,16,4.7,4.7,0,LOW,[],• Standard low-risk usage aligned with peer role,APPROVE,Role: Doctor | User Usage: 11 | Peer Avg: 6.3 | Peer Median: 8.0 | Diff: +4.7 | Last Used: 2026-08-30 15:20:39 | Evidence Codes: NONE,APPROVE,APPROVE
ENT-5302,USR-1083,HR,READ,2026-04-25,ACTIVE,Kavya Reddy,Doctor,Permanent Staff,Radiology,ACTIVE,21,2026-08-31 05:54:39,9.7,9.5,18,11.3,11.3,0,LOW,[],• Standard low-risk usage aligned with peer role,APPROVE,Role: Doctor | User Usage: 21 | Peer Avg: 9.7 | Peer Median: 9.5 | Diff: +11.3 | Last Used: 2026-08-31 05:54:39 | Evidence Codes: NONE,APPROVE,APPROVE
ENT-5303,USR-1083,Pharmacy,READ,2026-01-11,ACTIVE,Kavya Reddy,Doctor,Permanent Staff,Radiology,ACTIVE,12,2026-08-15 03:31:39,6.0,6.5,12,6.0,6.0,0,LOW,[],• Standard low-risk usage aligned with peer role,APPROVE,Role: Doctor | User Usage: 12 | Peer Avg: 6.0 | Peer Median: 6.5 | Diff: +6.0 | Last Used: 2026-08-15 03:31:39 | Evidence Codes: NONE,APPROVE,APPROVE
ENT-5304,USR-1084,Radiology,READ,2026-04-30,ACTIVE,Nikhil Reddy,Billing Staff,Outsourced Technician,Billing,ACTIVE,0,Never,6.6,7.5,14,-6.6,-6.6,40,MEDIUM,['UNUSED_PRIVILEGE'],• Privilege is completely unused in application logs (0 accesses) (+40),REVIEW,Role: Billing Staff | User Usage: 0 | Peer Avg: 6.6 | Peer Median: 7.5 | Diff: -6.6 | Last Used: Never | Evidence Codes: UNUSED_PRIVILEGE,APPROVE,REVOKE
ENT-5305,USR-1084,Patient Records,READ,2026-03-03,ACTIVE,Nikhil Reddy,Billing Staff,Outsourced Technician,Billing,ACTIVE,17,2026-08-24 18:42:39,8.8,11.0,13,8.2,8.2,0,LOW,[],• Standard low-risk usage aligned with peer role,APPROVE,Role: Billing Staff | User Usage: 17 | Peer Avg: 8.8 | Peer Median: 11.0 | Diff: +8.2 | Last Used: 2026-08-24 18:42:39 | Evidence Codes: NONE,APPROVE,APPROVE
ENT-5306,USR-1085,Pharmacy,READ,2025-11-11,ACTIVE,Emily Rao,Consultant,Visiting Consultant,Laboratory,ACTIVE,8,2026-08-17 07:42:39,3.7,0.0,13,4.3,4.3,0,LOW,[],• Standard low-risk usage aligned with peer role,APPROVE,Role: Consultant | User Usage: 8 | Peer Avg: 3.7 | Peer Median: 0.0 | Diff: +4.3 | Last Used: 2026-08-17 07:42:39 | Evidence Codes: NONE,APPROVE,APPROVE
ENT-5307,USR-1085,Billing,READ_WRITE,2025-11-27,ACTIVE,Emily Rao,Consultant,Visiting Consultant,Laboratory,ACTIVE,9,2026-08-25 20:01:39,7.4,7.0,16,1.6,1.6,10,LOW,['HIGH_PRIVILEGE'],• Elevated permission (READ_WRITE) assigned (+10),APPROVE,Role: Consultant | User Usage: 9 | Peer Avg: 7.4 | Peer Median: 7.0 | Diff: +1.6 | Last Used: 2026-08-25 20:01:39 | Evidence Codes: HIGH_PRIVILEGE,APPROVE,APPROVE
ENT-5308,USR-1085,Administration,READ,2026-04-02,ACTIVE,Emily Rao,Consultant,Visiting Consultant,Laboratory,ACTIVE,0,Never,2.9,0.0,9,-2.9,-2.9,40,MEDIUM,['UNUSED_PRIVILEGE'],• Privilege is completely unused in application logs (0 accesses) (+40),REVIEW,Role: Consultant | User Usage: 0 | Peer Avg: 2.9 | Peer Median: 0.0 | Diff: -2.9 | Last Used: Never | Evidence Codes: UNUSED_PRIVILEGE,APPROVE,REVOKE
ENT-5309,USR-1085,HR,READ_WRITE,2025-12-09,ACTIVE,Emily Rao,Consultant,Visiting Consultant,Laboratory,ACTIVE,9,2026-08-20 01:16:39,9.4,9.0,13,-0.4,-0.4,10,LOW,['HIGH_PRIVILEGE'],• Elevated permission (READ_WRITE) assigned (+10),APPROVE,Role: Consultant | User Usage: 9 | Peer Avg: 9.4 | Peer Median: 9.0 | Diff: -0.4 | Last Used: 2026-08-20 01:16:39 | Evidence Codes: HIGH_PRIVILEGE,APPROVE,APPROVE
ENT-5310,USR-1085,Patient Records,READ,2026-07-12,ACTIVE,Emily Rao,Consultant,Visiting Consultant,Laboratory,ACTIVE,17,2026-09-03 07:23:39,9.2,10.0,11,7.8,7.8,0,LOW,[],• Standard low-risk usage aligned with peer role,APPROVE,Role: Consultant | User Usage: 17 | Peer Avg: 9.2 | Peer Median: 10.0 | Diff: +7.8 | Last Used: 2026-09-03 07:23:39 | Evidence Codes: NONE,APPROVE,APPROVE
ENT-5311,USR-1086,Patient Records,READ_WRITE,2026-03-18,ACTIVE,Meera Rodriguez,Pharmacist,Outsourced Technician,Radiology,ACTIVE,9,2026-08-31 20:26:39,4.3,0.0,10,4.7,4.7,10,LOW,['HIGH_PRIVILEGE'],• Elevated permission (READ_WRITE) assigned (+10),APPROVE,Role: Pharmacist | User Usage: 9 | Peer Avg: 4.3 | Peer Median: 0.0 | Diff: +4.7 | Last Used: 2026-08-31 20:26:39 | Evidence Codes: HIGH_PRIVILEGE,APPROVE,APPROVE
ENT-5312,USR-1086,Laboratory,READ,2026-02-09,ACTIVE,Meera Rodriguez,Pharmacist,Outsourced Technician,Radiology,ACTIVE,0,Never,5.6,6.0,10,-5.6,-5.6,40,MEDIUM,['UNUSED_PRIVILEGE'],• Privilege is completely unused in application logs (0 accesses) (+40),REVIEW,Role: Pharmacist | User Usage: 0 | Peer Avg: 5.6 | Peer Median: 6.0 | Diff: -5.6 | Last Used: Never | Evidence Codes: UNUSED_PRIVILEGE,APPROVE,REVOKE
ENT-5313,USR-1086,Pharmacy,WRITE,2026-04-14,ACTIVE,Meera Rodriguez,Pharmacist,Outsourced Technician,Radiology,ACTIVE,8,2026-08-23 01:00:39,7.0,10.0,11,1.0,1.0,0,LOW,[],• Standard low-risk usage aligned with peer role,APPROVE,Role: Pharmacist | User Usage: 8 | Peer Avg: 7.0 | Peer Median: 10.0 | Diff: +1.0 | Last Used: 2026-08-23 01:00:39 | Evidence Codes: NONE,APPROVE,APPROVE
ENT-5314,USR-1086,Billing,WRITE,2026-07-22,ACTIVE,Meera Rodriguez,Pharmacist,Outsourced Technician,Radiology,ACTIVE,11,2026-08-24 20:39:39,6.2,6.5,14,4.8,4.8,0,LOW,[],• Standard low-risk usage aligned with peer role,APPROVE,Role: Pharmacist | User Usage: 11 | Peer Avg: 6.2 | Peer Median: 6.5 | Diff: +4.8 | Last Used: 2026-08-24 20:39:39 | Evidence Codes: NONE,APPROVE,APPROVE
ENT-5315,USR-1086,Administration,READ,2026-07-13,ACTIVE,Meera Rodriguez,Pharmacist,Outsourced Technician,Radiology,ACTIVE,12,2026-08-28 01:18:39,5.6,7.0,13,6.4,6.4,0,LOW,[],• Standard low-risk usage aligned with peer role,APPROVE,Role: Pharmacist | User Usage: 12 | Peer Avg: 5.6 | Peer Median: 7.0 | Diff: +6.4 | Last Used: 2026-08-28 01:18:39 | Evidence Codes: NONE,APPROVE,APPROVE
ENT-5316,USR-1087,HR,READ_WRITE,2026-08-28,ACTIVE,John Singh,Nurse,Outsourced Technician,Emergency,ACTIVE,6,2026-08-19 11:42:39,8.5,10.0,12,-2.5,-2.5,20,LOW,"['HIGH_PRIVILEGE', 'RECENTLY_GRANTED']","• Elevated permission (READ_WRITE) assigned (+10)
• Privilege recently granted within past 30 days (2026-08-28) (+10)",APPROVE,"Role: Nurse | User Usage: 6 | Peer Avg: 8.5 | Peer Median: 10.0 | Diff: -2.5 | Last Used: 2026-08-19 11:42:39 | Evidence Codes: HIGH_PRIVILEGE, RECENTLY_GRANTED",APPROVE,APPROVE
ENT-5317,USR-1087,Laboratory,READ,2026-07-13,ACTIVE,John Singh,Nurse,Outsourced Technician,Emergency,ACTIVE,10,2026-08-25 18:48:39,7.3,9.0,12,2.7,2.7,0,LOW,[],• Standard low-risk usage aligned with peer role,APPROVE,Role: Nurse | User Usage: 10 | Peer Avg: 7.3 | Peer Median: 9.0 | Diff: +2.7 | Last Used: 2026-08-25 18:48:39 | Evidence Codes: NONE,APPROVE,APPROVE
ENT-5318,USR-1087,Radiology,WRITE,2026-02-27,ACTIVE,John Singh,Nurse,Outsourced Technician,Emergency,ACTIVE,13,2026-08-26 18:37:39,8.8,9.0,15,4.2,4.2,0,LOW,[],• Standard low-risk usage aligned with peer role,APPROVE,Role: Nurse | User Usage: 13 | Peer Avg: 8.8 | Peer Median: 9.0 | Diff: +4.2 | Last Used: 2026-08-26 18:37:39 | Evidence Codes: NONE,APPROVE,APPROVE
ENT-5319,USR-1087,Billing,READ,2026-02-07,ACTIVE,John Singh,Nurse,Outsourced Technician,Emergency,ACTIVE,9,2026-08-31 08:25:39,4.9,2.5,8,4.1,4.1,0,LOW,[],• Standard low-risk usage aligned with peer role,APPROVE,Role: Nurse | User Usage: 9 | Peer Avg: 4.9 | Peer Median: 2.5 | Diff: +4.1 | Last Used: 2026-08-31 08:25:39 | Evidence Codes: NONE,APPROVE,APPROVE
ENT-5320,USR-1088,Administration,READ,2026-03-10,ACTIVE,Swati Brown,Radiology Technician,Permanent Staff,Billing,ACTIVE,7,2026-08-25 20:16:39,8.2,10.0,15,-1.2,-1.2,0,LOW,[],• Standard low-risk usage aligned with peer role,APPROVE,Role: Radiology Technician | User Usage: 7 | Peer Avg: 8.2 | Peer Median: 10.0 | Diff: -1.2 | Last Used: 2026-08-25 20:16:39 | Evidence Codes: NONE,APPROVE,APPROVE
ENT-5321,USR-1088,Pharmacy,READ_WRITE,2025-12-24,ACTIVE,Swati Brown,Radiology Technician,Permanent Staff,Billing,ACTIVE,15,2026-08-25 07:48:39,10.3,10.5,18,4.7,4.7,10,LOW,['HIGH_PRIVILEGE'],• Elevated permission (READ_WRITE) assigned (+10),APPROVE,Role: Radiology Technician | User Usage: 15 | Peer Avg: 10.3 | Peer Median: 10.5 | Diff: +4.7 | Last Used: 2026-08-25 07:48:39 | Evidence Codes: HIGH_PRIVILEGE,APPROVE,APPROVE
ENT-5322,USR-1088,Radiology,READ,2026-08-05,REVOKED,Swati Brown,Radiology Technician,Permanent Staff,Billing,ACTIVE,0,Never,5.8,5.0,13,-5.8,-5.8,40,MEDIUM,['UNUSED_PRIVILEGE'],• Privilege is completely unused in application logs (0 accesses) (+40),REVIEW,Role: Radiology Technician | User Usage: 0 | Peer Avg: 5.8 | Peer Median: 5.0 | Diff: -5.8 | Last Used: Never | Evidence Codes: UNUSED_PRIVILEGE,APPROVE,REVOKE
ENT-5323,USR-1088,Laboratory,WRITE,2026-01-06,REVOKED,Swati Brown,Radiology Technician,Permanent Staff,Billing,ACTIVE,0,Never,7.6,9.5,14,-7.6,-7.6,40,MEDIUM,['UNUSED_PRIVILEGE'],• Privilege is completely unused in application logs (0 accesses) (+40),REVIEW,Role: Radiology Technician | User Usage: 0 | Peer Avg: 7.6 | Peer Median: 9.5 | Diff: -7.6 | Last Used: Never | Evidence Codes: UNUSED_PRIVILEGE,APPROVE,REVOKE
ENT-5324,USR-1088,HR,READ,2026-06-10,ACTIVE,Swati Brown,Radiology Technician,Permanent Staff,Billing,ACTIVE,12,2026-08-31 17:44:39,10.7,11.0,10,1.3,1.3,0,LOW,[],• Standard low-risk usage aligned with peer role,APPROVE,Role: Radiology Technician | User Usage: 12 | Peer Avg: 10.7 | Peer Median: 11.0 | Diff: +1.3 | Last Used: 2026-08-31 17:44:39 | Evidence Codes: NONE,APPROVE,APPROVE
ENT-5325,USR-1089,Radiology,READ,2026-06-23,ACTIVE,Ritu Rao,Pharmacist,Outsourced Technician,Administration,ACTIVE,13,2026-09-02 16:10:39,9.8,11.0,14,3.2,3.2,0,LOW,[],• Standard low-risk usage aligned with peer role,APPROVE,Role: Pharmacist | User Usage: 13 | Peer Avg: 9.8 | Peer Median: 11.0 | Diff: +3.2 | Last Used: 2026-09-02 16:10:39 | Evidence Codes: NONE,APPROVE,APPROVE
ENT-5326,USR-1089,Pharmacy,READ_WRITE,2026-04-11,REVOKED,Ritu Rao,Pharmacist,Outsourced Technician,Administration,ACTIVE,0,Never,7.0,10.0,11,-7.0,-7.0,50,MEDIUM,"['UNUSED_PRIVILEGE', 'HIGH_PRIVILEGE']","• Privilege is completely unused in application logs (0 accesses) (+40)
• Elevated permission (READ_WRITE) assigned (+10)",REVIEW,"Role: Pharmacist | User Usage: 0 | Peer Avg: 7.0 | Peer Median: 10.0 | Diff: -7.0 | Last Used: Never | Evidence Codes: UNUSED_PRIVILEGE, HIGH_PRIVILEGE",APPROVE,REVOKE
ENT-5327,USR-1090,Laboratory,ADMIN,2026-03-26,ACTIVE,Deepak Kumar,Billing Staff,Outsourced Technician,HR,ACTIVE,15,2026-08-20 11:30:39,7.5,9.0,11,7.5,7.5,30,MEDIUM,['HIGH_PRIVILEGE'],• High-level permission (ADMIN) assigned (+30),REVIEW,Role: Billing Staff | User Usage: 15 | Peer Avg: 7.5 | Peer Median: 9.0 | Diff: +7.5 | Last Used: 2026-08-20 11:30:39 | Evidence Codes: HIGH_PRIVILEGE,APPROVE,MODIFY
ENT-5328,USR-1090,Patient Records,READ,2026-01-22,ACTIVE,Deepak Kumar,Billing Staff,Outsourced Technician,HR,ACTIVE,10,2026-09-03 06:51:39,8.8,11.0,13,1.2,1.2,0,LOW,[],• Standard low-risk usage aligned with peer role,APPROVE,Role: Billing Staff | User Usage: 10 | Peer Avg: 8.8 | Peer Median: 11.0 | Diff: +1.2 | Last Used: 2026-09-03 06:51:39 | Evidence Codes: NONE,APPROVE,APPROVE
ENT-5329,USR-1090,Administration,READ,2026-08-29,ACTIVE,Deepak Kumar,Billing Staff,Outsourced Technician,HR,ACTIVE,13,2026-09-03 11:56:39,9.8,10.5,8,3.2,3.2,10,LOW,['RECENTLY_GRANTED'],• Privilege recently granted within past 30 days (2026-08-29) (+10),APPROVE,Role: Billing Staff | User Usage: 13 | Peer Avg: 9.8 | Peer Median: 10.5 | Diff: +3.2 | Last Used: 2026-09-03 11:56:39 | Evidence Codes: RECENTLY_GRANTED,APPROVE,APPROVE
ENT-5330,USR-1090,Pharmacy,ADMIN,2026-05-06,ACTIVE,Deepak Kumar,Billing Staff,Outsourced Technician,HR,ACTIVE,3,2026-08-29 20:47:39,7.5,9.0,13,-4.5,-4.5,30,MEDIUM,['HIGH_PRIVILEGE'],• High-level permission (ADMIN) assigned (+30),REVIEW,Role: Billing Staff | User Usage: 3 | Peer Avg: 7.5 | Peer Median: 9.0 | Diff: -4.5 | Last Used: 2026-08-29 20:47:39 | Evidence Codes: HIGH_PRIVILEGE,APPROVE,MODIFY
ENT-5331,USR-1091,Patient Records,READ,2025-12-28,REVOKED,Kavya Patel,Lab Technician,Outsourced Technician,Radiology,ACTIVE,0,Never,9.1,8.0,15,-9.1,-9.1,40,MEDIUM,['UNUSED_PRIVILEGE'],• Privilege is completely unused in application logs (0 accesses) (+40),REVIEW,Role: Lab Technician | User Usage: 0 | Peer Avg: 9.1 | Peer Median: 8.0 | Diff: -9.1 | Last Used: Never | Evidence Codes: UNUSED_PRIVILEGE,APPROVE,REVOKE
ENT-5332,USR-1091,Administration,WRITE,2026-07-08,ACTIVE,Kavya Patel,Lab Technician,Outsourced Technician,Radiology,ACTIVE,12,2026-09-03 02:21:39,7.7,8.0,13,4.3,4.3,0,LOW,[],• Standard low-risk usage aligned with peer role,APPROVE,Role: Lab Technician | User Usage: 12 | Peer Avg: 7.7 | Peer Median: 8.0 | Diff: +4.3 | Last Used: 2026-09-03 02:21:39 | Evidence Codes: NONE,APPROVE,APPROVE
ENT-5333,USR-1091,Laboratory,WRITE,2026-03-29,ACTIVE,Kavya Patel,Lab Technician,Outsourced Technician,Radiology,ACTIVE,21,2026-08-25 18:00:39,5.6,0.0,15,15.4,15.4,15,LOW,['HIGH_USAGE_VS_PEERS'],• Usage (21) is anomalously higher than Lab Technician peer average (5.6) & median (0.0) (+15),APPROVE,Role: Lab Technician | User Usage: 21 | Peer Avg: 5.6 | Peer Median: 0.0 | Diff: +15.4 | Last Used: 2026-08-25 18:00:39 | Evidence Codes: HIGH_USAGE_VS_PEERS,APPROVE,APPROVE
ENT-5334,USR-1091,HR,READ,2026-06-22,ACTIVE,Kavya Patel,Lab Technician,Outsourced Technician,Radiology,ACTIVE,0,Never,7.1,8.0,15,-7.1,-7.1,40,MEDIUM,['UNUSED_PRIVILEGE'],• Privilege is completely unused in application logs (0 accesses) (+40),REVIEW,Role: Lab Technician | User Usage: 0 | Peer Avg: 7.1 | Peer Median: 8.0 | Diff: -7.1 | Last Used: Never | Evidence Codes: UNUSED_PRIVILEGE,APPROVE,REVOKE
ENT-5335,USR-1091,Pharmacy,READ,2026-07-25,ACTIVE,Kavya Patel,Lab Technician,Outsourced Technician,Radiology,ACTIVE,10,2026-09-03 04:56:39,8.3,9.0,15,1.7,1.7,0,LOW,[],• Standard low-risk usage aligned with peer role,APPROVE,Role: Lab Technician | User Usage: 10 | Peer Avg: 8.3 | Peer Median: 9.0 | Diff: +1.7 | Last Used: 2026-09-03 04:56:39 | Evidence Codes: NONE,APPROVE,APPROVE
ENT-5336,USR-1092,Billing,READ_WRITE,2026-03-03,ACTIVE,Amit Smith,Doctor,Outsourced Technician,Billing,ACTIVE,11,2026-09-03 17:28:39,9.5,10.5,12,1.5,1.5,10,LOW,['HIGH_PRIVILEGE'],• Elevated permission (READ_WRITE) assigned (+10),APPROVE,Role: Doctor | User Usage: 11 | Peer Avg: 9.5 | Peer Median: 10.5 | Diff: +1.5 | Last Used: 2026-09-03 17:28:39 | Evidence Codes: HIGH_PRIVILEGE,APPROVE,APPROVE
ENT-5337,USR-1092,HR,WRITE,2026-06-13,ACTIVE,Amit Smith,Doctor,Outsourced Technician,Billing,ACTIVE,0,Never,9.7,9.5,18,-9.7,-9.7,40,MEDIUM,['UNUSED_PRIVILEGE'],• Privilege is completely unused in application logs (0 accesses) (+40),REVIEW,Role: Doctor | User Usage: 0 | Peer Avg: 9.7 | Peer Median: 9.5 | Diff: -9.7 | Last Used: Never | Evidence Codes: UNUSED_PRIVILEGE,APPROVE,REVOKE
ENT-5338,USR-1093,Administration,READ,2026-02-14,ACTIVE,Jessica Kumar,Radiology Technician,Outsourced Technician,Laboratory,INACTIVE,9,2026-08-29 19:54:39,8.2,10.0,15,0.8,0.8,20,LOW,['INACTIVE_USER'],• User account is marked INACTIVE in HR database (+20),APPROVE,Role: Radiology Technician | User Usage: 9 | Peer Avg: 8.2 | Peer Median: 10.0 | Diff: +0.8 | Last Used: 2026-08-29 19:54:39 | Evidence Codes: INACTIVE_USER,REVOKE,APPROVE
ENT-5339,USR-1093,Pharmacy,WRITE,2026-06-19,ACTIVE,Jessica Kumar,Radiology Technician,Outsourced Technician,Laboratory,INACTIVE,10,2026-08-30 21:15:39,10.3,10.5,18,-0.3,-0.3,20,LOW,['INACTIVE_USER'],• User account is marked INACTIVE in HR database (+20),APPROVE,Role: Radiology Technician | User Usage: 10 | Peer Avg: 10.3 | Peer Median: 10.5 | Diff: -0.3 | Last Used: 2026-08-30 21:15:39 | Evidence Codes: INACTIVE_USER,REVOKE,APPROVE
ENT-5340,USR-1093,Patient Records,WRITE,2026-04-24,ACTIVE,Jessica Kumar,Radiology Technician,Outsourced Technician,Laboratory,INACTIVE,10,2026-08-28 16:20:39,5.3,7.0,17,4.7,4.7,20,LOW,['INACTIVE_USER'],• User account is marked INACTIVE in HR database (+20),APPROVE,Role: Radiology Technician | User Usage: 10 | Peer Avg: 5.3 | Peer Median: 7.0 | Diff: +4.7 | Last Used: 2026-08-28 16:20:39 | Evidence Codes: INACTIVE_USER,REVOKE,APPROVE
ENT-5341,USR-1093,Billing,WRITE,2026-04-06,ACTIVE,Jessica Kumar,Radiology Technician,Outsourced Technician,Laboratory,INACTIVE,13,2026-08-31 18:00:39,9.6,10.5,16,3.4,3.4,20,LOW,['INACTIVE_USER'],• User account is marked INACTIVE in HR database (+20),APPROVE,Role: Radiology Technician | User Usage: 13 | Peer Avg: 9.6 | Peer Median: 10.5 | Diff: +3.4 | Last Used: 2026-08-31 18:00:39 | Evidence Codes: INACTIVE_USER,REVOKE,APPROVE
ENT-5342,USR-1093,Radiology,READ,2026-03-28,ACTIVE,Jessica Kumar,Radiology Technician,Outsourced Technician,Laboratory,INACTIVE,12,2026-08-29 19:56:39,5.8,5.0,13,6.2,6.2,20,LOW,['INACTIVE_USER'],• User account is marked INACTIVE in HR database (+20),APPROVE,Role: Radiology Technician | User Usage: 12 | Peer Avg: 5.8 | Peer Median: 5.0 | Diff: +6.2 | Last Used: 2026-08-29 19:56:39 | Evidence Codes: INACTIVE_USER,REVOKE,APPROVE
ENT-5343,USR-1094,HR,WRITE,2026-04-29,ACTIVE,Arjun Patel,Intern,Intern,HR,ACTIVE,0,Never,5.6,3.0,16,-5.6,-5.6,40,MEDIUM,['UNUSED_PRIVILEGE'],• Privilege is completely unused in application logs (0 accesses) (+40),REVIEW,Role: Intern | User Usage: 0 | Peer Avg: 5.6 | Peer Median: 3.0 | Diff: -5.6 | Last Used: Never | Evidence Codes: UNUSED_PRIVILEGE,APPROVE,REVOKE
ENT-5344,USR-1094,Radiology,ADMIN,2025-12-17,ACTIVE,Arjun Patel,Intern,Intern,HR,ACTIVE,15,2026-08-25 10:17:39,8.6,10.0,11,6.4,6.4,30,MEDIUM,['HIGH_PRIVILEGE'],• High-level permission (ADMIN) assigned (+30),REVIEW,Role: Intern | User Usage: 15 | Peer Avg: 8.6 | Peer Median: 10.0 | Diff: +6.4 | Last Used: 2026-08-25 10:17:39 | Evidence Codes: HIGH_PRIVILEGE,APPROVE,MODIFY
ENT-5345,USR-1094,Laboratory,ADMIN,2026-08-23,ACTIVE,Arjun Patel,Intern,Intern,HR,ACTIVE,6,2026-08-30 03:28:39,8.2,9.0,13,-2.2,-2.2,40,MEDIUM,"['HIGH_PRIVILEGE', 'RECENTLY_GRANTED']","• High-level permission (ADMIN) assigned (+30)
• Privilege recently granted within past 30 days (2026-08-23) (+10)",REVIEW,"Role: Intern | User Usage: 6 | Peer Avg: 8.2 | Peer Median: 9.0 | Diff: -2.2 | Last Used: 2026-08-30 03:28:39 | Evidence Codes: HIGH_PRIVILEGE, RECENTLY_GRANTED",APPROVE,MODIFY
ENT-5346,USR-1095,Pharmacy,WRITE,2026-06-02,ACTIVE,David Garcia,Billing Staff,Outsourced Technician,ICU,ACTIVE,0,Never,7.5,9.0,13,-7.5,-7.5,40,MEDIUM,['UNUSED_PRIVILEGE'],• Privilege is completely unused in application logs (0 accesses) (+40),REVIEW,Role: Billing Staff | User Usage: 0 | Peer Avg: 7.5 | Peer Median: 9.0 | Diff: -7.5 | Last Used: Never | Evidence Codes: UNUSED_PRIVILEGE,APPROVE,REVOKE
ENT-5347,USR-1095,Radiology,READ,2026-07-23,REVOKED,David Garcia,Billing Staff,Outsourced Technician,ICU,ACTIVE,0,Never,6.6,7.5,14,-6.6,-6.6,40,MEDIUM,['UNUSED_PRIVILEGE'],• Privilege is completely unused in application logs (0 accesses) (+40),REVIEW,Role: Billing Staff | User Usage: 0 | Peer Avg: 6.6 | Peer Median: 7.5 | Diff: -6.6 | Last Used: Never | Evidence Codes: UNUSED_PRIVILEGE,APPROVE,REVOKE
ENT-5348,USR-1095,Billing,ADMIN,2026-04-17,ACTIVE,David Garcia,Billing Staff,Outsourced Technician,ICU,ACTIVE,0,Never,6.5,6.0,11,-6.5,-6.5,70,HIGH,"['UNUSED_PRIVILEGE', 'HIGH_PRIVILEGE']","• Privilege is completely unused in application logs (0 accesses) (+40)
• High-level permission (ADMIN) assigned (+30)",REVOKE,"Role: Billing Staff | User Usage: 0 | Peer Avg: 6.5 | Peer Median: 6.0 | Diff: -6.5 | Last Used: Never | Evidence Codes: UNUSED_PRIVILEGE, HIGH_PRIVILEGE",APPROVE,REVOKE
ENT-5349,USR-1095,HR,READ,2026-02-07,ACTIVE,David Garcia,Billing Staff,Outsourced Technician,ICU,ACTIVE,11,2026-08-22 06:59:39,6.6,8.0,9,4.4,4.4,0,LOW,[],• Standard low-risk usage aligned with peer role,APPROVE,Role: Billing Staff | User Usage: 11 | Peer Avg: 6.6 | Peer Median: 8.0 | Diff: +4.4 | Last Used: 2026-08-22 06:59:39 | Evidence Codes: NONE,APPROVE,APPROVE
ENT-5350,USR-1096,Radiology,WRITE,2026-06-12,ACTIVE,David Singh,Lab Technician,Outsourced Technician,Administration,ACTIVE,15,2026-08-31 21:33:39,6.9,6.5,10,8.1,8.1,0,LOW,[],• Standard low-risk usage aligned with peer role,APPROVE,Role: Lab Technician | User Usage: 15 | Peer Avg: 6.9 | Peer Median: 6.5 | Diff: +8.1 | Last Used: 2026-08-31 21:33:39 | Evidence Codes: NONE,APPROVE,APPROVE
ENT-5351,USR-1096,HR,READ_WRITE,2025-12-11,ACTIVE,David Singh,Lab Technician,Outsourced Technician,Administration,ACTIVE,0,Never,7.1,8.0,15,-7.1,-7.1,50,MEDIUM,"['UNUSED_PRIVILEGE', 'HIGH_PRIVILEGE']","• Privilege is completely unused in application logs (0 accesses) (+40)
• Elevated permission (READ_WRITE) assigned (+10)",REVIEW,"Role: Lab Technician | User Usage: 0 | Peer Avg: 7.1 | Peer Median: 8.0 | Diff: -7.1 | Last Used: Never | Evidence Codes: UNUSED_PRIVILEGE, HIGH_PRIVILEGE",APPROVE,REVOKE
ENT-5352,USR-1096,Administration,READ,2026-06-11,ACTIVE,David Singh,Lab Technician,Outsourced Technician,Administration,ACTIVE,12,2026-09-02 05:37:39,7.7,8.0,13,4.3,4.3,0,LOW,[],• Standard low-risk usage aligned with peer role,APPROVE,Role: Lab Technician | User Usage: 12 | Peer Avg: 7.7 | Peer Median: 8.0 | Diff: +4.3 | Last Used: 2026-09-02 05:37:39 | Evidence Codes: NONE,APPROVE,APPROVE
ENT-5353,USR-1096,Patient Records,WRITE,2026-07-27,ACTIVE,David Singh,Lab Technician,Outsourced Technician,Administration,ACTIVE,10,2026-08-25 08:52:39,9.1,8.0,15,0.9,0.9,0,LOW,[],• Standard low-risk usage aligned with peer role,APPROVE,Role: Lab Technician | User Usage: 10 | Peer Avg: 9.1 | Peer Median: 8.0 | Diff: +0.9 | Last Used: 2026-08-25 08:52:39 | Evidence Codes: NONE,APPROVE,APPROVE
ENT-5354,USR-1096,Laboratory,WRITE,2026-04-29,REVOKED,David Singh,Lab Technician,Outsourced Technician,Administration,ACTIVE,0,Never,5.6,0.0,15,-5.6,-5.6,40,MEDIUM,['UNUSED_PRIVILEGE'],• Privilege is completely unused in application logs (0 accesses) (+40),REVIEW,Role: Lab Technician | User Usage: 0 | Peer Avg: 5.6 | Peer Median: 0.0 | Diff: -5.6 | Last Used: Never | Evidence Codes: UNUSED_PRIVILEGE,APPROVE,REVOKE
ENT-5355,USR-1097,Radiology,WRITE,2026-08-01,ACTIVE,Emily Davis,Radiology Technician,Outsourced Technician,Administration,ACTIVE,0,Never,5.8,5.0,13,-5.8,-5.8,40,MEDIUM,['UNUSED_PRIVILEGE'],• Privilege is completely unused in application logs (0 accesses) (+40),REVIEW,Role: Radiology Technician | User Usage: 0 | Peer Avg: 5.8 | Peer Median: 5.0 | Diff: -5.8 | Last Used: Never | Evidence Codes: UNUSED_PRIVILEGE,APPROVE,REVOKE
ENT-5356,USR-1097,Patient Records,READ,2026-06-01,ACTIVE,Emily Davis,Radiology Technician,Outsourced Technician,Administration,ACTIVE,10,2026-09-01 01:18:39,5.3,7.0,17,4.7,4.7,0,LOW,[],• Standard low-risk usage aligned with peer role,APPROVE,Role: Radiology Technician | User Usage: 10 | Peer Avg: 5.3 | Peer Median: 7.0 | Diff: +4.7 | Last Used: 2026-09-01 01:18:39 | Evidence Codes: NONE,APPROVE,APPROVE
ENT-5357,USR-1098,HR,WRITE,2026-03-05,ACTIVE,Priya Reddy,Radiology Technician,Permanent Staff,Pharmacy,ACTIVE,9,2026-09-02 05:39:39,10.7,11.0,10,-1.7,-1.7,0,LOW,[],• Standard low-risk usage aligned with peer role,APPROVE,Role: Radiology Technician | User Usage: 9 | Peer Avg: 10.7 | Peer Median: 11.0 | Diff: -1.7 | Last Used: 2026-09-02 05:39:39 | Evidence Codes: NONE,APPROVE,APPROVE
ENT-5358,USR-1098,Patient Records,READ,2026-04-19,ACTIVE,Priya Reddy,Radiology Technician,Permanent Staff,Pharmacy,ACTIVE,0,Never,5.3,7.0,17,-5.3,-5.3,40,MEDIUM,['UNUSED_PRIVILEGE'],• Privilege is completely unused in application logs (0 accesses) (+40),REVIEW,Role: Radiology Technician | User Usage: 0 | Peer Avg: 5.3 | Peer Median: 7.0 | Diff: -5.3 | Last Used: Never | Evidence Codes: UNUSED_PRIVILEGE,APPROVE,REVOKE
ENT-5359,USR-1098,Pharmacy,READ_WRITE,2026-04-14,ACTIVE,Priya Reddy,Radiology Technician,Permanent Staff,Pharmacy,ACTIVE,13,2026-08-29 00:22:39,10.3,10.5,18,2.7,2.7,10,LOW,['HIGH_PRIVILEGE'],• Elevated permission (READ_WRITE) assigned (+10),APPROVE,Role: Radiology Technician | User Usage: 13 | Peer Avg: 10.3 | Peer Median: 10.5 | Diff: +2.7 | Last Used: 2026-08-29 00:22:39 | Evidence Codes: HIGH_PRIVILEGE,APPROVE,APPROVE
ENT-5360,USR-1099,Administration,READ_WRITE,2026-01-22,ACTIVE,Sanjay Rodriguez,Lab Technician,Permanent Staff,Radiology,ACTIVE,11,2026-08-21 23:47:39,7.7,8.0,13,3.3,3.3,10,LOW,['HIGH_PRIVILEGE'],• Elevated permission (READ_WRITE) assigned (+10),APPROVE,Role: Lab Technician | User Usage: 11 | Peer Avg: 7.7 | Peer Median: 8.0 | Diff: +3.3 | Last Used: 2026-08-21 23:47:39 | Evidence Codes: HIGH_PRIVILEGE,APPROVE,APPROVE
ENT-5361,USR-1099,Patient Records,ADMIN,2025-11-07,ACTIVE,Sanjay Rodriguez,Lab Technician,Permanent Staff,Radiology,ACTIVE,10,2026-09-02 08:25:39,9.1,8.0,15,0.9,0.9,30,MEDIUM,['HIGH_PRIVILEGE'],• High-level permission (ADMIN) assigned (+30),REVIEW,Role: Lab Technician | User Usage: 10 | Peer Avg: 9.1 | Peer Median: 8.0 | Diff: +0.9 | Last Used: 2026-09-02 08:25:39 | Evidence Codes: HIGH_PRIVILEGE,APPROVE,MODIFY
ENT-5362,USR-1100,Radiology,READ,2026-06-05,ACTIVE,Meera Sharma,Consultant,Visiting Consultant,Laboratory,ACTIVE,8,2026-08-12 23:20:39,6.9,8.5,8,1.1,1.1,0,LOW,[],• Standard low-risk usage aligned with peer role,APPROVE,Role: Consultant | User Usage: 8 | Peer Avg: 6.9 | Peer Median: 8.5 | Diff: +1.1 | Last Used: 2026-08-12 23:20:39 | Evidence Codes: NONE,APPROVE,APPROVE
ENT-5363,USR-1100,Billing,READ_WRITE,2026-07-08,ACTIVE,Meera Sharma,Consultant,Visiting Consultant,Laboratory,ACTIVE,9,2026-08-02 15:21:39,7.4,7.0,16,1.6,1.6,10,LOW,['HIGH_PRIVILEGE'],• Elevated permission (READ_WRITE) assigned (+10),APPROVE,Role: Consultant | User Usage: 9 | Peer Avg: 7.4 | Peer Median: 7.0 | Diff: +1.6 | Last Used: 2026-08-02 15:21:39 | Evidence Codes: HIGH_PRIVILEGE,APPROVE,APPROVE
ENT-5364,USR-1100,Laboratory,READ,2026-07-01,ACTIVE,Meera Sharma,Consultant,Visiting Consultant,Laboratory,ACTIVE,0,Never,8.0,9.0,11,-8.0,-8.0,40,MEDIUM,['UNUSED_PRIVILEGE'],• Privilege is completely unused in application logs (0 accesses) (+40),REVIEW,Role: Consultant | User Usage: 0 | Peer Avg: 8.0 | Peer Median: 9.0 | Diff: -8.0 | Last Used: Never | Evidence Codes: UNUSED_PRIVILEGE,APPROVE,REVOKE
ENT-5365,USR-1100,Patient Records,WRITE,2026-08-07,ACTIVE,Meera Sharma,Consultant,Visiting Consultant,Laboratory,ACTIVE,10,2026-08-21 21:09:39,9.2,10.0,11,0.8,0.8,10,LOW,['RECENTLY_GRANTED'],• Privilege recently granted within past 30 days (2026-08-07) (+10),APPROVE,Role: Consultant | User Usage: 10 | Peer Avg: 9.2 | Peer Median: 10.0 | Diff: +0.8 | Last Used: 2026-08-21 21:09:39 | Evidence Codes: RECENTLY_GRANTED,APPROVE,APPROVE
ENT-5366,USR-1100,Pharmacy,ADMIN,2026-08-06,ACTIVE,Meera Sharma,Consultant,Visiting Consultant,Laboratory,ACTIVE,0,Never,3.7,0.0,13,-3.7,-3.7,80,HIGH,"['UNUSED_PRIVILEGE', 'HIGH_PRIVILEGE', 'RECENTLY_GRANTED']","• Privilege is completely unused in application logs (0 accesses) (+40)
• High-level permission (ADMIN) assigned (+30)
• Privilege recently granted within past 30 days (2026-08-06) (+10)",REVOKE,"Role: Consultant | User Usage: 0 | Peer Avg: 3.7 | Peer Median: 0.0 | Diff: -3.7 | Last Used: Never | Evidence Codes: UNUSED_PRIVILEGE, HIGH_PRIVILEGE, RECENTLY_GRANTED",APPROVE,REVOKE
ENT-5367,USR-1101,Pharmacy,READ_WRITE,2026-01-28,ACTIVE,Meera Gupta,Billing Staff,Permanent Staff,ICU,ACTIVE,8,2026-08-21 17:45:39,7.5,9.0,13,0.5,0.5,10,LOW,['HIGH_PRIVILEGE'],• Elevated permission (READ_WRITE) assigned (+10),APPROVE,Role: Billing Staff | User Usage: 8 | Peer Avg: 7.5 | Peer Median: 9.0 | Diff: +0.5 | Last Used: 2026-08-21 17:45:39 | Evidence Codes: HIGH_PRIVILEGE,APPROVE,APPROVE
ENT-5368,USR-1101,Administration,READ_WRITE,2026-07-21,ACTIVE,Meera Gupta,Billing Staff,Permanent Staff,ICU,ACTIVE,10,2026-08-30 11:35:39,9.8,10.5,8,0.2,0.2,10,LOW,['HIGH_PRIVILEGE'],• Elevated permission (READ_WRITE) assigned (+10),APPROVE,Role: Billing Staff | User Usage: 10 | Peer Avg: 9.8 | Peer Median: 10.5 | Diff: +0.2 | Last Used: 2026-08-30 11:35:39 | Evidence Codes: HIGH_PRIVILEGE,APPROVE,APPROVE
ENT-5369,USR-1101,Patient Records,ADMIN,2026-08-03,ACTIVE,Meera Gupta,Billing Staff,Permanent Staff,ICU,ACTIVE,7,2026-08-31 01:05:39,8.8,11.0,13,-1.8,-1.8,30,MEDIUM,['HIGH_PRIVILEGE'],• High-level permission (ADMIN) assigned (+30),REVIEW,Role: Billing Staff | User Usage: 7 | Peer Avg: 8.8 | Peer Median: 11.0 | Diff: -1.8 | Last Used: 2026-08-31 01:05:39 | Evidence Codes: HIGH_PRIVILEGE,APPROVE,MODIFY
ENT-5370,USR-1101,Radiology,READ,2026-08-06,ACTIVE,Meera Gupta,Billing Staff,Permanent Staff,ICU,ACTIVE,5,2026-08-25 00:26:39,6.6,7.5,14,-1.6,-1.6,10,LOW,['RECENTLY_GRANTED'],• Privilege recently granted within past 30 days (2026-08-06) (+10),APPROVE,Role: Billing Staff | User Usage: 5 | Peer Avg: 6.6 | Peer Median: 7.5 | Diff: -1.6 | Last Used: 2026-08-25 00:26:39 | Evidence Codes: RECENTLY_GRANTED,APPROVE,APPROVE
ENT-5371,USR-1101,Billing,ADMIN,2026-01-03,ACTIVE,Meera Gupta,Billing Staff,Permanent Staff,ICU,ACTIVE,6,2026-08-25 23:25:39,6.5,6.0,11,-0.5,-0.5,30,MEDIUM,['HIGH_PRIVILEGE'],• High-level permission (ADMIN) assigned (+30),REVIEW,Role: Billing Staff | User Usage: 6 | Peer Avg: 6.5 | Peer Median: 6.0 | Diff: -0.5 | Last Used: 2026-08-25 23:25:39 | Evidence Codes: HIGH_PRIVILEGE,APPROVE,MODIFY
ENT-5372,USR-1102,Laboratory,ADMIN,2026-05-19,ACTIVE,Karan Smith,Consultant,Visiting Consultant,ICU,ACTIVE,0,Never,8.0,9.0,11,-8.0,-8.0,70,HIGH,"['UNUSED_PRIVILEGE', 'HIGH_PRIVILEGE']","• Privilege is completely unused in application logs (0 accesses) (+40)
• High-level permission (ADMIN) assigned (+30)",REVOKE,"Role: Consultant | User Usage: 0 | Peer Avg: 8.0 | Peer Median: 9.0 | Diff: -8.0 | Last Used: Never | Evidence Codes: UNUSED_PRIVILEGE, HIGH_PRIVILEGE",APPROVE,REVOKE
ENT-5373,USR-1102,Patient Records,READ,2026-04-27,ACTIVE,Karan Smith,Consultant,Visiting Consultant,ICU,ACTIVE,0,Never,9.2,10.0,11,-9.2,-9.2,40,MEDIUM,['UNUSED_PRIVILEGE'],• Privilege is completely unused in application logs (0 accesses) (+40),REVIEW,Role: Consultant | User Usage: 0 | Peer Avg: 9.2 | Peer Median: 10.0 | Diff: -9.2 | Last Used: Never | Evidence Codes: UNUSED_PRIVILEGE,APPROVE,REVOKE
ENT-5374,USR-1102,Billing,WRITE,2025-12-20,ACTIVE,Karan Smith,Consultant,Visiting Consultant,ICU,ACTIVE,3,2026-08-24 17:55:39,7.4,7.0,16,-4.4,-4.4,0,LOW,[],• Standard low-risk usage aligned with peer role,APPROVE,Role: Consultant | User Usage: 3 | Peer Avg: 7.4 | Peer Median: 7.0 | Diff: -4.4 | Last Used: 2026-08-24 17:55:39 | Evidence Codes: NONE,APPROVE,APPROVE
ENT-5375,USR-1102,Radiology,READ,2025-11-23,ACTIVE,Karan Smith,Consultant,Visiting Consultant,ICU,ACTIVE,0,Never,6.9,8.5,8,-6.9,-6.9,40,MEDIUM,['UNUSED_PRIVILEGE'],• Privilege is completely unused in application logs (0 accesses) (+40),REVIEW,Role: Consultant | User Usage: 0 | Peer Avg: 6.9 | Peer Median: 8.5 | Diff: -6.9 | Last Used: Never | Evidence Codes: UNUSED_PRIVILEGE,APPROVE,REVOKE
ENT-5376,USR-1103,Pharmacy,ADMIN,2025-11-25,ACTIVE,Priya Patel,Pharmacist,Outsourced Technician,Emergency,ACTIVE,10,2026-08-26 02:57:39,7.0,10.0,11,3.0,3.0,30,MEDIUM,['HIGH_PRIVILEGE'],• High-level permission (ADMIN) assigned (+30),REVIEW,Role: Pharmacist | User Usage: 10 | Peer Avg: 7.0 | Peer Median: 10.0 | Diff: +3.0 | Last Used: 2026-08-26 02:57:39 | Evidence Codes: HIGH_PRIVILEGE,APPROVE,MODIFY
ENT-5377,USR-1103,Patient Records,READ,2026-08-25,ACTIVE,Priya Patel,Pharmacist,Outsourced Technician,Emergency,ACTIVE,0,Never,4.3,0.0,10,-4.3,-4.3,50,MEDIUM,"['UNUSED_PRIVILEGE', 'RECENTLY_GRANTED']","• Privilege is completely unused in application logs (0 accesses) (+40)
• Privilege recently granted within past 30 days (2026-08-25) (+10)",REVIEW,"Role: Pharmacist | User Usage: 0 | Peer Avg: 4.3 | Peer Median: 0.0 | Diff: -4.3 | Last Used: Never | Evidence Codes: UNUSED_PRIVILEGE, RECENTLY_GRANTED",APPROVE,REVOKE
ENT-5378,USR-1103,Radiology,ADMIN,2026-02-18,ACTIVE,Priya Patel,Pharmacist,Outsourced Technician,Emergency,ACTIVE,13,2026-08-27 16:26:39,9.8,11.0,14,3.2,3.2,30,MEDIUM,['HIGH_PRIVILEGE'],• High-level permission (ADMIN) assigned (+30),REVIEW,Role: Pharmacist | User Usage: 13 | Peer Avg: 9.8 | Peer Median: 11.0 | Diff: +3.2 | Last Used: 2026-08-27 16:26:39 | Evidence Codes: HIGH_PRIVILEGE,APPROVE,MODIFY
ENT-5379,USR-1104,Patient Records,WRITE,2026-07-30,ACTIVE,Vikram Gupta,Lab Technician,Permanent Staff,Radiology,ACTIVE,7,2026-08-19 03:50:39,9.1,8.0,15,-2.1,-2.1,0,LOW,[],• Standard low-risk usage aligned with peer role,APPROVE,Role: Lab Technician | User Usage: 7 | Peer Avg: 9.1 | Peer Median: 8.0 | Diff: -2.1 | Last Used: 2026-08-19 03:50:39 | Evidence Codes: NONE,APPROVE,APPROVE
ENT-5380,USR-1104,Pharmacy,READ_WRITE,2026-04-08,REVOKED,Vikram Gupta,Lab Technician,Permanent Staff,Radiology,ACTIVE,0,Never,8.3,9.0,15,-8.3,-8.3,50,MEDIUM,"['UNUSED_PRIVILEGE', 'HIGH_PRIVILEGE']","• Privilege is completely unused in application logs (0 accesses) (+40)
• Elevated permission (READ_WRITE) assigned (+10)",REVIEW,"Role: Lab Technician | User Usage: 0 | Peer Avg: 8.3 | Peer Median: 9.0 | Diff: -8.3 | Last Used: Never | Evidence Codes: UNUSED_PRIVILEGE, HIGH_PRIVILEGE",APPROVE,REVOKE
ENT-5381,USR-1104,Billing,READ,2025-12-06,ACTIVE,Vikram Gupta,Lab Technician,Permanent Staff,Radiology,ACTIVE,0,Never,6.2,6.0,15,-6.2,-6.2,40,MEDIUM,['UNUSED_PRIVILEGE'],• Privilege is completely unused in application logs (0 accesses) (+40),REVIEW,Role: Lab Technician | User Usage: 0 | Peer Avg: 6.2 | Peer Median: 6.0 | Diff: -6.2 | Last Used: Never | Evidence Codes: UNUSED_PRIVILEGE,APPROVE,REVOKE
ENT-5382,USR-1104,HR,READ,2026-01-07,ACTIVE,Vikram Gupta,Lab Technician,Permanent Staff,Radiology,ACTIVE,14,2026-09-03 17:34:39,7.1,8.0,15,6.9,6.9,0,LOW,[],• Standard low-risk usage aligned with peer role,APPROVE,Role: Lab Technician | User Usage: 14 | Peer Avg: 7.1 | Peer Median: 8.0 | Diff: +6.9 | Last Used: 2026-09-03 17:34:39 | Evidence Codes: NONE,APPROVE,APPROVE
ENT-5383,USR-1105,Billing,WRITE,2026-02-09,REVOKED,Divya Martinez,Intern,Intern,HR,ACTIVE,0,Never,6.6,8.5,8,-6.6,-6.6,40,MEDIUM,['UNUSED_PRIVILEGE'],• Privilege is completely unused in application logs (0 accesses) (+40),REVIEW,Role: Intern | User Usage: 0 | Peer Avg: 6.6 | Peer Median: 8.5 | Diff: -6.6 | Last Used: Never | Evidence Codes: UNUSED_PRIVILEGE,APPROVE,REVOKE
ENT-5384,USR-1105,Patient Records,WRITE,2026-01-19,ACTIVE,Divya Martinez,Intern,Intern,HR,ACTIVE,8,2026-08-24 13:33:39,7.6,9.0,11,0.4,0.4,0,LOW,[],• Standard low-risk usage aligned with peer role,APPROVE,Role: Intern | User Usage: 8 | Peer Avg: 7.6 | Peer Median: 9.0 | Diff: +0.4 | Last Used: 2026-08-24 13:33:39 | Evidence Codes: NONE,APPROVE,APPROVE
ENT-5385,USR-1106,Pharmacy,READ,2026-02-09,ACTIVE,Amanda Rodriguez,Pharmacist,Outsourced Technician,ICU,ACTIVE,11,2026-08-31 03:39:39,7.0,10.0,11,4.0,4.0,0,LOW,[],• Standard low-risk usage aligned with peer role,APPROVE,Role: Pharmacist | User Usage: 11 | Peer Avg: 7.0 | Peer Median: 10.0 | Diff: +4.0 | Last Used: 2026-08-31 03:39:39 | Evidence Codes: NONE,APPROVE,APPROVE
ENT-5386,USR-1106,Laboratory,READ,2026-03-20,ACTIVE,Amanda Rodriguez,Pharmacist,Outsourced Technician,ICU,ACTIVE,9,2026-08-24 12:41:39,5.6,6.0,10,3.4,3.4,0,LOW,[],• Standard low-risk usage aligned with peer role,APPROVE,Role: Pharmacist | User Usage: 9 | Peer Avg: 5.6 | Peer Median: 6.0 | Diff: +3.4 | Last Used: 2026-08-24 12:41:39 | Evidence Codes: NONE,APPROVE,APPROVE
ENT-5387,USR-1106,HR,READ_WRITE,2026-05-18,ACTIVE,Amanda Rodriguez,Pharmacist,Outsourced Technician,ICU,ACTIVE,10,2026-09-02 00:11:39,7.7,9.0,12,2.3,2.3,10,LOW,['HIGH_PRIVILEGE'],• Elevated permission (READ_WRITE) assigned (+10),APPROVE,Role: Pharmacist | User Usage: 10 | Peer Avg: 7.7 | Peer Median: 9.0 | Diff: +2.3 | Last Used: 2026-09-02 00:11:39 | Evidence Codes: HIGH_PRIVILEGE,APPROVE,APPROVE
ENT-5388,USR-1107,Pharmacy,READ_WRITE,2026-01-03,ACTIVE,Michael Reddy,Intern,Intern,Laboratory,ACTIVE,11,2026-09-02 18:33:39,8.3,11.0,11,2.7,2.7,10,LOW,['HIGH_PRIVILEGE'],• Elevated permission (READ_WRITE) assigned (+10),APPROVE,Role: Intern | User Usage: 11 | Peer Avg: 8.3 | Peer Median: 11.0 | Diff: +2.7 | Last Used: 2026-09-02 18:33:39 | Evidence Codes: HIGH_PRIVILEGE,APPROVE,APPROVE
ENT-5389,USR-1107,Patient Records,READ_WRITE,2026-02-27,ACTIVE,Michael Reddy,Intern,Intern,Laboratory,ACTIVE,7,2026-08-29 17:29:39,7.6,9.0,11,-0.6,-0.6,10,LOW,['HIGH_PRIVILEGE'],• Elevated permission (READ_WRITE) assigned (+10),APPROVE,Role: Intern | User Usage: 7 | Peer Avg: 7.6 | Peer Median: 9.0 | Diff: -0.6 | Last Used: 2026-08-29 17:29:39 | Evidence Codes: HIGH_PRIVILEGE,APPROVE,APPROVE
ENT-5390,USR-1108,Radiology,READ_WRITE,2026-06-29,REVOKED,Swati Patel,Consultant,Visiting Consultant,ICU,ACTIVE,0,Never,6.9,8.5,8,-6.9,-6.9,50,MEDIUM,"['UNUSED_PRIVILEGE', 'HIGH_PRIVILEGE']","• Privilege is completely unused in application logs (0 accesses) (+40)
• Elevated permission (READ_WRITE) assigned (+10)",REVIEW,"Role: Consultant | User Usage: 0 | Peer Avg: 6.9 | Peer Median: 8.5 | Diff: -6.9 | Last Used: Never | Evidence Codes: UNUSED_PRIVILEGE, HIGH_PRIVILEGE",APPROVE,REVOKE
ENT-5391,USR-1108,Laboratory,READ,2026-03-27,ACTIVE,Swati Patel,Consultant,Visiting Consultant,ICU,ACTIVE,14,2026-09-01 07:13:39,8.0,9.0,11,6.0,6.0,0,LOW,[],• Standard low-risk usage aligned with peer role,APPROVE,Role: Consultant | User Usage: 14 | Peer Avg: 8.0 | Peer Median: 9.0 | Diff: +6.0 | Last Used: 2026-09-01 07:13:39 | Evidence Codes: NONE,APPROVE,APPROVE
ENT-5392,USR-1108,Administration,READ,2026-08-09,ACTIVE,Swati Patel,Consultant,Visiting Consultant,ICU,ACTIVE,10,2026-08-29 15:45:39,2.9,0.0,9,7.1,7.1,10,LOW,['RECENTLY_GRANTED'],• Privilege recently granted within past 30 days (2026-08-09) (+10),APPROVE,Role: Consultant | User Usage: 10 | Peer Avg: 2.9 | Peer Median: 0.0 | Diff: +7.1 | Last Used: 2026-08-29 15:45:39 | Evidence Codes: RECENTLY_GRANTED,APPROVE,APPROVE
ENT-5393,USR-1109,Pharmacy,WRITE,2026-08-04,ACTIVE,Ritu Joshi,Doctor,Permanent Staff,Laboratory,ACTIVE,0,Never,6.0,6.5,12,-6.0,-6.0,40,MEDIUM,['UNUSED_PRIVILEGE'],• Privilege is completely unused in application logs (0 accesses) (+40),REVIEW,Role: Doctor | User Usage: 0 | Peer Avg: 6.0 | Peer Median: 6.5 | Diff: -6.0 | Last Used: Never | Evidence Codes: UNUSED_PRIVILEGE,APPROVE,REVOKE
ENT-5394,USR-1109,Patient Records,READ_WRITE,2026-06-01,REVOKED,Ritu Joshi,Doctor,Permanent Staff,Laboratory,ACTIVE,0,Never,6.3,8.0,16,-6.3,-6.3,50,MEDIUM,"['UNUSED_PRIVILEGE', 'HIGH_PRIVILEGE']","• Privilege is completely unused in application logs (0 accesses) (+40)
• Elevated permission (READ_WRITE) assigned (+10)",REVIEW,"Role: Doctor | User Usage: 0 | Peer Avg: 6.3 | Peer Median: 8.0 | Diff: -6.3 | Last Used: Never | Evidence Codes: UNUSED_PRIVILEGE, HIGH_PRIVILEGE",APPROVE,REVOKE
ENT-5395,USR-1109,Administration,WRITE,2026-01-10,ACTIVE,Ritu Joshi,Doctor,Permanent Staff,Laboratory,ACTIVE,6,2026-09-02 21:18:39,6.6,7.0,14,-0.6,-0.6,0,LOW,[],• Standard low-risk usage aligned with peer role,APPROVE,Role: Doctor | User Usage: 6 | Peer Avg: 6.6 | Peer Median: 7.0 | Diff: -0.6 | Last Used: 2026-09-02 21:18:39 | Evidence Codes: NONE,APPROVE,APPROVE
ENT-5396,USR-1109,Laboratory,WRITE,2026-07-12,ACTIVE,Ritu Joshi,Doctor,Permanent Staff,Laboratory,ACTIVE,9,2026-08-31 12:05:39,5.5,5.5,16,3.5,3.5,0,LOW,[],• Standard low-risk usage aligned with peer role,APPROVE,Role: Doctor | User Usage: 9 | Peer Avg: 5.5 | Peer Median: 5.5 | Diff: +3.5 | Last Used: 2026-08-31 12:05:39 | Evidence Codes: NONE,APPROVE,APPROVE
ENT-5397,USR-1110,Patient Records,READ,2026-05-08,ACTIVE,Rohan Singh,Lab Technician,Permanent Staff,HR,ACTIVE,10,2026-08-21 04:36:39,9.1,8.0,15,0.9,0.9,0,LOW,[],• Standard low-risk usage aligned with peer role,APPROVE,Role: Lab Technician | User Usage: 10 | Peer Avg: 9.1 | Peer Median: 8.0 | Diff: +0.9 | Last Used: 2026-08-21 04:36:39 | Evidence Codes: NONE,APPROVE,APPROVE
ENT-5398,USR-1110,Administration,READ,2026-02-20,ACTIVE,Rohan Singh,Lab Technician,Permanent Staff,HR,ACTIVE,0,Never,7.7,8.0,13,-7.7,-7.7,40,MEDIUM,['UNUSED_PRIVILEGE'],• Privilege is completely unused in application logs (0 accesses) (+40),REVIEW,Role: Lab Technician | User Usage: 0 | Peer Avg: 7.7 | Peer Median: 8.0 | Diff: -7.7 | Last Used: Never | Evidence Codes: UNUSED_PRIVILEGE,APPROVE,REVOKE
ENT-5399,USR-1110,HR,READ,2026-07-17,ACTIVE,Rohan Singh,Lab Technician,Permanent Staff,HR,ACTIVE,8,2026-08-03 22:09:39,7.1,8.0,15,0.9,0.9,0,LOW,[],• Standard low-risk usage aligned with peer role,APPROVE,Role: Lab Technician | User Usage: 8 | Peer Avg: 7.1 | Peer Median: 8.0 | Diff: +0.9 | Last Used: 2026-08-03 22:09:39 | Evidence Codes: NONE,APPROVE,APPROVE
ENT-5400,USR-1111,Administration,READ_WRITE,2026-01-14,ACTIVE,Vikram Kumar,Consultant,Visiting Consultant,Emergency,ACTIVE,7,2026-08-27 11:28:39,2.9,0.0,9,4.1,4.1,10,LOW,['HIGH_PRIVILEGE'],• Elevated permission (READ_WRITE) assigned (+10),APPROVE,Role: Consultant | User Usage: 7 | Peer Avg: 2.9 | Peer Median: 0.0 | Diff: +4.1 | Last Used: 2026-08-27 11:28:39 | Evidence Codes: HIGH_PRIVILEGE,APPROVE,APPROVE
ENT-5401,USR-1111,Patient Records,ADMIN,2026-03-13,ACTIVE,Vikram Kumar,Consultant,Visiting Consultant,Emergency,ACTIVE,8,2026-08-06 09:34:39,9.2,10.0,11,-1.2,-1.2,30,MEDIUM,['HIGH_PRIVILEGE'],• High-level permission (ADMIN) assigned (+30),REVIEW,Role: Consultant | User Usage: 8 | Peer Avg: 9.2 | Peer Median: 10.0 | Diff: -1.2 | Last Used: 2026-08-06 09:34:39 | Evidence Codes: HIGH_PRIVILEGE,APPROVE,MODIFY
ENT-5402,USR-1111,HR,READ,2026-08-04,ACTIVE,Vikram Kumar,Consultant,Visiting Consultant,Emergency,ACTIVE,8,2026-08-23 18:02:39,9.4,9.0,13,-1.4,-1.4,0,LOW,[],• Standard low-risk usage aligned with peer role,APPROVE,Role: Consultant | User Usage: 8 | Peer Avg: 9.4 | Peer Median: 9.0 | Diff: -1.4 | Last Used: 2026-08-23 18:02:39 | Evidence Codes: NONE,APPROVE,APPROVE
ENT-5403,USR-1111,Billing,WRITE,2026-02-08,ACTIVE,Vikram Kumar,Consultant,Visiting Consultant,Emergency,ACTIVE,14,2026-09-03 17:35:39,7.4,7.0,16,6.6,6.6,0,LOW,[],• Standard low-risk usage aligned with peer role,APPROVE,Role: Consultant | User Usage: 14 | Peer Avg: 7.4 | Peer Median: 7.0 | Diff: +6.6 | Last Used: 2026-09-03 17:35:39 | Evidence Codes: NONE,APPROVE,APPROVE
ENT-5404,USR-1112,HR,READ,2026-04-11,ACTIVE,Divya Rodriguez,Lab Technician,Outsourced Technician,Emergency,ACTIVE,18,2026-09-02 18:05:39,7.1,8.0,15,10.9,10.9,0,LOW,[],• Standard low-risk usage aligned with peer role,APPROVE,Role: Lab Technician | User Usage: 18 | Peer Avg: 7.1 | Peer Median: 8.0 | Diff: +10.9 | Last Used: 2026-09-02 18:05:39 | Evidence Codes: NONE,APPROVE,APPROVE
ENT-5405,USR-1112,Radiology,READ,2026-08-12,ACTIVE,Divya Rodriguez,Lab Technician,Outsourced Technician,Emergency,ACTIVE,6,2026-08-27 05:12:39,6.9,6.5,10,-0.9,-0.9,10,LOW,['RECENTLY_GRANTED'],• Privilege recently granted within past 30 days (2026-08-12) (+10),APPROVE,Role: Lab Technician | User Usage: 6 | Peer Avg: 6.9 | Peer Median: 6.5 | Diff: -0.9 | Last Used: 2026-08-27 05:12:39 | Evidence Codes: RECENTLY_GRANTED,APPROVE,APPROVE
ENT-5406,USR-1112,Pharmacy,WRITE,2026-03-31,ACTIVE,Divya Rodriguez,Lab Technician,Outsourced Technician,Emergency,ACTIVE,0,Never,8.3,9.0,15,-8.3,-8.3,40,MEDIUM,['UNUSED_PRIVILEGE'],• Privilege is completely unused in application logs (0 accesses) (+40),REVIEW,Role: Lab Technician | User Usage: 0 | Peer Avg: 8.3 | Peer Median: 9.0 | Diff: -8.3 | Last Used: Never | Evidence Codes: UNUSED_PRIVILEGE,APPROVE,REVOKE
ENT-5407,USR-1112,Laboratory,READ,2025-12-27,REVOKED,Divya Rodriguez,Lab Technician,Outsourced Technician,Emergency,ACTIVE,0,Never,5.6,0.0,15,-5.6,-5.6,40,MEDIUM,['UNUSED_PRIVILEGE'],• Privilege is completely unused in application logs (0 accesses) (+40),REVIEW,Role: Lab Technician | User Usage: 0 | Peer Avg: 5.6 | Peer Median: 0.0 | Diff: -5.6 | Last Used: Never | Evidence Codes: UNUSED_PRIVILEGE,APPROVE,REVOKE
ENT-5408,USR-1112,Patient Records,READ_WRITE,2026-06-20,ACTIVE,Divya Rodriguez,Lab Technician,Outsourced Technician,Emergency,ACTIVE,12,2026-08-11 08:28:39,9.1,8.0,15,2.9,2.9,10,LOW,['HIGH_PRIVILEGE'],• Elevated permission (READ_WRITE) assigned (+10),APPROVE,Role: Lab Technician | User Usage: 12 | Peer Avg: 9.1 | Peer Median: 8.0 | Diff: +2.9 | Last Used: 2026-08-11 08:28:39 | Evidence Codes: HIGH_PRIVILEGE,APPROVE,APPROVE
ENT-5409,USR-1113,HR,READ,2026-02-27,ACTIVE,Amit Kumar,Billing Staff,Outsourced Technician,Emergency,INACTIVE,5,2026-08-08 03:49:39,6.6,8.0,9,-1.6,-1.6,20,LOW,['INACTIVE_USER'],• User account is marked INACTIVE in HR database (+20),APPROVE,Role: Billing Staff | User Usage: 5 | Peer Avg: 6.6 | Peer Median: 8.0 | Diff: -1.6 | Last Used: 2026-08-08 03:49:39 | Evidence Codes: INACTIVE_USER,REVOKE,APPROVE
ENT-5410,USR-1113,Billing,READ,2026-03-06,ACTIVE,Amit Kumar,Billing Staff,Outsourced Technician,Emergency,INACTIVE,11,2026-09-01 10:00:39,6.5,6.0,11,4.5,4.5,20,LOW,['INACTIVE_USER'],• User account is marked INACTIVE in HR database (+20),APPROVE,Role: Billing Staff | User Usage: 11 | Peer Avg: 6.5 | Peer Median: 6.0 | Diff: +4.5 | Last Used: 2026-09-01 10:00:39 | Evidence Codes: INACTIVE_USER,REVOKE,APPROVE
ENT-5411,USR-1113,Patient Records,WRITE,2026-02-12,ACTIVE,Amit Kumar,Billing Staff,Outsourced Technician,Emergency,INACTIVE,14,2026-08-29 11:54:39,8.8,11.0,13,5.2,5.2,20,LOW,['INACTIVE_USER'],• User account is marked INACTIVE in HR database (+20),APPROVE,Role: Billing Staff | User Usage: 14 | Peer Avg: 8.8 | Peer Median: 11.0 | Diff: +5.2 | Last Used: 2026-08-29 11:54:39 | Evidence Codes: INACTIVE_USER,REVOKE,APPROVE
ENT-5412,USR-1114,Laboratory,READ_WRITE,2026-04-08,REVOKED,Emily Smith,Lab Technician,Permanent Staff,Emergency,ACTIVE,0,Never,5.6,0.0,15,-5.6,-5.6,50,MEDIUM,"['UNUSED_PRIVILEGE', 'HIGH_PRIVILEGE']","• Privilege is completely unused in application logs (0 accesses) (+40)
• Elevated permission (READ_WRITE) assigned (+10)",REVIEW,"Role: Lab Technician | User Usage: 0 | Peer Avg: 5.6 | Peer Median: 0.0 | Diff: -5.6 | Last Used: Never | Evidence Codes: UNUSED_PRIVILEGE, HIGH_PRIVILEGE",APPROVE,REVOKE
ENT-5413,USR-1114,Billing,READ,2025-12-01,ACTIVE,Emily Smith,Lab Technician,Permanent Staff,Emergency,ACTIVE,0,Never,6.2,6.0,15,-6.2,-6.2,40,MEDIUM,['UNUSED_PRIVILEGE'],• Privilege is completely unused in application logs (0 accesses) (+40),REVIEW,Role: Lab Technician | User Usage: 0 | Peer Avg: 6.2 | Peer Median: 6.0 | Diff: -6.2 | Last Used: Never | Evidence Codes: UNUSED_PRIVILEGE,APPROVE,REVOKE
ENT-5414,USR-1115,Pharmacy,READ,2026-04-15,ACTIVE,Amanda Rodriguez,Doctor,Outsourced Technician,ICU,ACTIVE,15,2026-08-25 05:57:39,6.0,6.5,12,9.0,9.0,0,LOW,[],• Standard low-risk usage aligned with peer role,APPROVE,Role: Doctor | User Usage: 15 | Peer Avg: 6.0 | Peer Median: 6.5 | Diff: +9.0 | Last Used: 2026-08-25 05:57:39 | Evidence Codes: NONE,APPROVE,APPROVE
ENT-5415,USR-1115,Patient Records,READ,2026-08-01,ACTIVE,Amanda Rodriguez,Doctor,Outsourced Technician,ICU,ACTIVE,8,2026-08-31 09:21:39,6.3,8.0,16,1.7,1.7,0,LOW,[],• Standard low-risk usage aligned with peer role,APPROVE,Role: Doctor | User Usage: 8 | Peer Avg: 6.3 | Peer Median: 8.0 | Diff: +1.7 | Last Used: 2026-08-31 09:21:39 | Evidence Codes: NONE,APPROVE,APPROVE
ENT-5416,USR-1115,Administration,READ,2025-11-08,ACTIVE,Amanda Rodriguez,Doctor,Outsourced Technician,ICU,ACTIVE,7,2026-09-02 17:48:39,6.6,7.0,14,0.4,0.4,0,LOW,[],• Standard low-risk usage aligned with peer role,APPROVE,Role: Doctor | User Usage: 7 | Peer Avg: 6.6 | Peer Median: 7.0 | Diff: +0.4 | Last Used: 2026-09-02 17:48:39 | Evidence Codes: NONE,APPROVE,APPROVE
ENT-5417,USR-1116,Laboratory,READ_WRITE,2026-02-27,ACTIVE,Karan Kumar,Consultant,Visiting Consultant,HR,ACTIVE,8,2026-08-15 15:41:39,8.0,9.0,11,0.0,0.0,10,LOW,['HIGH_PRIVILEGE'],• Elevated permission (READ_WRITE) assigned (+10),APPROVE,Role: Consultant | User Usage: 8 | Peer Avg: 8.0 | Peer Median: 9.0 | Diff: +0.0 | Last Used: 2026-08-15 15:41:39 | Evidence Codes: HIGH_PRIVILEGE,APPROVE,APPROVE
ENT-5418,USR-1116,Pharmacy,ADMIN,2026-03-02,ACTIVE,Karan Kumar,Consultant,Visiting Consultant,HR,ACTIVE,0,Never,3.7,0.0,13,-3.7,-3.7,70,HIGH,"['UNUSED_PRIVILEGE', 'HIGH_PRIVILEGE']","• Privilege is completely unused in application logs (0 accesses) (+40)
• High-level permission (ADMIN) assigned (+30)",REVOKE,"Role: Consultant | User Usage: 0 | Peer Avg: 3.7 | Peer Median: 0.0 | Diff: -3.7 | Last Used: Never | Evidence Codes: UNUSED_PRIVILEGE, HIGH_PRIVILEGE",APPROVE,REVOKE
ENT-5419,USR-1116,HR,WRITE,2025-11-14,ACTIVE,Karan Kumar,Consultant,Visiting Consultant,HR,ACTIVE,15,2026-08-31 10:34:39,9.4,9.0,13,5.6,5.6,0,LOW,[],• Standard low-risk usage aligned with peer role,APPROVE,Role: Consultant | User Usage: 15 | Peer Avg: 9.4 | Peer Median: 9.0 | Diff: +5.6 | Last Used: 2026-08-31 10:34:39 | Evidence Codes: NONE,APPROVE,APPROVE
ENT-5420,USR-1116,Billing,READ,2025-12-20,ACTIVE,Karan Kumar,Consultant,Visiting Consultant,HR,ACTIVE,0,Never,7.4,7.0,16,-7.4,-7.4,40,MEDIUM,['UNUSED_PRIVILEGE'],• Privilege is completely unused in application logs (0 accesses) (+40),REVIEW,Role: Consultant | User Usage: 0 | Peer Avg: 7.4 | Peer Median: 7.0 | Diff: -7.4 | Last Used: Never | Evidence Codes: UNUSED_PRIVILEGE,APPROVE,REVOKE
ENT-5421,USR-1116,Administration,READ_WRITE,2026-08-10,REVOKED,Karan Kumar,Consultant,Visiting Consultant,HR,ACTIVE,0,Never,2.9,0.0,9,-2.9,-2.9,60,HIGH,"['UNUSED_PRIVILEGE', 'HIGH_PRIVILEGE', 'RECENTLY_GRANTED']","• Privilege is completely unused in application logs (0 accesses) (+40)
• Elevated permission (READ_WRITE) assigned (+10)
• Privilege recently granted within past 30 days (2026-08-10) (+10)",REVOKE,"Role: Consultant | User Usage: 0 | Peer Avg: 2.9 | Peer Median: 0.0 | Diff: -2.9 | Last Used: Never | Evidence Codes: UNUSED_PRIVILEGE, HIGH_PRIVILEGE, RECENTLY_GRANTED",APPROVE,REVOKE
ENT-5422,USR-1117,Billing,WRITE,2026-08-29,ACTIVE,Pooja Brown,Radiology Technician,Outsourced Technician,Emergency,ACTIVE,0,Never,9.6,10.5,16,-9.6,-9.6,50,MEDIUM,"['UNUSED_PRIVILEGE', 'RECENTLY_GRANTED']","• Privilege is completely unused in application logs (0 accesses) (+40)
• Privilege recently granted within past 30 days (2026-08-29) (+10)",REVIEW,"Role: Radiology Technician | User Usage: 0 | Peer Avg: 9.6 | Peer Median: 10.5 | Diff: -9.6 | Last Used: Never | Evidence Codes: UNUSED_PRIVILEGE, RECENTLY_GRANTED",APPROVE,REVOKE
ENT-5423,USR-1117,Pharmacy,WRITE,2026-06-24,ACTIVE,Pooja Brown,Radiology Technician,Outsourced Technician,Emergency,ACTIVE,14,2026-09-03 17:18:39,10.3,10.5,18,3.7,3.7,0,LOW,[],• Standard low-risk usage aligned with peer role,APPROVE,Role: Radiology Technician | User Usage: 14 | Peer Avg: 10.3 | Peer Median: 10.5 | Diff: +3.7 | Last Used: 2026-09-03 17:18:39 | Evidence Codes: NONE,APPROVE,APPROVE
ENT-5424,USR-1117,Patient Records,READ_WRITE,2026-03-17,REVOKED,Pooja Brown,Radiology Technician,Outsourced Technician,Emergency,ACTIVE,0,Never,5.3,7.0,17,-5.3,-5.3,50,MEDIUM,"['UNUSED_PRIVILEGE', 'HIGH_PRIVILEGE']","• Privilege is completely unused in application logs (0 accesses) (+40)
• Elevated permission (READ_WRITE) assigned (+10)",REVIEW,"Role: Radiology Technician | User Usage: 0 | Peer Avg: 5.3 | Peer Median: 7.0 | Diff: -5.3 | Last Used: Never | Evidence Codes: UNUSED_PRIVILEGE, HIGH_PRIVILEGE",APPROVE,REVOKE
ENT-5425,USR-1118,Billing,READ,2025-12-03,ACTIVE,Ritu Joshi,Pharmacist,Permanent Staff,Administration,ACTIVE,17,2026-09-03 09:43:39,6.2,6.5,14,10.8,10.8,0,LOW,[],• Standard low-risk usage aligned with peer role,APPROVE,Role: Pharmacist | User Usage: 17 | Peer Avg: 6.2 | Peer Median: 6.5 | Diff: +10.8 | Last Used: 2026-09-03 09:43:39 | Evidence Codes: NONE,APPROVE,APPROVE
ENT-5426,USR-1118,HR,READ,2026-02-19,ACTIVE,Ritu Joshi,Pharmacist,Permanent Staff,Administration,ACTIVE,12,2026-09-01 05:29:39,7.7,9.0,12,4.3,4.3,0,LOW,[],• Standard low-risk usage aligned with peer role,APPROVE,Role: Pharmacist | User Usage: 12 | Peer Avg: 7.7 | Peer Median: 9.0 | Diff: +4.3 | Last Used: 2026-09-01 05:29:39 | Evidence Codes: NONE,APPROVE,APPROVE
ENT-5427,USR-1118,Pharmacy,READ,2026-07-09,ACTIVE,Ritu Joshi,Pharmacist,Permanent Staff,Administration,ACTIVE,10,2026-08-24 16:17:39,7.0,10.0,11,3.0,3.0,0,LOW,[],• Standard low-risk usage aligned with peer role,APPROVE,Role: Pharmacist | User Usage: 10 | Peer Avg: 7.0 | Peer Median: 10.0 | Diff: +3.0 | Last Used: 2026-08-24 16:17:39 | Evidence Codes: NONE,APPROVE,APPROVE
ENT-5428,USR-1119,Pharmacy,WRITE,2026-06-01,ACTIVE,Priya Williams,Doctor,Outsourced Technician,HR,ACTIVE,7,2026-08-24 19:00:39,6.0,6.5,12,1.0,1.0,0,LOW,[],• Standard low-risk usage aligned with peer role,APPROVE,Role: Doctor | User Usage: 7 | Peer Avg: 6.0 | Peer Median: 6.5 | Diff: +1.0 | Last Used: 2026-08-24 19:00:39 | Evidence Codes: NONE,APPROVE,APPROVE
ENT-5429,USR-1119,Administration,WRITE,2026-02-28,ACTIVE,Priya Williams,Doctor,Outsourced Technician,HR,ACTIVE,0,Never,6.6,7.0,14,-6.6,-6.6,40,MEDIUM,['UNUSED_PRIVILEGE'],• Privilege is completely unused in application logs (0 accesses) (+40),REVIEW,Role: Doctor | User Usage: 0 | Peer Avg: 6.6 | Peer Median: 7.0 | Diff: -6.6 | Last Used: Never | Evidence Codes: UNUSED_PRIVILEGE,APPROVE,REVOKE
ENT-5430,USR-1119,Radiology,WRITE,2026-06-01,ACTIVE,Priya Williams,Doctor,Outsourced Technician,HR,ACTIVE,8,2026-08-15 19:09:39,6.4,6.0,17,1.6,1.6,0,LOW,[],• Standard low-risk usage aligned with peer role,APPROVE,Role: Doctor | User Usage: 8 | Peer Avg: 6.4 | Peer Median: 6.0 | Diff: +1.6 | Last Used: 2026-08-15 19:09:39 | Evidence Codes: NONE,APPROVE,APPROVE
ENT-5431,USR-1119,Billing,READ,2026-04-01,ACTIVE,Priya Williams,Doctor,Outsourced Technician,HR,ACTIVE,9,2026-09-03 05:30:39,9.5,10.5,12,-0.5,-0.5,0,LOW,[],• Standard low-risk usage aligned with peer role,APPROVE,Role: Doctor | User Usage: 9 | Peer Avg: 9.5 | Peer Median: 10.5 | Diff: -0.5 | Last Used: 2026-09-03 05:30:39 | Evidence Codes: NONE,APPROVE,APPROVE
ENT-5432,USR-1120,HR,WRITE,2025-11-12,REVOKED,Divya Garcia,Billing Staff,Permanent Staff,Radiology,ACTIVE,0,Never,6.6,8.0,9,-6.6,-6.6,40,MEDIUM,['UNUSED_PRIVILEGE'],• Privilege is completely unused in application logs (0 accesses) (+40),REVIEW,Role: Billing Staff | User Usage: 0 | Peer Avg: 6.6 | Peer Median: 8.0 | Diff: -6.6 | Last Used: Never | Evidence Codes: UNUSED_PRIVILEGE,APPROVE,REVOKE
ENT-5433,USR-1120,Billing,WRITE,2026-05-08,ACTIVE,Divya Garcia,Billing Staff,Permanent Staff,Radiology,ACTIVE,6,2026-08-20 21:06:39,6.5,6.0,11,-0.5,-0.5,0,LOW,[],• Standard low-risk usage aligned with peer role,APPROVE,Role: Billing Staff | User Usage: 6 | Peer Avg: 6.5 | Peer Median: 6.0 | Diff: -0.5 | Last Used: 2026-08-20 21:06:39 | Evidence Codes: NONE,APPROVE,APPROVE
ENT-5434,USR-1121,Radiology,READ_WRITE,2026-07-21,ACTIVE,Meera Jones,Billing Staff,Permanent Staff,ICU,ACTIVE,10,2026-08-30 20:19:39,6.6,7.5,14,3.4,3.4,10,LOW,['HIGH_PRIVILEGE'],• Elevated permission (READ_WRITE) assigned (+10),APPROVE,Role: Billing Staff | User Usage: 10 | Peer Avg: 6.6 | Peer Median: 7.5 | Diff: +3.4 | Last Used: 2026-08-30 20:19:39 | Evidence Codes: HIGH_PRIVILEGE,APPROVE,APPROVE
ENT-5435,USR-1121,Pharmacy,READ,2026-06-05,ACTIVE,Meera Jones,Billing Staff,Permanent Staff,ICU,ACTIVE,10,2026-09-03 13:19:39,7.5,9.0,13,2.5,2.5,0,LOW,[],• Standard low-risk usage aligned with peer role,APPROVE,Role: Billing Staff | User Usage: 10 | Peer Avg: 7.5 | Peer Median: 9.0 | Diff: +2.5 | Last Used: 2026-09-03 13:19:39 | Evidence Codes: NONE,APPROVE,APPROVE
ENT-5436,USR-1122,Administration,READ,2026-03-11,ACTIVE,Neha Joshi,Doctor,Outsourced Technician,Emergency,ACTIVE,5,2026-08-15 01:00:39,6.6,7.0,14,-1.6,-1.6,0,LOW,[],• Standard low-risk usage aligned with peer role,APPROVE,Role: Doctor | User Usage: 5 | Peer Avg: 6.6 | Peer Median: 7.0 | Diff: -1.6 | Last Used: 2026-08-15 01:00:39 | Evidence Codes: NONE,APPROVE,APPROVE
ENT-5437,USR-1122,HR,READ_WRITE,2026-04-24,ACTIVE,Neha Joshi,Doctor,Outsourced Technician,Emergency,ACTIVE,9,2026-08-29 22:05:39,9.7,9.5,18,-0.7,-0.7,10,LOW,['HIGH_PRIVILEGE'],• Elevated permission (READ_WRITE) assigned (+10),APPROVE,Role: Doctor | User Usage: 9 | Peer Avg: 9.7 | Peer Median: 9.5 | Diff: -0.7 | Last Used: 2026-08-29 22:05:39 | Evidence Codes: HIGH_PRIVILEGE,APPROVE,APPROVE
ENT-5438,USR-1123,Laboratory,WRITE,2026-01-27,ACTIVE,Priya Jones,Nurse,Permanent Staff,Administration,ACTIVE,0,Never,7.3,9.0,12,-7.3,-7.3,40,MEDIUM,['UNUSED_PRIVILEGE'],• Privilege is completely unused in application logs (0 accesses) (+40),REVIEW,Role: Nurse | User Usage: 0 | Peer Avg: 7.3 | Peer Median: 9.0 | Diff: -7.3 | Last Used: Never | Evidence Codes: UNUSED_PRIVILEGE,APPROVE,REVOKE
ENT-5439,USR-1123,Patient Records,READ,2025-12-20,ACTIVE,Priya Jones,Nurse,Permanent Staff,Administration,ACTIVE,10,2026-08-31 21:23:39,10.8,12.0,11,-0.8,-0.8,0,LOW,[],• Standard low-risk usage aligned with peer role,APPROVE,Role: Nurse | User Usage: 10 | Peer Avg: 10.8 | Peer Median: 12.0 | Diff: -0.8 | Last Used: 2026-08-31 21:23:39 | Evidence Codes: NONE,APPROVE,APPROVE
ENT-5440,USR-1123,HR,WRITE,2026-02-18,ACTIVE,Priya Jones,Nurse,Permanent Staff,Administration,ACTIVE,13,2026-08-19 20:22:39,8.5,10.0,12,4.5,4.5,0,LOW,[],• Standard low-risk usage aligned with peer role,APPROVE,Role: Nurse | User Usage: 13 | Peer Avg: 8.5 | Peer Median: 10.0 | Diff: +4.5 | Last Used: 2026-08-19 20:22:39 | Evidence Codes: NONE,APPROVE,APPROVE
ENT-5441,USR-1123,Billing,WRITE,2025-11-07,ACTIVE,Priya Jones,Nurse,Permanent Staff,Administration,ACTIVE,0,Never,4.9,2.5,8,-4.9,-4.9,40,MEDIUM,['UNUSED_PRIVILEGE'],• Privilege is completely unused in application logs (0 accesses) (+40),REVIEW,Role: Nurse | User Usage: 0 | Peer Avg: 4.9 | Peer Median: 2.5 | Diff: -4.9 | Last Used: Never | Evidence Codes: UNUSED_PRIVILEGE,APPROVE,REVOKE
ENT-5442,USR-1124,Pharmacy,READ,2026-08-12,ACTIVE,Sneha Garcia,Billing Staff,Permanent Staff,Administration,INACTIVE,15,2026-08-17 12:47:39,7.5,9.0,13,7.5,7.5,30,MEDIUM,"['INACTIVE_USER', 'RECENTLY_GRANTED']","• User account is marked INACTIVE in HR database (+20)
• Privilege recently granted within past 30 days (2026-08-12) (+10)",REVIEW,"Role: Billing Staff | User Usage: 15 | Peer Avg: 7.5 | Peer Median: 9.0 | Diff: +7.5 | Last Used: 2026-08-17 12:47:39 | Evidence Codes: INACTIVE_USER, RECENTLY_GRANTED",REVOKE,MODIFY
ENT-5443,USR-1124,Radiology,READ_WRITE,2026-07-07,REVOKED,Sneha Garcia,Billing Staff,Permanent Staff,Administration,INACTIVE,0,Never,6.6,7.5,14,-6.6,-6.6,70,HIGH,"['UNUSED_PRIVILEGE', 'HIGH_PRIVILEGE', 'INACTIVE_USER']","• Privilege is completely unused in application logs (0 accesses) (+40)
• Elevated permission (READ_WRITE) assigned (+10)
• User account is marked INACTIVE in HR database (+20)",REVOKE,"Role: Billing Staff | User Usage: 0 | Peer Avg: 6.6 | Peer Median: 7.5 | Diff: -6.6 | Last Used: Never | Evidence Codes: UNUSED_PRIVILEGE, HIGH_PRIVILEGE, INACTIVE_USER",REVOKE,REVOKE
ENT-5444,USR-1124,Patient Records,READ_WRITE,2026-02-18,ACTIVE,Sneha Garcia,Billing Staff,Permanent Staff,Administration,INACTIVE,6,2026-08-15 04:32:39,8.8,11.0,13,-2.8,-2.8,30,MEDIUM,"['HIGH_PRIVILEGE', 'INACTIVE_USER']","• Elevated permission (READ_WRITE) assigned (+10)
• User account is marked INACTIVE in HR database (+20)",REVIEW,"Role: Billing Staff | User Usage: 6 | Peer Avg: 8.8 | Peer Median: 11.0 | Diff: -2.8 | Last Used: 2026-08-15 04:32:39 | Evidence Codes: HIGH_PRIVILEGE, INACTIVE_USER",REVOKE,MODIFY
ENT-5445,USR-1125,Billing,READ_WRITE,2025-12-25,ACTIVE,Stephanie Martinez,Consultant,Visiting Consultant,Emergency,ACTIVE,0,Never,7.4,7.0,16,-7.4,-7.4,50,MEDIUM,"['UNUSED_PRIVILEGE', 'HIGH_PRIVILEGE']","• Privilege is completely unused in application logs (0 accesses) (+40)
• Elevated permission (READ_WRITE) assigned (+10)",REVIEW,"Role: Consultant | User Usage: 0 | Peer Avg: 7.4 | Peer Median: 7.0 | Diff: -7.4 | Last Used: Never | Evidence Codes: UNUSED_PRIVILEGE, HIGH_PRIVILEGE",APPROVE,REVOKE
ENT-5446,USR-1125,Patient Records,WRITE,2026-06-06,ACTIVE,Stephanie Martinez,Consultant,Visiting Consultant,Emergency,ACTIVE,12,2026-08-26 03:05:39,9.2,10.0,11,2.8,2.8,0,LOW,[],• Standard low-risk usage aligned with peer role,APPROVE,Role: Consultant | User Usage: 12 | Peer Avg: 9.2 | Peer Median: 10.0 | Diff: +2.8 | Last Used: 2026-08-26 03:05:39 | Evidence Codes: NONE,APPROVE,APPROVE
ENT-5447,USR-1126,Pharmacy,READ,2026-02-01,ACTIVE,Sneha Smith,Lab Technician,Permanent Staff,Laboratory,ACTIVE,12,2026-08-29 17:01:39,8.3,9.0,15,3.7,3.7,0,LOW,[],• Standard low-risk usage aligned with peer role,APPROVE,Role: Lab Technician | User Usage: 12 | Peer Avg: 8.3 | Peer Median: 9.0 | Diff: +3.7 | Last Used: 2026-08-29 17:01:39 | Evidence Codes: NONE,APPROVE,APPROVE
ENT-5448,USR-1126,Patient Records,READ,2025-11-26,ACTIVE,Sneha Smith,Lab Technician,Permanent Staff,Laboratory,ACTIVE,7,2026-08-04 12:07:39,9.1,8.0,15,-2.1,-2.1,0,LOW,[],• Standard low-risk usage aligned with peer role,APPROVE,Role: Lab Technician | User Usage: 7 | Peer Avg: 9.1 | Peer Median: 8.0 | Diff: -2.1 | Last Used: 2026-08-04 12:07:39 | Evidence Codes: NONE,APPROVE,APPROVE
ENT-5449,USR-1126,HR,READ_WRITE,2026-04-30,REVOKED,Sneha Smith,Lab Technician,Permanent Staff,Laboratory,ACTIVE,0,Never,7.1,8.0,15,-7.1,-7.1,50,MEDIUM,"['UNUSED_PRIVILEGE', 'HIGH_PRIVILEGE']","• Privilege is completely unused in application logs (0 accesses) (+40)
• Elevated permission (READ_WRITE) assigned (+10)",REVIEW,"Role: Lab Technician | User Usage: 0 | Peer Avg: 7.1 | Peer Median: 8.0 | Diff: -7.1 | Last Used: Never | Evidence Codes: UNUSED_PRIVILEGE, HIGH_PRIVILEGE",APPROVE,REVOKE
ENT-5450,USR-1126,Laboratory,WRITE,2025-11-21,ACTIVE,Sneha Smith,Lab Technician,Permanent Staff,Laboratory,ACTIVE,9,2026-08-26 19:01:39,5.6,0.0,15,3.4,3.4,0,LOW,[],• Standard low-risk usage aligned with peer role,APPROVE,Role: Lab Technician | User Usage: 9 | Peer Avg: 5.6 | Peer Median: 0.0 | Diff: +3.4 | Last Used: 2026-08-26 19:01:39 | Evidence Codes: NONE,APPROVE,APPROVE
ENT-5451,USR-1126,Billing,READ_WRITE,2026-02-26,REVOKED,Sneha Smith,Lab Technician,Permanent Staff,Laboratory,ACTIVE,0,Never,6.2,6.0,15,-6.2,-6.2,50,MEDIUM,"['UNUSED_PRIVILEGE', 'HIGH_PRIVILEGE']","• Privilege is completely unused in application logs (0 accesses) (+40)
• Elevated permission (READ_WRITE) assigned (+10)",REVIEW,"Role: Lab Technician | User Usage: 0 | Peer Avg: 6.2 | Peer Median: 6.0 | Diff: -6.2 | Last Used: Never | Evidence Codes: UNUSED_PRIVILEGE, HIGH_PRIVILEGE",APPROVE,REVOKE
ENT-5452,USR-1127,Laboratory,WRITE,2025-12-27,ACTIVE,Sarah Garcia,Consultant,Visiting Consultant,Administration,ACTIVE,13,2026-09-03 19:21:39,8.0,9.0,11,5.0,5.0,0,LOW,[],• Standard low-risk usage aligned with peer role,APPROVE,Role: Consultant | User Usage: 13 | Peer Avg: 8.0 | Peer Median: 9.0 | Diff: +5.0 | Last Used: 2026-09-03 19:21:39 | Evidence Codes: NONE,APPROVE,APPROVE
ENT-5453,USR-1127,HR,ADMIN,2026-06-03,ACTIVE,Sarah Garcia,Consultant,Visiting Consultant,Administration,ACTIVE,9,2026-08-19 06:12:39,9.4,9.0,13,-0.4,-0.4,30,MEDIUM,['HIGH_PRIVILEGE'],• High-level permission (ADMIN) assigned (+30),REVIEW,Role: Consultant | User Usage: 9 | Peer Avg: 9.4 | Peer Median: 9.0 | Diff: -0.4 | Last Used: 2026-08-19 06:12:39 | Evidence Codes: HIGH_PRIVILEGE,APPROVE,MODIFY
ENT-5454,USR-1128,Radiology,READ_WRITE,2026-02-07,ACTIVE,Swati Davis,Pharmacist,Outsourced Technician,Billing,ACTIVE,0,Never,9.8,11.0,14,-9.8,-9.8,50,MEDIUM,"['UNUSED_PRIVILEGE', 'HIGH_PRIVILEGE']","• Privilege is completely unused in application logs (0 accesses) (+40)
• Elevated permission (READ_WRITE) assigned (+10)",REVIEW,"Role: Pharmacist | User Usage: 0 | Peer Avg: 9.8 | Peer Median: 11.0 | Diff: -9.8 | Last Used: Never | Evidence Codes: UNUSED_PRIVILEGE, HIGH_PRIVILEGE",APPROVE,REVOKE
ENT-5455,USR-1128,Patient Records,READ,2026-04-16,REVOKED,Swati Davis,Pharmacist,Outsourced Technician,Billing,ACTIVE,0,Never,4.3,0.0,10,-4.3,-4.3,40,MEDIUM,['UNUSED_PRIVILEGE'],• Privilege is completely unused in application logs (0 accesses) (+40),REVIEW,Role: Pharmacist | User Usage: 0 | Peer Avg: 4.3 | Peer Median: 0.0 | Diff: -4.3 | Last Used: Never | Evidence Codes: UNUSED_PRIVILEGE,APPROVE,REVOKE
ENT-5456,USR-1129,Pharmacy,WRITE,2026-04-17,ACTIVE,Nikhil Williams,Intern,Intern,HR,ACTIVE,0,Never,8.3,11.0,11,-8.3,-8.3,40,MEDIUM,['UNUSED_PRIVILEGE'],• Privilege is completely unused in application logs (0 accesses) (+40),REVIEW,Role: Intern | User Usage: 0 | Peer Avg: 8.3 | Peer Median: 11.0 | Diff: -8.3 | Last Used: Never | Evidence Codes: UNUSED_PRIVILEGE,APPROVE,REVOKE
ENT-5457,USR-1129,Laboratory,READ_WRITE,2026-04-14,ACTIVE,Nikhil Williams,Intern,Intern,HR,ACTIVE,9,2026-09-03 07:05:39,8.2,9.0,13,0.8,0.8,10,LOW,['HIGH_PRIVILEGE'],• Elevated permission (READ_WRITE) assigned (+10),APPROVE,Role: Intern | User Usage: 9 | Peer Avg: 8.2 | Peer Median: 9.0 | Diff: +0.8 | Last Used: 2026-09-03 07:05:39 | Evidence Codes: HIGH_PRIVILEGE,APPROVE,APPROVE
ENT-5458,USR-1129,Radiology,READ_WRITE,2026-07-11,REVOKED,Nikhil Williams,Intern,Intern,HR,ACTIVE,0,Never,8.6,10.0,11,-8.6,-8.6,50,MEDIUM,"['UNUSED_PRIVILEGE', 'HIGH_PRIVILEGE']","• Privilege is completely unused in application logs (0 accesses) (+40)
• Elevated permission (READ_WRITE) assigned (+10)",REVIEW,"Role: Intern | User Usage: 0 | Peer Avg: 8.6 | Peer Median: 10.0 | Diff: -8.6 | Last Used: Never | Evidence Codes: UNUSED_PRIVILEGE, HIGH_PRIVILEGE",APPROVE,REVOKE
ENT-5459,USR-1129,HR,READ_WRITE,2025-11-25,ACTIVE,Nikhil Williams,Intern,Intern,HR,ACTIVE,14,2026-09-01 07:14:39,5.6,3.0,16,8.4,8.4,10,LOW,['HIGH_PRIVILEGE'],• Elevated permission (READ_WRITE) assigned (+10),APPROVE,Role: Intern | User Usage: 14 | Peer Avg: 5.6 | Peer Median: 3.0 | Diff: +8.4 | Last Used: 2026-09-01 07:14:39 | Evidence Codes: HIGH_PRIVILEGE,APPROVE,APPROVE
ENT-5460,USR-1129,Patient Records,READ,2026-05-05,ACTIVE,Nikhil Williams,Intern,Intern,HR,ACTIVE,11,2026-09-01 16:20:39,7.6,9.0,11,3.4,3.4,0,LOW,[],• Standard low-risk usage aligned with peer role,APPROVE,Role: Intern | User Usage: 11 | Peer Avg: 7.6 | Peer Median: 9.0 | Diff: +3.4 | Last Used: 2026-09-01 16:20:39 | Evidence Codes: NONE,APPROVE,APPROVE
ENT-5461,USR-1130,Administration,READ,2025-12-29,ACTIVE,David Williams,Pharmacist,Permanent Staff,Administration,INACTIVE,9,2026-08-26 03:31:39,5.6,7.0,13,3.4,3.4,20,LOW,['INACTIVE_USER'],• User account is marked INACTIVE in HR database (+20),APPROVE,Role: Pharmacist | User Usage: 9 | Peer Avg: 5.6 | Peer Median: 7.0 | Diff: +3.4 | Last Used: 2026-08-26 03:31:39 | Evidence Codes: INACTIVE_USER,REVOKE,APPROVE
ENT-5462,USR-1130,Billing,WRITE,2026-08-12,ACTIVE,David Williams,Pharmacist,Permanent Staff,Administration,INACTIVE,7,2026-08-18 22:34:39,6.2,6.5,14,0.8,0.8,30,MEDIUM,"['INACTIVE_USER', 'RECENTLY_GRANTED']","• User account is marked INACTIVE in HR database (+20)
• Privilege recently granted within past 30 days (2026-08-12) (+10)",REVIEW,"Role: Pharmacist | User Usage: 7 | Peer Avg: 6.2 | Peer Median: 6.5 | Diff: +0.8 | Last Used: 2026-08-18 22:34:39 | Evidence Codes: INACTIVE_USER, RECENTLY_GRANTED",REVOKE,MODIFY
ENT-5463,USR-1130,Radiology,READ,2025-11-10,ACTIVE,David Williams,Pharmacist,Permanent Staff,Administration,INACTIVE,9,2026-08-30 00:15:39,9.8,11.0,14,-0.8,-0.8,20,LOW,['INACTIVE_USER'],• User account is marked INACTIVE in HR database (+20),APPROVE,Role: Pharmacist | User Usage: 9 | Peer Avg: 9.8 | Peer Median: 11.0 | Diff: -0.8 | Last Used: 2026-08-30 00:15:39 | Evidence Codes: INACTIVE_USER,REVOKE,APPROVE
ENT-5464,USR-1130,HR,WRITE,2026-06-29,ACTIVE,David Williams,Pharmacist,Permanent Staff,Administration,INACTIVE,3,2026-08-10 03:55:39,7.7,9.0,12,-4.7,-4.7,20,LOW,['INACTIVE_USER'],• User account is marked INACTIVE in HR database (+20),APPROVE,Role: Pharmacist | User Usage: 3 | Peer Avg: 7.7 | Peer Median: 9.0 | Diff: -4.7 | Last Used: 2026-08-10 03:55:39 | Evidence Codes: INACTIVE_USER,REVOKE,APPROVE
ENT-5465,USR-1130,Laboratory,WRITE,2026-06-05,ACTIVE,David Williams,Pharmacist,Permanent Staff,Administration,INACTIVE,8,2026-08-26 01:08:39,5.6,6.0,10,2.4,2.4,20,LOW,['INACTIVE_USER'],• User account is marked INACTIVE in HR database (+20),APPROVE,Role: Pharmacist | User Usage: 8 | Peer Avg: 5.6 | Peer Median: 6.0 | Diff: +2.4 | Last Used: 2026-08-26 01:08:39 | Evidence Codes: INACTIVE_USER,REVOKE,APPROVE
ENT-5466,USR-1131,Pharmacy,ADMIN,2026-01-19,ACTIVE,Nikhil Smith,Nurse,Outsourced Technician,Emergency,ACTIVE,0,Never,4.7,0.0,9,-4.7,-4.7,70,HIGH,"['UNUSED_PRIVILEGE', 'HIGH_PRIVILEGE']","• Privilege is completely unused in application logs (0 accesses) (+40)
• High-level permission (ADMIN) assigned (+30)",REVOKE,"Role: Nurse | User Usage: 0 | Peer Avg: 4.7 | Peer Median: 0.0 | Diff: -4.7 | Last Used: Never | Evidence Codes: UNUSED_PRIVILEGE, HIGH_PRIVILEGE",APPROVE,REVOKE
ENT-5467,USR-1131,Patient Records,READ,2026-06-15,ACTIVE,Nikhil Smith,Nurse,Outsourced Technician,Emergency,ACTIVE,13,2026-08-24 02:01:39,10.8,12.0,11,2.2,2.2,0,LOW,[],• Standard low-risk usage aligned with peer role,APPROVE,Role: Nurse | User Usage: 13 | Peer Avg: 10.8 | Peer Median: 12.0 | Diff: +2.2 | Last Used: 2026-08-24 02:01:39 | Evidence Codes: NONE,APPROVE,APPROVE
ENT-5468,USR-1131,Radiology,READ_WRITE,2026-07-26,REVOKED,Nikhil Smith,Nurse,Outsourced Technician,Emergency,ACTIVE,0,Never,8.8,9.0,15,-8.8,-8.8,50,MEDIUM,"['UNUSED_PRIVILEGE', 'HIGH_PRIVILEGE']","• Privilege is completely unused in application logs (0 accesses) (+40)
• Elevated permission (READ_WRITE) assigned (+10)",REVIEW,"Role: Nurse | User Usage: 0 | Peer Avg: 8.8 | Peer Median: 9.0 | Diff: -8.8 | Last Used: Never | Evidence Codes: UNUSED_PRIVILEGE, HIGH_PRIVILEGE",APPROVE,REVOKE
ENT-5469,USR-1132,Billing,READ,2025-12-05,ACTIVE,Emily Gupta,Pharmacist,Permanent Staff,Emergency,ACTIVE,12,2026-09-02 13:04:39,6.2,6.5,14,5.8,5.8,0,LOW,[],• Standard low-risk usage aligned with peer role,APPROVE,Role: Pharmacist | User Usage: 12 | Peer Avg: 6.2 | Peer Median: 6.5 | Diff: +5.8 | Last Used: 2026-09-02 13:04:39 | Evidence Codes: NONE,APPROVE,APPROVE
ENT-5470,USR-1132,Laboratory,ADMIN,2026-06-14,ACTIVE,Emily Gupta,Pharmacist,Permanent Staff,Emergency,ACTIVE,16,2026-09-02 02:15:39,5.6,6.0,10,10.4,10.4,30,MEDIUM,['HIGH_PRIVILEGE'],• High-level permission (ADMIN) assigned (+30),REVIEW,Role: Pharmacist | User Usage: 16 | Peer Avg: 5.6 | Peer Median: 6.0 | Diff: +10.4 | Last Used: 2026-09-02 02:15:39 | Evidence Codes: HIGH_PRIVILEGE,APPROVE,MODIFY
ENT-5471,USR-1132,HR,WRITE,2026-07-09,ACTIVE,Emily Gupta,Pharmacist,Permanent Staff,Emergency,ACTIVE,15,2026-08-26 08:27:39,7.7,9.0,12,7.3,7.3,0,LOW,[],• Standard low-risk usage aligned with peer role,APPROVE,Role: Pharmacist | User Usage: 15 | Peer Avg: 7.7 | Peer Median: 9.0 | Diff: +7.3 | Last Used: 2026-08-26 08:27:39 | Evidence Codes: NONE,APPROVE,APPROVE
ENT-5472,USR-1132,Radiology,WRITE,2026-07-09,ACTIVE,Emily Gupta,Pharmacist,Permanent Staff,Emergency,ACTIVE,7,2026-08-20 17:05:39,9.8,11.0,14,-2.8,-2.8,0,LOW,[],• Standard low-risk usage aligned with peer role,APPROVE,Role: Pharmacist | User Usage: 7 | Peer Avg: 9.8 | Peer Median: 11.0 | Diff: -2.8 | Last Used: 2026-08-20 17:05:39 | Evidence Codes: NONE,APPROVE,APPROVE
ENT-5473,USR-1132,Patient Records,READ,2026-03-06,ACTIVE,Emily Gupta,Pharmacist,Permanent Staff,Emergency,ACTIVE,0,Never,4.3,0.0,10,-4.3,-4.3,40,MEDIUM,['UNUSED_PRIVILEGE'],• Privilege is completely unused in application logs (0 accesses) (+40),REVIEW,Role: Pharmacist | User Usage: 0 | Peer Avg: 4.3 | Peer Median: 0.0 | Diff: -4.3 | Last Used: Never | Evidence Codes: UNUSED_PRIVILEGE,APPROVE,REVOKE
ENT-5474,USR-1133,Radiology,ADMIN,2026-04-10,ACTIVE,Rahul Martinez,Pharmacist,Permanent Staff,Billing,ACTIVE,11,2026-08-31 01:49:39,9.8,11.0,14,1.2,1.2,30,MEDIUM,['HIGH_PRIVILEGE'],• High-level permission (ADMIN) assigned (+30),REVIEW,Role: Pharmacist | User Usage: 11 | Peer Avg: 9.8 | Peer Median: 11.0 | Diff: +1.2 | Last Used: 2026-08-31 01:49:39 | Evidence Codes: HIGH_PRIVILEGE,APPROVE,MODIFY
ENT-5475,USR-1133,HR,WRITE,2026-02-05,REVOKED,Rahul Martinez,Pharmacist,Permanent Staff,Billing,ACTIVE,0,Never,7.7,9.0,12,-7.7,-7.7,40,MEDIUM,['UNUSED_PRIVILEGE'],• Privilege is completely unused in application logs (0 accesses) (+40),REVIEW,Role: Pharmacist | User Usage: 0 | Peer Avg: 7.7 | Peer Median: 9.0 | Diff: -7.7 | Last Used: Never | Evidence Codes: UNUSED_PRIVILEGE,APPROVE,REVOKE
ENT-5476,USR-1133,Administration,READ,2026-03-13,ACTIVE,Rahul Martinez,Pharmacist,Permanent Staff,Billing,ACTIVE,9,2026-08-31 17:23:39,5.6,7.0,13,3.4,3.4,0,LOW,[],• Standard low-risk usage aligned with peer role,APPROVE,Role: Pharmacist | User Usage: 9 | Peer Avg: 5.6 | Peer Median: 7.0 | Diff: +3.4 | Last Used: 2026-08-31 17:23:39 | Evidence Codes: NONE,APPROVE,APPROVE
ENT-5477,USR-1133,Billing,ADMIN,2025-12-29,ACTIVE,Rahul Martinez,Pharmacist,Permanent Staff,Billing,ACTIVE,0,Never,6.2,6.5,14,-6.2,-6.2,70,HIGH,"['UNUSED_PRIVILEGE', 'HIGH_PRIVILEGE']","• Privilege is completely unused in application logs (0 accesses) (+40)
• High-level permission (ADMIN) assigned (+30)",REVOKE,"Role: Pharmacist | User Usage: 0 | Peer Avg: 6.2 | Peer Median: 6.5 | Diff: -6.2 | Last Used: Never | Evidence Codes: UNUSED_PRIVILEGE, HIGH_PRIVILEGE",APPROVE,REVOKE
ENT-5478,USR-1134,Patient Records,READ_WRITE,2025-12-21,ACTIVE,John Garcia,Doctor,Permanent Staff,Radiology,ACTIVE,12,2026-08-17 04:37:39,6.3,8.0,16,5.7,5.7,10,LOW,['HIGH_PRIVILEGE'],• Elevated permission (READ_WRITE) assigned (+10),APPROVE,Role: Doctor | User Usage: 12 | Peer Avg: 6.3 | Peer Median: 8.0 | Diff: +5.7 | Last Used: 2026-08-17 04:37:39 | Evidence Codes: HIGH_PRIVILEGE,APPROVE,APPROVE
ENT-5479,USR-1134,Laboratory,READ,2026-05-05,ACTIVE,John Garcia,Doctor,Permanent Staff,Radiology,ACTIVE,7,2026-08-14 15:09:39,5.5,5.5,16,1.5,1.5,0,LOW,[],• Standard low-risk usage aligned with peer role,APPROVE,Role: Doctor | User Usage: 7 | Peer Avg: 5.5 | Peer Median: 5.5 | Diff: +1.5 | Last Used: 2026-08-14 15:09:39 | Evidence Codes: NONE,APPROVE,APPROVE
ENT-5480,USR-1134,HR,READ,2026-01-15,ACTIVE,John Garcia,Doctor,Permanent Staff,Radiology,ACTIVE,8,2026-08-26 17:55:39,9.7,9.5,18,-1.7,-1.7,0,LOW,[],• Standard low-risk usage aligned with peer role,APPROVE,Role: Doctor | User Usage: 8 | Peer Avg: 9.7 | Peer Median: 9.5 | Diff: -1.7 | Last Used: 2026-08-26 17:55:39 | Evidence Codes: NONE,APPROVE,APPROVE
ENT-5481,USR-1134,Billing,READ_WRITE,2026-01-28,ACTIVE,John Garcia,Doctor,Permanent Staff,Radiology,ACTIVE,11,2026-08-20 20:01:39,9.5,10.5,12,1.5,1.5,10,LOW,['HIGH_PRIVILEGE'],• Elevated permission (READ_WRITE) assigned (+10),APPROVE,Role: Doctor | User Usage: 11 | Peer Avg: 9.5 | Peer Median: 10.5 | Diff: +1.5 | Last Used: 2026-08-20 20:01:39 | Evidence Codes: HIGH_PRIVILEGE,APPROVE,APPROVE
ENT-5482,USR-1135,Pharmacy,READ_WRITE,2026-02-02,ACTIVE,Rohan Brown,Nurse,Permanent Staff,Administration,ACTIVE,8,2026-08-15 12:46:39,4.7,0.0,9,3.3,3.3,10,LOW,['HIGH_PRIVILEGE'],• Elevated permission (READ_WRITE) assigned (+10),APPROVE,Role: Nurse | User Usage: 8 | Peer Avg: 4.7 | Peer Median: 0.0 | Diff: +3.3 | Last Used: 2026-08-15 12:46:39 | Evidence Codes: HIGH_PRIVILEGE,APPROVE,APPROVE
ENT-5483,USR-1135,Radiology,READ,2026-02-19,ACTIVE,Rohan Brown,Nurse,Permanent Staff,Administration,ACTIVE,14,2026-08-22 20:30:39,8.8,9.0,15,5.2,5.2,0,LOW,[],• Standard low-risk usage aligned with peer role,APPROVE,Role: Nurse | User Usage: 14 | Peer Avg: 8.8 | Peer Median: 9.0 | Diff: +5.2 | Last Used: 2026-08-22 20:30:39 | Evidence Codes: NONE,APPROVE,APPROVE
ENT-5484,USR-1136,Patient Records,WRITE,2025-12-04,ACTIVE,Aarav Verma,Radiology Technician,Permanent Staff,Laboratory,ACTIVE,9,2026-08-30 02:15:39,5.3,7.0,17,3.7,3.7,0,LOW,[],• Standard low-risk usage aligned with peer role,APPROVE,Role: Radiology Technician | User Usage: 9 | Peer Avg: 5.3 | Peer Median: 7.0 | Diff: +3.7 | Last Used: 2026-08-30 02:15:39 | Evidence Codes: NONE,APPROVE,APPROVE
ENT-5485,USR-1136,Laboratory,ADMIN,2026-05-23,ACTIVE,Aarav Verma,Radiology Technician,Permanent Staff,Laboratory,ACTIVE,0,Never,7.6,9.5,14,-7.6,-7.6,70,HIGH,"['UNUSED_PRIVILEGE', 'HIGH_PRIVILEGE']","• Privilege is completely unused in application logs (0 accesses) (+40)
• High-level permission (ADMIN) assigned (+30)",REVOKE,"Role: Radiology Technician | User Usage: 0 | Peer Avg: 7.6 | Peer Median: 9.5 | Diff: -7.6 | Last Used: Never | Evidence Codes: UNUSED_PRIVILEGE, HIGH_PRIVILEGE",APPROVE,REVOKE
ENT-5486,USR-1136,Billing,READ_WRITE,2026-07-31,ACTIVE,Aarav Verma,Radiology Technician,Permanent Staff,Laboratory,ACTIVE,8,2026-08-16 09:17:39,9.6,10.5,16,-1.6,-1.6,10,LOW,['HIGH_PRIVILEGE'],• Elevated permission (READ_WRITE) assigned (+10),APPROVE,Role: Radiology Technician | User Usage: 8 | Peer Avg: 9.6 | Peer Median: 10.5 | Diff: -1.6 | Last Used: 2026-08-16 09:17:39 | Evidence Codes: HIGH_PRIVILEGE,APPROVE,APPROVE
ENT-5487,USR-1137,Patient Records,READ,2025-12-14,ACTIVE,Kavya Miller,Pharmacist,Permanent Staff,Pharmacy,INACTIVE,0,Never,4.3,0.0,10,-4.3,-4.3,60,HIGH,"['UNUSED_PRIVILEGE', 'INACTIVE_USER']","• Privilege is completely unused in application logs (0 accesses) (+40)
• User account is marked INACTIVE in HR database (+20)",REVOKE,"Role: Pharmacist | User Usage: 0 | Peer Avg: 4.3 | Peer Median: 0.0 | Diff: -4.3 | Last Used: Never | Evidence Codes: UNUSED_PRIVILEGE, INACTIVE_USER",REVOKE,REVOKE
ENT-5488,USR-1137,Laboratory,READ,2026-08-14,ACTIVE,Kavya Miller,Pharmacist,Permanent Staff,Pharmacy,INACTIVE,5,2026-08-19 21:58:39,5.6,6.0,10,-0.6,-0.6,30,MEDIUM,"['INACTIVE_USER', 'RECENTLY_GRANTED']","• User account is marked INACTIVE in HR database (+20)
• Privilege recently granted within past 30 days (2026-08-14) (+10)",REVIEW,"Role: Pharmacist | User Usage: 5 | Peer Avg: 5.6 | Peer Median: 6.0 | Diff: -0.6 | Last Used: 2026-08-19 21:58:39 | Evidence Codes: INACTIVE_USER, RECENTLY_GRANTED",REVOKE,MODIFY
ENT-5489,USR-1137,Pharmacy,WRITE,2026-01-13,ACTIVE,Kavya Miller,Pharmacist,Permanent Staff,Pharmacy,INACTIVE,10,2026-08-06 20:33:39,7.0,10.0,11,3.0,3.0,20,LOW,['INACTIVE_USER'],• User account is marked INACTIVE in HR database (+20),APPROVE,Role: Pharmacist | User Usage: 10 | Peer Avg: 7.0 | Peer Median: 10.0 | Diff: +3.0 | Last Used: 2026-08-06 20:33:39 | Evidence Codes: INACTIVE_USER,REVOKE,APPROVE
ENT-5490,USR-1137,HR,READ,2025-11-20,ACTIVE,Kavya Miller,Pharmacist,Permanent Staff,Pharmacy,INACTIVE,8,2026-08-26 00:06:39,7.7,9.0,12,0.3,0.3,20,LOW,['INACTIVE_USER'],• User account is marked INACTIVE in HR database (+20),APPROVE,Role: Pharmacist | User Usage: 8 | Peer Avg: 7.7 | Peer Median: 9.0 | Diff: +0.3 | Last Used: 2026-08-26 00:06:39 | Evidence Codes: INACTIVE_USER,REVOKE,APPROVE
ENT-5491,USR-1137,Billing,READ_WRITE,2026-04-19,ACTIVE,Kavya Miller,Pharmacist,Permanent Staff,Pharmacy,INACTIVE,5,2026-08-31 22:15:39,6.2,6.5,14,-1.2,-1.2,30,MEDIUM,"['HIGH_PRIVILEGE', 'INACTIVE_USER']","• Elevated permission (READ_WRITE) assigned (+10)
• User account is marked INACTIVE in HR database (+20)",REVIEW,"Role: Pharmacist | User Usage: 5 | Peer Avg: 6.2 | Peer Median: 6.5 | Diff: -1.2 | Last Used: 2026-08-31 22:15:39 | Evidence Codes: HIGH_PRIVILEGE, INACTIVE_USER",REVOKE,MODIFY
ENT-5492,USR-1138,Laboratory,WRITE,2026-06-07,ACTIVE,Amit Martinez,Intern,Intern,Administration,INACTIVE,11,2026-08-26 00:04:39,8.2,9.0,13,2.8,2.8,20,LOW,['INACTIVE_USER'],• User account is marked INACTIVE in HR database (+20),APPROVE,Role: Intern | User Usage: 11 | Peer Avg: 8.2 | Peer Median: 9.0 | Diff: +2.8 | Last Used: 2026-08-26 00:04:39 | Evidence Codes: INACTIVE_USER,REVOKE,APPROVE
ENT-5493,USR-1138,Patient Records,READ,2026-05-12,ACTIVE,Amit Martinez,Intern,Intern,Administration,INACTIVE,11,2026-08-20 18:10:39,7.6,9.0,11,3.4,3.4,20,LOW,['INACTIVE_USER'],• User account is marked INACTIVE in HR database (+20),APPROVE,Role: Intern | User Usage: 11 | Peer Avg: 7.6 | Peer Median: 9.0 | Diff: +3.4 | Last Used: 2026-08-20 18:10:39 | Evidence Codes: INACTIVE_USER,REVOKE,APPROVE
ENT-5494,USR-1139,HR,READ,2025-12-10,REVOKED,John Kumar,Billing Staff,Outsourced Technician,ICU,ACTIVE,0,Never,6.6,8.0,9,-6.6,-6.6,40,MEDIUM,['UNUSED_PRIVILEGE'],• Privilege is completely unused in application logs (0 accesses) (+40),REVIEW,Role: Billing Staff | User Usage: 0 | Peer Avg: 6.6 | Peer Median: 8.0 | Diff: -6.6 | Last Used: Never | Evidence Codes: UNUSED_PRIVILEGE,APPROVE,REVOKE
ENT-5495,USR-1139,Pharmacy,READ,2026-08-25,ACTIVE,John Kumar,Billing Staff,Outsourced Technician,ICU,ACTIVE,13,2026-09-03 03:10:39,7.5,9.0,13,5.5,5.5,10,LOW,['RECENTLY_GRANTED'],• Privilege recently granted within past 30 days (2026-08-25) (+10),APPROVE,Role: Billing Staff | User Usage: 13 | Peer Avg: 7.5 | Peer Median: 9.0 | Diff: +5.5 | Last Used: 2026-09-03 03:10:39 | Evidence Codes: RECENTLY_GRANTED,APPROVE,APPROVE
ENT-5496,USR-1139,Laboratory,READ_WRITE,2026-06-02,ACTIVE,John Kumar,Billing Staff,Outsourced Technician,ICU,ACTIVE,11,2026-08-17 02:56:39,7.5,9.0,11,3.5,3.5,10,LOW,['HIGH_PRIVILEGE'],• Elevated permission (READ_WRITE) assigned (+10),APPROVE,Role: Billing Staff | User Usage: 11 | Peer Avg: 7.5 | Peer Median: 9.0 | Diff: +3.5 | Last Used: 2026-08-17 02:56:39 | Evidence Codes: HIGH_PRIVILEGE,APPROVE,APPROVE
ENT-5497,USR-1140,Pharmacy,WRITE,2026-03-26,ACTIVE,Swati Nair,Nurse,Outsourced Technician,Billing,ACTIVE,14,2026-09-01 14:17:39,4.7,0.0,9,9.3,9.3,0,LOW,[],• Standard low-risk usage aligned with peer role,APPROVE,Role: Nurse | User Usage: 14 | Peer Avg: 4.7 | Peer Median: 0.0 | Diff: +9.3 | Last Used: 2026-09-01 14:17:39 | Evidence Codes: NONE,APPROVE,APPROVE
ENT-5498,USR-1140,Laboratory,READ,2026-04-11,ACTIVE,Swati Nair,Nurse,Outsourced Technician,Billing,ACTIVE,12,2026-09-03 08:04:39,7.3,9.0,12,4.7,4.7,0,LOW,[],• Standard low-risk usage aligned with peer role,APPROVE,Role: Nurse | User Usage: 12 | Peer Avg: 7.3 | Peer Median: 9.0 | Diff: +4.7 | Last Used: 2026-09-03 08:04:39 | Evidence Codes: NONE,APPROVE,APPROVE
ENT-5499,USR-1141,Administration,WRITE,2025-12-06,ACTIVE,Sneha Kumar,Billing Staff,Outsourced Technician,Radiology,ACTIVE,11,2026-08-27 14:44:39,9.8,10.5,8,1.2,1.2,0,LOW,[],• Standard low-risk usage aligned with peer role,APPROVE,Role: Billing Staff | User Usage: 11 | Peer Avg: 9.8 | Peer Median: 10.5 | Diff: +1.2 | Last Used: 2026-08-27 14:44:39 | Evidence Codes: NONE,APPROVE,APPROVE
ENT-5500,USR-1141,Laboratory,WRITE,2026-07-08,REVOKED,Sneha Kumar,Billing Staff,Outsourced Technician,Radiology,ACTIVE,0,Never,7.5,9.0,11,-7.5,-7.5,40,MEDIUM,['UNUSED_PRIVILEGE'],• Privilege is completely unused in application logs (0 accesses) (+40),REVIEW,Role: Billing Staff | User Usage: 0 | Peer Avg: 7.5 | Peer Median: 9.0 | Diff: -7.5 | Last Used: Never | Evidence Codes: UNUSED_PRIVILEGE,APPROVE,REVOKE
ENT-5501,USR-1141,Radiology,READ,2026-02-19,ACTIVE,Sneha Kumar,Billing Staff,Outsourced Technician,Radiology,ACTIVE,16,2026-09-03 20:13:39,6.6,7.5,14,9.4,9.4,0,LOW,[],• Standard low-risk usage aligned with peer role,APPROVE,Role: Billing Staff | User Usage: 16 | Peer Avg: 6.6 | Peer Median: 7.5 | Diff: +9.4 | Last Used: 2026-09-03 20:13:39 | Evidence Codes: NONE,APPROVE,APPROVE
ENT-5502,USR-1141,HR,WRITE,2026-04-07,ACTIVE,Sneha Kumar,Billing Staff,Outsourced Technician,Radiology,ACTIVE,7,2026-09-02 17:12:39,6.6,8.0,9,0.4,0.4,0,LOW,[],• Standard low-risk usage aligned with peer role,APPROVE,Role: Billing Staff | User Usage: 7 | Peer Avg: 6.6 | Peer Median: 8.0 | Diff: +0.4 | Last Used: 2026-09-02 17:12:39 | Evidence Codes: NONE,APPROVE,APPROVE
ENT-5503,USR-1141,Patient Records,ADMIN,2026-07-28,ACTIVE,Sneha Kumar,Billing Staff,Outsourced Technician,Radiology,ACTIVE,12,2026-08-30 19:09:39,8.8,11.0,13,3.2,3.2,30,MEDIUM,['HIGH_PRIVILEGE'],• High-level permission (ADMIN) assigned (+30),REVIEW,Role: Billing Staff | User Usage: 12 | Peer Avg: 8.8 | Peer Median: 11.0 | Diff: +3.2 | Last Used: 2026-08-30 19:09:39 | Evidence Codes: HIGH_PRIVILEGE,APPROVE,MODIFY
ENT-5504,USR-1142,HR,READ,2026-03-30,ACTIVE,Kavya Williams,Radiology Technician,Outsourced Technician,Laboratory,ACTIVE,14,2026-08-23 06:19:39,10.7,11.0,10,3.3,3.3,0,LOW,[],• Standard low-risk usage aligned with peer role,APPROVE,Role: Radiology Technician | User Usage: 14 | Peer Avg: 10.7 | Peer Median: 11.0 | Diff: +3.3 | Last Used: 2026-08-23 06:19:39 | Evidence Codes: NONE,APPROVE,APPROVE
ENT-5505,USR-1142,Laboratory,WRITE,2026-04-28,ACTIVE,Kavya Williams,Radiology Technician,Outsourced Technician,Laboratory,ACTIVE,0,Never,7.6,9.5,14,-7.6,-7.6,40,MEDIUM,['UNUSED_PRIVILEGE'],• Privilege is completely unused in application logs (0 accesses) (+40),REVIEW,Role: Radiology Technician | User Usage: 0 | Peer Avg: 7.6 | Peer Median: 9.5 | Diff: -7.6 | Last Used: Never | Evidence Codes: UNUSED_PRIVILEGE,APPROVE,REVOKE
ENT-5506,USR-1142,Administration,READ,2026-02-04,ACTIVE,Kavya Williams,Radiology Technician,Outsourced Technician,Laboratory,ACTIVE,8,2026-08-23 06:23:39,8.2,10.0,15,-0.2,-0.2,0,LOW,[],• Standard low-risk usage aligned with peer role,APPROVE,Role: Radiology Technician | User Usage: 8 | Peer Avg: 8.2 | Peer Median: 10.0 | Diff: -0.2 | Last Used: 2026-08-23 06:23:39 | Evidence Codes: NONE,APPROVE,APPROVE
ENT-5507,USR-1142,Billing,READ,2026-08-16,ACTIVE,Kavya Williams,Radiology Technician,Outsourced Technician,Laboratory,ACTIVE,14,2026-09-02 14:55:39,9.6,10.5,16,4.4,4.4,10,LOW,['RECENTLY_GRANTED'],• Privilege recently granted within past 30 days (2026-08-16) (+10),APPROVE,Role: Radiology Technician | User Usage: 14 | Peer Avg: 9.6 | Peer Median: 10.5 | Diff: +4.4 | Last Used: 2026-09-02 14:55:39 | Evidence Codes: RECENTLY_GRANTED,APPROVE,APPROVE
ENT-5508,USR-1143,Laboratory,READ,2025-11-10,ACTIVE,Amit Kumar,Doctor,Permanent Staff,Administration,ACTIVE,13,2026-08-31 11:20:39,5.5,5.5,16,7.5,7.5,0,LOW,[],• Standard low-risk usage aligned with peer role,APPROVE,Role: Doctor | User Usage: 13 | Peer Avg: 5.5 | Peer Median: 5.5 | Diff: +7.5 | Last Used: 2026-08-31 11:20:39 | Evidence Codes: NONE,APPROVE,APPROVE
ENT-5509,USR-1143,Radiology,READ_WRITE,2026-05-08,ACTIVE,Amit Kumar,Doctor,Permanent Staff,Administration,ACTIVE,12,2026-09-01 09:01:39,6.4,6.0,17,5.6,5.6,10,LOW,['HIGH_PRIVILEGE'],• Elevated permission (READ_WRITE) assigned (+10),APPROVE,Role: Doctor | User Usage: 12 | Peer Avg: 6.4 | Peer Median: 6.0 | Diff: +5.6 | Last Used: 2026-09-01 09:01:39 | Evidence Codes: HIGH_PRIVILEGE,APPROVE,APPROVE
ENT-5510,USR-1143,HR,WRITE,2025-12-29,ACTIVE,Amit Kumar,Doctor,Permanent Staff,Administration,ACTIVE,10,2026-08-16 17:08:39,9.7,9.5,18,0.3,0.3,0,LOW,[],• Standard low-risk usage aligned with peer role,APPROVE,Role: Doctor | User Usage: 10 | Peer Avg: 9.7 | Peer Median: 9.5 | Diff: +0.3 | Last Used: 2026-08-16 17:08:39 | Evidence Codes: NONE,APPROVE,APPROVE
ENT-5511,USR-1143,Billing,READ,2025-12-13,ACTIVE,Amit Kumar,Doctor,Permanent Staff,Administration,ACTIVE,12,2026-09-02 07:23:39,9.5,10.5,12,2.5,2.5,0,LOW,[],• Standard low-risk usage aligned with peer role,APPROVE,Role: Doctor | User Usage: 12 | Peer Avg: 9.5 | Peer Median: 10.5 | Diff: +2.5 | Last Used: 2026-09-02 07:23:39 | Evidence Codes: NONE,APPROVE,APPROVE
ENT-5512,USR-1144,Administration,READ_WRITE,2026-07-11,ACTIVE,Divya Johnson,Intern,Intern,Radiology,ACTIVE,8,2026-08-26 12:34:39,9.0,9.5,10,-1.0,-1.0,10,LOW,['HIGH_PRIVILEGE'],• Elevated permission (READ_WRITE) assigned (+10),APPROVE,Role: Intern | User Usage: 8 | Peer Avg: 9.0 | Peer Median: 9.5 | Diff: -1.0 | Last Used: 2026-08-26 12:34:39 | Evidence Codes: HIGH_PRIVILEGE,APPROVE,APPROVE
ENT-5513,USR-1144,HR,READ,2025-11-16,ACTIVE,Divya Johnson,Intern,Intern,Radiology,ACTIVE,10,2026-08-28 18:36:39,5.6,3.0,16,4.4,4.4,0,LOW,[],• Standard low-risk usage aligned with peer role,APPROVE,Role: Intern | User Usage: 10 | Peer Avg: 5.6 | Peer Median: 3.0 | Diff: +4.4 | Last Used: 2026-08-28 18:36:39 | Evidence Codes: NONE,APPROVE,APPROVE
ENT-5514,USR-1144,Billing,READ_WRITE,2026-03-11,ACTIVE,Divya Johnson,Intern,Intern,Radiology,ACTIVE,0,Never,6.6,8.5,8,-6.6,-6.6,50,MEDIUM,"['UNUSED_PRIVILEGE', 'HIGH_PRIVILEGE']","• Privilege is completely unused in application logs (0 accesses) (+40)
• Elevated permission (READ_WRITE) assigned (+10)",REVIEW,"Role: Intern | User Usage: 0 | Peer Avg: 6.6 | Peer Median: 8.5 | Diff: -6.6 | Last Used: Never | Evidence Codes: UNUSED_PRIVILEGE, HIGH_PRIVILEGE",APPROVE,REVOKE
ENT-5515,USR-1145,Laboratory,WRITE,2026-03-13,ACTIVE,Emily Gupta,Nurse,Permanent Staff,Laboratory,INACTIVE,12,2026-09-01 05:46:39,7.3,9.0,12,4.7,4.7,20,LOW,['INACTIVE_USER'],• User account is marked INACTIVE in HR database (+20),APPROVE,Role: Nurse | User Usage: 12 | Peer Avg: 7.3 | Peer Median: 9.0 | Diff: +4.7 | Last Used: 2026-09-01 05:46:39 | Evidence Codes: INACTIVE_USER,REVOKE,APPROVE
ENT-5516,USR-1145,Pharmacy,WRITE,2026-01-04,ACTIVE,Emily Gupta,Nurse,Permanent Staff,Laboratory,INACTIVE,0,Never,4.7,0.0,9,-4.7,-4.7,60,HIGH,"['UNUSED_PRIVILEGE', 'INACTIVE_USER']","• Privilege is completely unused in application logs (0 accesses) (+40)
• User account is marked INACTIVE in HR database (+20)",REVOKE,"Role: Nurse | User Usage: 0 | Peer Avg: 4.7 | Peer Median: 0.0 | Diff: -4.7 | Last Used: Never | Evidence Codes: UNUSED_PRIVILEGE, INACTIVE_USER",REVOKE,REVOKE
ENT-5517,USR-1145,Administration,WRITE,2026-07-24,ACTIVE,Emily Gupta,Nurse,Permanent Staff,Laboratory,INACTIVE,0,Never,4.4,1.5,10,-4.4,-4.4,60,HIGH,"['UNUSED_PRIVILEGE', 'INACTIVE_USER']","• Privilege is completely unused in application logs (0 accesses) (+40)
• User account is marked INACTIVE in HR database (+20)",REVOKE,"Role: Nurse | User Usage: 0 | Peer Avg: 4.4 | Peer Median: 1.5 | Diff: -4.4 | Last Used: Never | Evidence Codes: UNUSED_PRIVILEGE, INACTIVE_USER",REVOKE,REVOKE
ENT-5518,USR-1146,Billing,WRITE,2026-01-30,REVOKED,Emily Gupta,Nurse,Outsourced Technician,Billing,ACTIVE,0,Never,4.9,2.5,8,-4.9,-4.9,40,MEDIUM,['UNUSED_PRIVILEGE'],• Privilege is completely unused in application logs (0 accesses) (+40),REVIEW,Role: Nurse | User Usage: 0 | Peer Avg: 4.9 | Peer Median: 2.5 | Diff: -4.9 | Last Used: Never | Evidence Codes: UNUSED_PRIVILEGE,APPROVE,REVOKE
ENT-5519,USR-1146,Patient Records,READ,2026-06-20,ACTIVE,Emily Gupta,Nurse,Outsourced Technician,Billing,ACTIVE,16,2026-08-29 08:43:39,10.8,12.0,11,5.2,5.2,0,LOW,[],• Standard low-risk usage aligned with peer role,APPROVE,Role: Nurse | User Usage: 16 | Peer Avg: 10.8 | Peer Median: 12.0 | Diff: +5.2 | Last Used: 2026-08-29 08:43:39 | Evidence Codes: NONE,APPROVE,APPROVE
ENT-5520,USR-1146,Radiology,READ_WRITE,2025-11-11,ACTIVE,Emily Gupta,Nurse,Outsourced Technician,Billing,ACTIVE,7,2026-08-31 10:54:39,8.8,9.0,15,-1.8,-1.8,10,LOW,['HIGH_PRIVILEGE'],• Elevated permission (READ_WRITE) assigned (+10),APPROVE,Role: Nurse | User Usage: 7 | Peer Avg: 8.8 | Peer Median: 9.0 | Diff: -1.8 | Last Used: 2026-08-31 10:54:39 | Evidence Codes: HIGH_PRIVILEGE,APPROVE,APPROVE
ENT-5521,USR-1147,Pharmacy,READ_WRITE,2026-05-31,ACTIVE,Jessica Davis,Radiology Technician,Outsourced Technician,Pharmacy,ACTIVE,10,2026-08-29 10:28:39,10.3,10.5,18,-0.3,-0.3,10,LOW,['HIGH_PRIVILEGE'],• Elevated permission (READ_WRITE) assigned (+10),APPROVE,Role: Radiology Technician | User Usage: 10 | Peer Avg: 10.3 | Peer Median: 10.5 | Diff: -0.3 | Last Used: 2026-08-29 10:28:39 | Evidence Codes: HIGH_PRIVILEGE,APPROVE,APPROVE
ENT-5522,USR-1147,Laboratory,ADMIN,2026-01-10,ACTIVE,Jessica Davis,Radiology Technician,Outsourced Technician,Pharmacy,ACTIVE,9,2026-08-20 03:56:39,7.6,9.5,14,1.4,1.4,30,MEDIUM,['HIGH_PRIVILEGE'],• High-level permission (ADMIN) assigned (+30),REVIEW,Role: Radiology Technician | User Usage: 9 | Peer Avg: 7.6 | Peer Median: 9.5 | Diff: +1.4 | Last Used: 2026-08-20 03:56:39 | Evidence Codes: HIGH_PRIVILEGE,APPROVE,MODIFY
ENT-5523,USR-1147,Administration,READ,2026-06-04,ACTIVE,Jessica Davis,Radiology Technician,Outsourced Technician,Pharmacy,ACTIVE,0,Never,8.2,10.0,15,-8.2,-8.2,40,MEDIUM,['UNUSED_PRIVILEGE'],• Privilege is completely unused in application logs (0 accesses) (+40),REVIEW,Role: Radiology Technician | User Usage: 0 | Peer Avg: 8.2 | Peer Median: 10.0 | Diff: -8.2 | Last Used: Never | Evidence Codes: UNUSED_PRIVILEGE,APPROVE,REVOKE
ENT-5524,USR-1147,Patient Records,READ_WRITE,2026-07-15,ACTIVE,Jessica Davis,Radiology Technician,Outsourced Technician,Pharmacy,ACTIVE,9,2026-08-26 16:54:39,5.3,7.0,17,3.7,3.7,10,LOW,['HIGH_PRIVILEGE'],• Elevated permission (READ_WRITE) assigned (+10),APPROVE,Role: Radiology Technician | User Usage: 9 | Peer Avg: 5.3 | Peer Median: 7.0 | Diff: +3.7 | Last Used: 2026-08-26 16:54:39 | Evidence Codes: HIGH_PRIVILEGE,APPROVE,APPROVE
ENT-5525,USR-1147,Billing,WRITE,2026-01-22,ACTIVE,Jessica Davis,Radiology Technician,Outsourced Technician,Pharmacy,ACTIVE,14,2026-09-03 11:25:39,9.6,10.5,16,4.4,4.4,0,LOW,[],• Standard low-risk usage aligned with peer role,APPROVE,Role: Radiology Technician | User Usage: 14 | Peer Avg: 9.6 | Peer Median: 10.5 | Diff: +4.4 | Last Used: 2026-09-03 11:25:39 | Evidence Codes: NONE,APPROVE,APPROVE
ENT-5526,USR-1148,Radiology,WRITE,2026-08-22,ACTIVE,Ritu Joshi,Radiology Technician,Permanent Staff,Administration,INACTIVE,12,2026-08-15 14:20:39,5.8,5.0,13,6.2,6.2,30,MEDIUM,"['INACTIVE_USER', 'RECENTLY_GRANTED']","• User account is marked INACTIVE in HR database (+20)
• Privilege recently granted within past 30 days (2026-08-22) (+10)",REVIEW,"Role: Radiology Technician | User Usage: 12 | Peer Avg: 5.8 | Peer Median: 5.0 | Diff: +6.2 | Last Used: 2026-08-15 14:20:39 | Evidence Codes: INACTIVE_USER, RECENTLY_GRANTED",REVOKE,MODIFY
ENT-5527,USR-1148,Patient Records,READ,2025-12-01,ACTIVE,Ritu Joshi,Radiology Technician,Permanent Staff,Administration,INACTIVE,0,Never,5.3,7.0,17,-5.3,-5.3,60,HIGH,"['UNUSED_PRIVILEGE', 'INACTIVE_USER']","• Privilege is completely unused in application logs (0 accesses) (+40)
• User account is marked INACTIVE in HR database (+20)",REVOKE,"Role: Radiology Technician | User Usage: 0 | Peer Avg: 5.3 | Peer Median: 7.0 | Diff: -5.3 | Last Used: Never | Evidence Codes: UNUSED_PRIVILEGE, INACTIVE_USER",REVOKE,REVOKE
ENT-5528,USR-1148,HR,READ,2026-04-24,ACTIVE,Ritu Joshi,Radiology Technician,Permanent Staff,Administration,INACTIVE,9,2026-08-29 04:16:39,10.7,11.0,10,-1.7,-1.7,20,LOW,['INACTIVE_USER'],• User account is marked INACTIVE in HR database (+20),APPROVE,Role: Radiology Technician | User Usage: 9 | Peer Avg: 10.7 | Peer Median: 11.0 | Diff: -1.7 | Last Used: 2026-08-29 04:16:39 | Evidence Codes: INACTIVE_USER,REVOKE,APPROVE
ENT-5529,USR-1148,Pharmacy,READ,2026-03-23,ACTIVE,Ritu Joshi,Radiology Technician,Permanent Staff,Administration,INACTIVE,9,2026-08-28 18:32:39,10.3,10.5,18,-1.3,-1.3,20,LOW,['INACTIVE_USER'],• User account is marked INACTIVE in HR database (+20),APPROVE,Role: Radiology Technician | User Usage: 9 | Peer Avg: 10.3 | Peer Median: 10.5 | Diff: -1.3 | Last Used: 2026-08-28 18:32:39 | Evidence Codes: INACTIVE_USER,REVOKE,APPROVE
ENT-5530,USR-1148,Laboratory,WRITE,2026-03-26,ACTIVE,Ritu Joshi,Radiology Technician,Permanent Staff,Administration,INACTIVE,16,2026-09-02 07:17:39,7.6,9.5,14,8.4,8.4,20,LOW,['INACTIVE_USER'],• User account is marked INACTIVE in HR database (+20),APPROVE,Role: Radiology Technician | User Usage: 16 | Peer Avg: 7.6 | Peer Median: 9.5 | Diff: +8.4 | Last Used: 2026-09-02 07:17:39 | Evidence Codes: INACTIVE_USER,REVOKE,APPROVE
ENT-5531,USR-1149,Laboratory,WRITE,2025-12-06,ACTIVE,Kavya Williams,Radiology Technician,Permanent Staff,HR,ACTIVE,0,Never,7.6,9.5,14,-7.6,-7.6,40,MEDIUM,['UNUSED_PRIVILEGE'],• Privilege is completely unused in application logs (0 accesses) (+40),REVIEW,Role: Radiology Technician | User Usage: 0 | Peer Avg: 7.6 | Peer Median: 9.5 | Diff: -7.6 | Last Used: Never | Evidence Codes: UNUSED_PRIVILEGE,APPROVE,REVOKE
ENT-5532,USR-1149,Administration,READ_WRITE,2026-06-22,ACTIVE,Kavya Williams,Radiology Technician,Permanent Staff,HR,ACTIVE,0,Never,8.2,10.0,15,-8.2,-8.2,50,MEDIUM,"['UNUSED_PRIVILEGE', 'HIGH_PRIVILEGE']","• Privilege is completely unused in application logs (0 accesses) (+40)
• Elevated permission (READ_WRITE) assigned (+10)",REVIEW,"Role: Radiology Technician | User Usage: 0 | Peer Avg: 8.2 | Peer Median: 10.0 | Diff: -8.2 | Last Used: Never | Evidence Codes: UNUSED_PRIVILEGE, HIGH_PRIVILEGE",APPROVE,REVOKE
ENT-5533,USR-1150,Laboratory,READ_WRITE,2026-06-23,ACTIVE,Karan Johnson,Lab Technician,Outsourced Technician,Billing,ACTIVE,13,2026-09-02 09:33:39,5.6,0.0,15,7.4,7.4,10,LOW,['HIGH_PRIVILEGE'],• Elevated permission (READ_WRITE) assigned (+10),APPROVE,Role: Lab Technician | User Usage: 13 | Peer Avg: 5.6 | Peer Median: 0.0 | Diff: +7.4 | Last Used: 2026-09-02 09:33:39 | Evidence Codes: HIGH_PRIVILEGE,APPROVE,APPROVE
ENT-5534,USR-1150,Pharmacy,ADMIN,2025-12-14,ACTIVE,Karan Johnson,Lab Technician,Outsourced Technician,Billing,ACTIVE,7,2026-08-30 11:50:39,8.3,9.0,15,-1.3,-1.3,30,MEDIUM,['HIGH_PRIVILEGE'],• High-level permission (ADMIN) assigned (+30),REVIEW,Role: Lab Technician | User Usage: 7 | Peer Avg: 8.3 | Peer Median: 9.0 | Diff: -1.3 | Last Used: 2026-08-30 11:50:39 | Evidence Codes: HIGH_PRIVILEGE,APPROVE,MODIFY
ENT-5535,USR-1150,HR,WRITE,2026-08-10,ACTIVE,Karan Johnson,Lab Technician,Outsourced Technician,Billing,ACTIVE,12,2026-08-31 11:01:39,7.1,8.0,15,4.9,4.9,10,LOW,['RECENTLY_GRANTED'],• Privilege recently granted within past 30 days (2026-08-10) (+10),APPROVE,Role: Lab Technician | User Usage: 12 | Peer Avg: 7.1 | Peer Median: 8.0 | Diff: +4.9 | Last Used: 2026-08-31 11:01:39 | Evidence Codes: RECENTLY_GRANTED,APPROVE,APPROVE
ENT-5536,USR-1150,Radiology,WRITE,2025-11-29,ACTIVE,Karan Johnson,Lab Technician,Outsourced Technician,Billing,ACTIVE,16,2026-08-27 09:59:39,6.9,6.5,10,9.1,9.1,0,LOW,[],• Standard low-risk usage aligned with peer role,APPROVE,Role: Lab Technician | User Usage: 16 | Peer Avg: 6.9 | Peer Median: 6.5 | Diff: +9.1 | Last Used: 2026-08-27 09:59:39 | Evidence Codes: NONE,APPROVE,APPROVE
ENT-5537,USR-1150,Patient Records,WRITE,2026-08-05,ACTIVE,Karan Johnson,Lab Technician,Outsourced Technician,Billing,ACTIVE,8,2026-09-01 00:32:39,9.1,8.0,15,-1.1,-1.1,0,LOW,[],• Standard low-risk usage aligned with peer role,APPROVE,Role: Lab Technician | User Usage: 8 | Peer Avg: 9.1 | Peer Median: 8.0 | Diff: -1.1 | Last Used: 2026-09-01 00:32:39 | Evidence Codes: NONE,APPROVE,APPROVE
ENT-5538,USR-1151,Patient Records,ADMIN,2026-01-14,ACTIVE,Aarav Martinez,Radiology Technician,Permanent Staff,Emergency,ACTIVE,0,Never,5.3,7.0,17,-5.3,-5.3,70,HIGH,"['UNUSED_PRIVILEGE', 'HIGH_PRIVILEGE']","• Privilege is completely unused in application logs (0 accesses) (+40)
• High-level permission (ADMIN) assigned (+30)",REVOKE,"Role: Radiology Technician | User Usage: 0 | Peer Avg: 5.3 | Peer Median: 7.0 | Diff: -5.3 | Last Used: Never | Evidence Codes: UNUSED_PRIVILEGE, HIGH_PRIVILEGE",APPROVE,REVOKE
ENT-5539,USR-1151,HR,WRITE,2025-12-30,ACTIVE,Aarav Martinez,Radiology Technician,Permanent Staff,Emergency,ACTIVE,14,2026-08-29 21:04:39,10.7,11.0,10,3.3,3.3,0,LOW,[],• Standard low-risk usage aligned with peer role,APPROVE,Role: Radiology Technician | User Usage: 14 | Peer Avg: 10.7 | Peer Median: 11.0 | Diff: +3.3 | Last Used: 2026-08-29 21:04:39 | Evidence Codes: NONE,APPROVE,APPROVE
ENT-5540,USR-1152,HR,READ_WRITE,2026-07-09,ACTIVE,John Brown,Nurse,Permanent Staff,ICU,ACTIVE,8,2026-08-25 10:23:39,8.5,10.0,12,-0.5,-0.5,10,LOW,['HIGH_PRIVILEGE'],• Elevated permission (READ_WRITE) assigned (+10),APPROVE,Role: Nurse | User Usage: 8 | Peer Avg: 8.5 | Peer Median: 10.0 | Diff: -0.5 | Last Used: 2026-08-25 10:23:39 | Evidence Codes: HIGH_PRIVILEGE,APPROVE,APPROVE
ENT-5541,USR-1152,Administration,READ_WRITE,2026-06-20,ACTIVE,John Brown,Nurse,Permanent Staff,ICU,ACTIVE,13,2026-09-02 19:23:39,4.4,1.5,10,8.6,8.6,10,LOW,['HIGH_PRIVILEGE'],• Elevated permission (READ_WRITE) assigned (+10),APPROVE,Role: Nurse | User Usage: 13 | Peer Avg: 4.4 | Peer Median: 1.5 | Diff: +8.6 | Last Used: 2026-09-02 19:23:39 | Evidence Codes: HIGH_PRIVILEGE,APPROVE,APPROVE
ENT-5542,USR-1152,Patient Records,READ,2025-12-11,ACTIVE,John Brown,Nurse,Permanent Staff,ICU,ACTIVE,12,2026-08-30 07:32:39,10.8,12.0,11,1.2,1.2,0,LOW,[],• Standard low-risk usage aligned with peer role,APPROVE,Role: Nurse | User Usage: 12 | Peer Avg: 10.8 | Peer Median: 12.0 | Diff: +1.2 | Last Used: 2026-08-30 07:32:39 | Evidence Codes: NONE,APPROVE,APPROVE
ENT-5543,USR-1153,Laboratory,READ,2025-12-18,ACTIVE,Priya Rao,Intern,Intern,Pharmacy,ACTIVE,10,2026-09-03 14:09:39,8.2,9.0,13,1.8,1.8,0,LOW,[],• Standard low-risk usage aligned with peer role,APPROVE,Role: Intern | User Usage: 10 | Peer Avg: 8.2 | Peer Median: 9.0 | Diff: +1.8 | Last Used: 2026-09-03 14:09:39 | Evidence Codes: NONE,APPROVE,APPROVE
ENT-5544,USR-1153,Patient Records,READ_WRITE,2026-04-17,ACTIVE,Priya Rao,Intern,Intern,Pharmacy,ACTIVE,13,2026-08-22 08:42:39,7.6,9.0,11,5.4,5.4,10,LOW,['HIGH_PRIVILEGE'],• Elevated permission (READ_WRITE) assigned (+10),APPROVE,Role: Intern | User Usage: 13 | Peer Avg: 7.6 | Peer Median: 9.0 | Diff: +5.4 | Last Used: 2026-08-22 08:42:39 | Evidence Codes: HIGH_PRIVILEGE,APPROVE,APPROVE
ENT-5545,USR-1154,Laboratory,READ_WRITE,2026-08-09,ACTIVE,Emily Davis,Pharmacist,Permanent Staff,HR,ACTIVE,7,2026-08-25 09:01:39,5.6,6.0,10,1.4,1.4,20,LOW,"['HIGH_PRIVILEGE', 'RECENTLY_GRANTED']","• Elevated permission (READ_WRITE) assigned (+10)
• Privilege recently granted within past 30 days (2026-08-09) (+10)",APPROVE,"Role: Pharmacist | User Usage: 7 | Peer Avg: 5.6 | Peer Median: 6.0 | Diff: +1.4 | Last Used: 2026-08-25 09:01:39 | Evidence Codes: HIGH_PRIVILEGE, RECENTLY_GRANTED",APPROVE,APPROVE
ENT-5546,USR-1154,HR,READ,2025-12-26,ACTIVE,Emily Davis,Pharmacist,Permanent Staff,HR,ACTIVE,0,Never,7.7,9.0,12,-7.7,-7.7,40,MEDIUM,['UNUSED_PRIVILEGE'],• Privilege is completely unused in application logs (0 accesses) (+40),REVIEW,Role: Pharmacist | User Usage: 0 | Peer Avg: 7.7 | Peer Median: 9.0 | Diff: -7.7 | Last Used: Never | Evidence Codes: UNUSED_PRIVILEGE,APPROVE,REVOKE
ENT-5547,USR-1154,Radiology,ADMIN,2026-07-15,ACTIVE,Emily Davis,Pharmacist,Permanent Staff,HR,ACTIVE,14,2026-08-22 09:32:39,9.8,11.0,14,4.2,4.2,30,MEDIUM,['HIGH_PRIVILEGE'],• High-level permission (ADMIN) assigned (+30),REVIEW,Role: Pharmacist | User Usage: 14 | Peer Avg: 9.8 | Peer Median: 11.0 | Diff: +4.2 | Last Used: 2026-08-22 09:32:39 | Evidence Codes: HIGH_PRIVILEGE,APPROVE,MODIFY
ENT-5548,USR-1155,Pharmacy,READ,2026-04-20,ACTIVE,Sneha Kumar,Doctor,Outsourced Technician,Radiology,ACTIVE,0,Never,6.0,6.5,12,-6.0,-6.0,40,MEDIUM,['UNUSED_PRIVILEGE'],• Privilege is completely unused in application logs (0 accesses) (+40),REVIEW,Role: Doctor | User Usage: 0 | Peer Avg: 6.0 | Peer Median: 6.5 | Diff: -6.0 | Last Used: Never | Evidence Codes: UNUSED_PRIVILEGE,APPROVE,REVOKE
ENT-5549,USR-1155,Patient Records,WRITE,2026-03-31,ACTIVE,Sneha Kumar,Doctor,Outsourced Technician,Radiology,ACTIVE,13,2026-08-26 21:07:39,6.3,8.0,16,6.7,6.7,0,LOW,[],• Standard low-risk usage aligned with peer role,APPROVE,Role: Doctor | User Usage: 13 | Peer Avg: 6.3 | Peer Median: 8.0 | Diff: +6.7 | Last Used: 2026-08-26 21:07:39 | Evidence Codes: NONE,APPROVE,APPROVE
ENT-5550,USR-1155,Billing,ADMIN,2026-06-01,ACTIVE,Sneha Kumar,Doctor,Outsourced Technician,Radiology,ACTIVE,13,2026-08-30 09:32:39,9.5,10.5,12,3.5,3.5,30,MEDIUM,['HIGH_PRIVILEGE'],• High-level permission (ADMIN) assigned (+30),REVIEW,Role: Doctor | User Usage: 13 | Peer Avg: 9.5 | Peer Median: 10.5 | Diff: +3.5 | Last Used: 2026-08-30 09:32:39 | Evidence Codes: HIGH_PRIVILEGE,APPROVE,MODIFY
ENT-5551,USR-1155,HR,READ,2026-02-26,ACTIVE,Sneha Kumar,Doctor,Outsourced Technician,Radiology,ACTIVE,0,Never,9.7,9.5,18,-9.7,-9.7,40,MEDIUM,['UNUSED_PRIVILEGE'],• Privilege is completely unused in application logs (0 accesses) (+40),REVIEW,Role: Doctor | User Usage: 0 | Peer Avg: 9.7 | Peer Median: 9.5 | Diff: -9.7 | Last Used: Never | Evidence Codes: UNUSED_PRIVILEGE,APPROVE,REVOKE
ENT-5552,USR-1155,Laboratory,READ_WRITE,2026-07-01,REVOKED,Sneha Kumar,Doctor,Outsourced Technician,Radiology,ACTIVE,0,Never,5.5,5.5,16,-5.5,-5.5,50,MEDIUM,"['UNUSED_PRIVILEGE', 'HIGH_PRIVILEGE']","• Privilege is completely unused in application logs (0 accesses) (+40)
• Elevated permission (READ_WRITE) assigned (+10)",REVIEW,"Role: Doctor | User Usage: 0 | Peer Avg: 5.5 | Peer Median: 5.5 | Diff: -5.5 | Last Used: Never | Evidence Codes: UNUSED_PRIVILEGE, HIGH_PRIVILEGE",APPROVE,REVOKE
ENT-5553,USR-1156,Patient Records,READ,2026-06-03,ACTIVE,Amanda Johnson,Nurse,Outsourced Technician,Billing,ACTIVE,12,2026-09-02 15:28:39,10.8,12.0,11,1.2,1.2,0,LOW,[],• Standard low-risk usage aligned with peer role,APPROVE,Role: Nurse | User Usage: 12 | Peer Avg: 10.8 | Peer Median: 12.0 | Diff: +1.2 | Last Used: 2026-09-02 15:28:39 | Evidence Codes: NONE,APPROVE,APPROVE
ENT-5554,USR-1156,Pharmacy,READ,2026-04-14,ACTIVE,Amanda Johnson,Nurse,Outsourced Technician,Billing,ACTIVE,11,2026-08-23 04:18:39,4.7,0.0,9,6.3,6.3,0,LOW,[],• Standard low-risk usage aligned with peer role,APPROVE,Role: Nurse | User Usage: 11 | Peer Avg: 4.7 | Peer Median: 0.0 | Diff: +6.3 | Last Used: 2026-08-23 04:18:39 | Evidence Codes: NONE,APPROVE,APPROVE
ENT-5555,USR-1157,Laboratory,READ_WRITE,2026-02-05,ACTIVE,Priya Jones,Nurse,Permanent Staff,ICU,ACTIVE,10,2026-09-01 11:11:39,7.3,9.0,12,2.7,2.7,10,LOW,['HIGH_PRIVILEGE'],• Elevated permission (READ_WRITE) assigned (+10),APPROVE,Role: Nurse | User Usage: 10 | Peer Avg: 7.3 | Peer Median: 9.0 | Diff: +2.7 | Last Used: 2026-09-01 11:11:39 | Evidence Codes: HIGH_PRIVILEGE,APPROVE,APPROVE
ENT-5556,USR-1157,Administration,WRITE,2026-02-13,ACTIVE,Priya Jones,Nurse,Permanent Staff,ICU,ACTIVE,0,Never,4.4,1.5,10,-4.4,-4.4,40,MEDIUM,['UNUSED_PRIVILEGE'],• Privilege is completely unused in application logs (0 accesses) (+40),REVIEW,Role: Nurse | User Usage: 0 | Peer Avg: 4.4 | Peer Median: 1.5 | Diff: -4.4 | Last Used: Never | Evidence Codes: UNUSED_PRIVILEGE,APPROVE,REVOKE
ENT-5557,USR-1158,Administration,READ,2026-07-30,ACTIVE,Vikram Rodriguez,Intern,Intern,Emergency,ACTIVE,8,2026-09-01 17:01:39,9.0,9.5,10,-1.0,-1.0,0,LOW,[],• Standard low-risk usage aligned with peer role,APPROVE,Role: Intern | User Usage: 8 | Peer Avg: 9.0 | Peer Median: 9.5 | Diff: -1.0 | Last Used: 2026-09-01 17:01:39 | Evidence Codes: NONE,APPROVE,APPROVE
ENT-5558,USR-1158,Radiology,READ,2026-07-07,ACTIVE,Vikram Rodriguez,Intern,Intern,Emergency,ACTIVE,15,2026-08-29 17:54:39,8.6,10.0,11,6.4,6.4,0,LOW,[],• Standard low-risk usage aligned with peer role,APPROVE,Role: Intern | User Usage: 15 | Peer Avg: 8.6 | Peer Median: 10.0 | Diff: +6.4 | Last Used: 2026-08-29 17:54:39 | Evidence Codes: NONE,APPROVE,APPROVE
ENT-5559,USR-1158,Pharmacy,WRITE,2025-11-11,ACTIVE,Vikram Rodriguez,Intern,Intern,Emergency,ACTIVE,11,2026-08-26 09:04:39,8.3,11.0,11,2.7,2.7,0,LOW,[],• Standard low-risk usage aligned with peer role,APPROVE,Role: Intern | User Usage: 11 | Peer Avg: 8.3 | Peer Median: 11.0 | Diff: +2.7 | Last Used: 2026-08-26 09:04:39 | Evidence Codes: NONE,APPROVE,APPROVE
ENT-5560,USR-1158,Patient Records,READ_WRITE,2026-02-16,ACTIVE,Vikram Rodriguez,Intern,Intern,Emergency,ACTIVE,10,2026-09-03 07:59:39,7.6,9.0,11,2.4,2.4,10,LOW,['HIGH_PRIVILEGE'],• Elevated permission (READ_WRITE) assigned (+10),APPROVE,Role: Intern | User Usage: 10 | Peer Avg: 7.6 | Peer Median: 9.0 | Diff: +2.4 | Last Used: 2026-09-03 07:59:39 | Evidence Codes: HIGH_PRIVILEGE,APPROVE,APPROVE
ENT-5561,USR-1158,HR,WRITE,2026-06-24,ACTIVE,Vikram Rodriguez,Intern,Intern,Emergency,ACTIVE,0,Never,5.6,3.0,16,-5.6,-5.6,40,MEDIUM,['UNUSED_PRIVILEGE'],• Privilege is completely unused in application logs (0 accesses) (+40),REVIEW,Role: Intern | User Usage: 0 | Peer Avg: 5.6 | Peer Median: 3.0 | Diff: -5.6 | Last Used: Never | Evidence Codes: UNUSED_PRIVILEGE,APPROVE,REVOKE
ENT-5562,USR-1159,Patient Records,READ_WRITE,2026-03-22,REVOKED,James Singh,Radiology Technician,Permanent Staff,ICU,ACTIVE,0,Never,5.3,7.0,17,-5.3,-5.3,50,MEDIUM,"['UNUSED_PRIVILEGE', 'HIGH_PRIVILEGE']","• Privilege is completely unused in application logs (0 accesses) (+40)
• Elevated permission (READ_WRITE) assigned (+10)",REVIEW,"Role: Radiology Technician | User Usage: 0 | Peer Avg: 5.3 | Peer Median: 7.0 | Diff: -5.3 | Last Used: Never | Evidence Codes: UNUSED_PRIVILEGE, HIGH_PRIVILEGE",APPROVE,REVOKE
ENT-5563,USR-1159,Radiology,READ,2025-12-04,ACTIVE,James Singh,Radiology Technician,Permanent Staff,ICU,ACTIVE,12,2026-08-29 04:28:39,5.8,5.0,13,6.2,6.2,0,LOW,[],• Standard low-risk usage aligned with peer role,APPROVE,Role: Radiology Technician | User Usage: 12 | Peer Avg: 5.8 | Peer Median: 5.0 | Diff: +6.2 | Last Used: 2026-08-29 04:28:39 | Evidence Codes: NONE,APPROVE,APPROVE
ENT-5564,USR-1159,HR,WRITE,2025-11-13,ACTIVE,James Singh,Radiology Technician,Permanent Staff,ICU,ACTIVE,5,2026-08-23 15:09:39,10.7,11.0,10,-5.7,-5.7,0,LOW,[],• Standard low-risk usage aligned with peer role,APPROVE,Role: Radiology Technician | User Usage: 5 | Peer Avg: 10.7 | Peer Median: 11.0 | Diff: -5.7 | Last Used: 2026-08-23 15:09:39 | Evidence Codes: NONE,APPROVE,APPROVE
ENT-5565,USR-1159,Administration,READ,2026-03-09,ACTIVE,James Singh,Radiology Technician,Permanent Staff,ICU,ACTIVE,10,2026-08-15 18:30:39,8.2,10.0,15,1.8,1.8,0,LOW,[],• Standard low-risk usage aligned with peer role,APPROVE,Role: Radiology Technician | User Usage: 10 | Peer Avg: 8.2 | Peer Median: 10.0 | Diff: +1.8 | Last Used: 2026-08-15 18:30:39 | Evidence Codes: NONE,APPROVE,APPROVE
ENT-5566,USR-1159,Billing,READ,2026-07-12,ACTIVE,James Singh,Radiology Technician,Permanent Staff,ICU,ACTIVE,7,2026-08-01 08:32:39,9.6,10.5,16,-2.6,-2.6,0,LOW,[],• Standard low-risk usage aligned with peer role,APPROVE,Role: Radiology Technician | User Usage: 7 | Peer Avg: 9.6 | Peer Median: 10.5 | Diff: -2.6 | Last Used: 2026-08-01 08:32:39 | Evidence Codes: NONE,APPROVE,APPROVE
ENT-5567,USR-1160,Radiology,READ_WRITE,2025-11-17,ACTIVE,Vikram Davis,Lab Technician,Permanent Staff,Emergency,INACTIVE,6,2026-08-05 09:41:39,6.9,6.5,10,-0.9,-0.9,30,MEDIUM,"['HIGH_PRIVILEGE', 'INACTIVE_USER']","• Elevated permission (READ_WRITE) assigned (+10)
• User account is marked INACTIVE in HR database (+20)",REVIEW,"Role: Lab Technician | User Usage: 6 | Peer Avg: 6.9 | Peer Median: 6.5 | Diff: -0.9 | Last Used: 2026-08-05 09:41:39 | Evidence Codes: HIGH_PRIVILEGE, INACTIVE_USER",REVOKE,MODIFY
ENT-5568,USR-1160,Laboratory,WRITE,2026-08-24,ACTIVE,Vikram Davis,Lab Technician,Permanent Staff,Emergency,INACTIVE,9,2026-08-21 09:20:39,5.6,0.0,15,3.4,3.4,30,MEDIUM,"['INACTIVE_USER', 'RECENTLY_GRANTED']","• User account is marked INACTIVE in HR database (+20)
• Privilege recently granted within past 30 days (2026-08-24) (+10)",REVIEW,"Role: Lab Technician | User Usage: 9 | Peer Avg: 5.6 | Peer Median: 0.0 | Diff: +3.4 | Last Used: 2026-08-21 09:20:39 | Evidence Codes: INACTIVE_USER, RECENTLY_GRANTED",REVOKE,MODIFY
ENT-5569,USR-1160,Administration,READ_WRITE,2026-01-01,ACTIVE,Vikram Davis,Lab Technician,Permanent Staff,Emergency,INACTIVE,7,2026-08-12 22:05:39,7.7,8.0,13,-0.7,-0.7,30,MEDIUM,"['HIGH_PRIVILEGE', 'INACTIVE_USER']","• Elevated permission (READ_WRITE) assigned (+10)
• User account is marked INACTIVE in HR database (+20)",REVIEW,"Role: Lab Technician | User Usage: 7 | Peer Avg: 7.7 | Peer Median: 8.0 | Diff: -0.7 | Last Used: 2026-08-12 22:05:39 | Evidence Codes: HIGH_PRIVILEGE, INACTIVE_USER",REVOKE,MODIFY
ENT-5570,USR-1161,Patient Records,READ_WRITE,2026-04-09,REVOKED,Jessica Singh,Radiology Technician,Permanent Staff,Pharmacy,INACTIVE,0,Never,5.3,7.0,17,-5.3,-5.3,70,HIGH,"['UNUSED_PRIVILEGE', 'HIGH_PRIVILEGE', 'INACTIVE_USER']","• Privilege is completely unused in application logs (0 accesses) (+40)
• Elevated permission (READ_WRITE) assigned (+10)
• User account is marked INACTIVE in HR database (+20)",REVOKE,"Role: Radiology Technician | User Usage: 0 | Peer Avg: 5.3 | Peer Median: 7.0 | Diff: -5.3 | Last Used: Never | Evidence Codes: UNUSED_PRIVILEGE, HIGH_PRIVILEGE, INACTIVE_USER",REVOKE,REVOKE
ENT-5571,USR-1161,Radiology,READ_WRITE,2026-02-17,ACTIVE,Jessica Singh,Radiology Technician,Permanent Staff,Pharmacy,INACTIVE,0,Never,5.8,5.0,13,-5.8,-5.8,70,HIGH,"['UNUSED_PRIVILEGE', 'HIGH_PRIVILEGE', 'INACTIVE_USER']","• Privilege is completely unused in application logs (0 accesses) (+40)
• Elevated permission (READ_WRITE) assigned (+10)
• User account is marked INACTIVE in HR database (+20)",REVOKE,"Role: Radiology Technician | User Usage: 0 | Peer Avg: 5.8 | Peer Median: 5.0 | Diff: -5.8 | Last Used: Never | Evidence Codes: UNUSED_PRIVILEGE, HIGH_PRIVILEGE, INACTIVE_USER",REVOKE,REVOKE
ENT-5572,USR-1161,Laboratory,READ_WRITE,2026-01-06,ACTIVE,Jessica Singh,Radiology Technician,Permanent Staff,Pharmacy,INACTIVE,8,2026-08-28 19:16:39,7.6,9.5,14,0.4,0.4,30,MEDIUM,"['HIGH_PRIVILEGE', 'INACTIVE_USER']","• Elevated permission (READ_WRITE) assigned (+10)
• User account is marked INACTIVE in HR database (+20)",REVIEW,"Role: Radiology Technician | User Usage: 8 | Peer Avg: 7.6 | Peer Median: 9.5 | Diff: +0.4 | Last Used: 2026-08-28 19:16:39 | Evidence Codes: HIGH_PRIVILEGE, INACTIVE_USER",REVOKE,MODIFY
ENT-5573,USR-1162,Patient Records,READ,2026-08-20,ACTIVE,Sneha Miller,Nurse,Permanent Staff,Administration,ACTIVE,12,2026-09-01 03:21:39,10.8,12.0,11,1.2,1.2,10,LOW,['RECENTLY_GRANTED'],• Privilege recently granted within past 30 days (2026-08-20) (+10),APPROVE,Role: Nurse | User Usage: 12 | Peer Avg: 10.8 | Peer Median: 12.0 | Diff: +1.2 | Last Used: 2026-09-01 03:21:39 | Evidence Codes: RECENTLY_GRANTED,APPROVE,APPROVE
ENT-5574,USR-1162,Radiology,WRITE,2025-11-17,ACTIVE,Sneha Miller,Nurse,Permanent Staff,Administration,ACTIVE,13,2026-09-01 21:21:39,8.8,9.0,15,4.2,4.2,0,LOW,[],• Standard low-risk usage aligned with peer role,APPROVE,Role: Nurse | User Usage: 13 | Peer Avg: 8.8 | Peer Median: 9.0 | Diff: +4.2 | Last Used: 2026-09-01 21:21:39 | Evidence Codes: NONE,APPROVE,APPROVE
ENT-5575,USR-1162,HR,READ,2026-03-27,ACTIVE,Sneha Miller,Nurse,Permanent Staff,Administration,ACTIVE,5,2026-09-03 03:59:39,8.5,10.0,12,-3.5,-3.5,0,LOW,[],• Standard low-risk usage aligned with peer role,APPROVE,Role: Nurse | User Usage: 5 | Peer Avg: 8.5 | Peer Median: 10.0 | Diff: -3.5 | Last Used: 2026-09-03 03:59:39 | Evidence Codes: NONE,APPROVE,APPROVE
ENT-5576,USR-1162,Laboratory,WRITE,2026-01-08,ACTIVE,Sneha Miller,Nurse,Permanent Staff,Administration,ACTIVE,0,Never,7.3,9.0,12,-7.3,-7.3,40,MEDIUM,['UNUSED_PRIVILEGE'],• Privilege is completely unused in application logs (0 accesses) (+40),REVIEW,Role: Nurse | User Usage: 0 | Peer Avg: 7.3 | Peer Median: 9.0 | Diff: -7.3 | Last Used: Never | Evidence Codes: UNUSED_PRIVILEGE,APPROVE,REVOKE
ENT-5577,USR-1162,Administration,WRITE,2026-08-02,ACTIVE,Sneha Miller,Nurse,Permanent Staff,Administration,ACTIVE,9,2026-09-01 00:26:39,4.4,1.5,10,4.6,4.6,0,LOW,[],• Standard low-risk usage aligned with peer role,APPROVE,Role: Nurse | User Usage: 9 | Peer Avg: 4.4 | Peer Median: 1.5 | Diff: +4.6 | Last Used: 2026-09-01 00:26:39 | Evidence Codes: NONE,APPROVE,APPROVE
ENT-5578,USR-1163,Laboratory,READ,2026-01-10,ACTIVE,Nikhil Rao,Billing Staff,Permanent Staff,ICU,ACTIVE,7,2026-07-30 23:23:39,7.5,9.0,11,-0.5,-0.5,0,LOW,[],• Standard low-risk usage aligned with peer role,APPROVE,Role: Billing Staff | User Usage: 7 | Peer Avg: 7.5 | Peer Median: 9.0 | Diff: -0.5 | Last Used: 2026-07-30 23:23:39 | Evidence Codes: NONE,APPROVE,APPROVE
ENT-5579,USR-1163,Billing,READ,2026-05-08,REVOKED,Nikhil Rao,Billing Staff,Permanent Staff,ICU,ACTIVE,0,Never,6.5,6.0,11,-6.5,-6.5,40,MEDIUM,['UNUSED_PRIVILEGE'],• Privilege is completely unused in application logs (0 accesses) (+40),REVIEW,Role: Billing Staff | User Usage: 0 | Peer Avg: 6.5 | Peer Median: 6.0 | Diff: -6.5 | Last Used: Never | Evidence Codes: UNUSED_PRIVILEGE,APPROVE,REVOKE
ENT-5580,USR-1163,HR,WRITE,2026-04-02,ACTIVE,Nikhil Rao,Billing Staff,Permanent Staff,ICU,ACTIVE,10,2026-08-28 21:12:39,6.6,8.0,9,3.4,3.4,0,LOW,[],• Standard low-risk usage aligned with peer role,APPROVE,Role: Billing Staff | User Usage: 10 | Peer Avg: 6.6 | Peer Median: 8.0 | Diff: +3.4 | Last Used: 2026-08-28 21:12:39 | Evidence Codes: NONE,APPROVE,APPROVE
ENT-5581,USR-1163,Radiology,WRITE,2026-07-06,REVOKED,Nikhil Rao,Billing Staff,Permanent Staff,ICU,ACTIVE,0,Never,6.6,7.5,14,-6.6,-6.6,40,MEDIUM,['UNUSED_PRIVILEGE'],• Privilege is completely unused in application logs (0 accesses) (+40),REVIEW,Role: Billing Staff | User Usage: 0 | Peer Avg: 6.6 | Peer Median: 7.5 | Diff: -6.6 | Last Used: Never | Evidence Codes: UNUSED_PRIVILEGE,APPROVE,REVOKE
ENT-5582,USR-1163,Administration,READ_WRITE,2026-06-19,ACTIVE,Nikhil Rao,Billing Staff,Permanent Staff,ICU,ACTIVE,9,2026-08-27 22:09:39,9.8,10.5,8,-0.8,-0.8,10,LOW,['HIGH_PRIVILEGE'],• Elevated permission (READ_WRITE) assigned (+10),APPROVE,Role: Billing Staff | User Usage: 9 | Peer Avg: 9.8 | Peer Median: 10.5 | Diff: -0.8 | Last Used: 2026-08-27 22:09:39 | Evidence Codes: HIGH_PRIVILEGE,APPROVE,APPROVE
ENT-5583,USR-1164,Patient Records,READ_WRITE,2026-02-09,ACTIVE,Aarav Verma,Billing Staff,Outsourced Technician,HR,ACTIVE,0,Never,8.8,11.0,13,-8.8,-8.8,50,MEDIUM,"['UNUSED_PRIVILEGE', 'HIGH_PRIVILEGE']","• Privilege is completely unused in application logs (0 accesses) (+40)
• Elevated permission (READ_WRITE) assigned (+10)",REVIEW,"Role: Billing Staff | User Usage: 0 | Peer Avg: 8.8 | Peer Median: 11.0 | Diff: -8.8 | Last Used: Never | Evidence Codes: UNUSED_PRIVILEGE, HIGH_PRIVILEGE",APPROVE,REVOKE
ENT-5584,USR-1164,Laboratory,READ,2026-05-24,ACTIVE,Aarav Verma,Billing Staff,Outsourced Technician,HR,ACTIVE,9,2026-08-25 16:16:39,7.5,9.0,11,1.5,1.5,0,LOW,[],• Standard low-risk usage aligned with peer role,APPROVE,Role: Billing Staff | User Usage: 9 | Peer Avg: 7.5 | Peer Median: 9.0 | Diff: +1.5 | Last Used: 2026-08-25 16:16:39 | Evidence Codes: NONE,APPROVE,APPROVE
ENT-5585,USR-1164,Billing,ADMIN,2026-01-29,REVOKED,Aarav Verma,Billing Staff,Outsourced Technician,HR,ACTIVE,0,Never,6.5,6.0,11,-6.5,-6.5,70,HIGH,"['UNUSED_PRIVILEGE', 'HIGH_PRIVILEGE']","• Privilege is completely unused in application logs (0 accesses) (+40)
• High-level permission (ADMIN) assigned (+30)",REVOKE,"Role: Billing Staff | User Usage: 0 | Peer Avg: 6.5 | Peer Median: 6.0 | Diff: -6.5 | Last Used: Never | Evidence Codes: UNUSED_PRIVILEGE, HIGH_PRIVILEGE",APPROVE,REVOKE
ENT-5586,USR-1164,Pharmacy,WRITE,2026-06-27,ACTIVE,Aarav Verma,Billing Staff,Outsourced Technician,HR,ACTIVE,10,2026-08-30 07:32:39,7.5,9.0,13,2.5,2.5,0,LOW,[],• Standard low-risk usage aligned with peer role,APPROVE,Role: Billing Staff | User Usage: 10 | Peer Avg: 7.5 | Peer Median: 9.0 | Diff: +2.5 | Last Used: 2026-08-30 07:32:39 | Evidence Codes: NONE,APPROVE,APPROVE
ENT-5587,USR-1164,Administration,WRITE,2025-12-14,ACTIVE,Aarav Verma,Billing Staff,Outsourced Technician,HR,ACTIVE,9,2026-08-29 09:48:39,9.8,10.5,8,-0.8,-0.8,0,LOW,[],• Standard low-risk usage aligned with peer role,APPROVE,Role: Billing Staff | User Usage: 9 | Peer Avg: 9.8 | Peer Median: 10.5 | Diff: -0.8 | Last Used: 2026-08-29 09:48:39 | Evidence Codes: NONE,APPROVE,APPROVE
ENT-5588,USR-1165,Patient Records,WRITE,2025-12-12,ACTIVE,Karan Patel,Nurse,Outsourced Technician,Pharmacy,INACTIVE,0,Never,10.8,12.0,11,-10.8,-10.8,60,HIGH,"['UNUSED_PRIVILEGE', 'INACTIVE_USER']","• Privilege is completely unused in application logs (0 accesses) (+40)
• User account is marked INACTIVE in HR database (+20)",REVOKE,"Role: Nurse | User Usage: 0 | Peer Avg: 10.8 | Peer Median: 12.0 | Diff: -10.8 | Last Used: Never | Evidence Codes: UNUSED_PRIVILEGE, INACTIVE_USER",REVOKE,REVOKE
ENT-5589,USR-1165,Billing,READ,2026-06-02,ACTIVE,Karan Patel,Nurse,Outsourced Technician,Pharmacy,INACTIVE,5,2026-07-25 06:48:39,4.9,2.5,8,0.1,0.1,20,LOW,['INACTIVE_USER'],• User account is marked INACTIVE in HR database (+20),APPROVE,Role: Nurse | User Usage: 5 | Peer Avg: 4.9 | Peer Median: 2.5 | Diff: +0.1 | Last Used: 2026-07-25 06:48:39 | Evidence Codes: INACTIVE_USER,REVOKE,APPROVE
ENT-5590,USR-1165,Administration,READ_WRITE,2026-02-12,ACTIVE,Karan Patel,Nurse,Outsourced Technician,Pharmacy,INACTIVE,9,2026-09-01 21:15:39,4.4,1.5,10,4.6,4.6,30,MEDIUM,"['HIGH_PRIVILEGE', 'INACTIVE_USER']","• Elevated permission (READ_WRITE) assigned (+10)
• User account is marked INACTIVE in HR database (+20)",REVIEW,"Role: Nurse | User Usage: 9 | Peer Avg: 4.4 | Peer Median: 1.5 | Diff: +4.6 | Last Used: 2026-09-01 21:15:39 | Evidence Codes: HIGH_PRIVILEGE, INACTIVE_USER",REVOKE,MODIFY
ENT-5591,USR-1165,Radiology,WRITE,2026-03-18,ACTIVE,Karan Patel,Nurse,Outsourced Technician,Pharmacy,INACTIVE,7,2026-08-26 17:39:39,8.8,9.0,15,-1.8,-1.8,20,LOW,['INACTIVE_USER'],• User account is marked INACTIVE in HR database (+20),APPROVE,Role: Nurse | User Usage: 7 | Peer Avg: 8.8 | Peer Median: 9.0 | Diff: -1.8 | Last Used: 2026-08-26 17:39:39 | Evidence Codes: INACTIVE_USER,REVOKE,APPROVE
ENT-5592,USR-1165,Laboratory,WRITE,2026-04-24,ACTIVE,Karan Patel,Nurse,Outsourced Technician,Pharmacy,INACTIVE,0,Never,7.3,9.0,12,-7.3,-7.3,60,HIGH,"['UNUSED_PRIVILEGE', 'INACTIVE_USER']","• Privilege is completely unused in application logs (0 accesses) (+40)
• User account is marked INACTIVE in HR database (+20)",REVOKE,"Role: Nurse | User Usage: 0 | Peer Avg: 7.3 | Peer Median: 9.0 | Diff: -7.3 | Last Used: Never | Evidence Codes: UNUSED_PRIVILEGE, INACTIVE_USER",REVOKE,REVOKE
ENT-5593,USR-1166,Laboratory,WRITE,2025-12-10,ACTIVE,John Rodriguez,Radiology Technician,Outsourced Technician,Laboratory,ACTIVE,13,2026-08-31 11:49:39,7.6,9.5,14,5.4,5.4,0,LOW,[],• Standard low-risk usage aligned with peer role,APPROVE,Role: Radiology Technician | User Usage: 13 | Peer Avg: 7.6 | Peer Median: 9.5 | Diff: +5.4 | Last Used: 2026-08-31 11:49:39 | Evidence Codes: NONE,APPROVE,APPROVE
ENT-5594,USR-1166,Radiology,READ,2026-03-22,ACTIVE,John Rodriguez,Radiology Technician,Outsourced Technician,Laboratory,ACTIVE,11,2026-08-31 04:11:39,5.8,5.0,13,5.2,5.2,0,LOW,[],• Standard low-risk usage aligned with peer role,APPROVE,Role: Radiology Technician | User Usage: 11 | Peer Avg: 5.8 | Peer Median: 5.0 | Diff: +5.2 | Last Used: 2026-08-31 04:11:39 | Evidence Codes: NONE,APPROVE,APPROVE
ENT-5595,USR-1166,Pharmacy,READ,2026-05-10,ACTIVE,John Rodriguez,Radiology Technician,Outsourced Technician,Laboratory,ACTIVE,9,2026-09-01 22:17:39,10.3,10.5,18,-1.3,-1.3,0,LOW,[],• Standard low-risk usage aligned with peer role,APPROVE,Role: Radiology Technician | User Usage: 9 | Peer Avg: 10.3 | Peer Median: 10.5 | Diff: -1.3 | Last Used: 2026-09-01 22:17:39 | Evidence Codes: NONE,APPROVE,APPROVE
ENT-5596,USR-1166,Billing,WRITE,2026-04-03,ACTIVE,John Rodriguez,Radiology Technician,Outsourced Technician,Laboratory,ACTIVE,7,2026-09-02 10:37:39,9.6,10.5,16,-2.6,-2.6,0,LOW,[],• Standard low-risk usage aligned with peer role,APPROVE,Role: Radiology Technician | User Usage: 7 | Peer Avg: 9.6 | Peer Median: 10.5 | Diff: -2.6 | Last Used: 2026-09-02 10:37:39 | Evidence Codes: NONE,APPROVE,APPROVE
ENT-5597,USR-1167,HR,WRITE,2026-03-17,ACTIVE,Priya Rao,Intern,Intern,HR,ACTIVE,10,2026-08-30 13:27:39,5.6,3.0,16,4.4,4.4,0,LOW,[],• Standard low-risk usage aligned with peer role,APPROVE,Role: Intern | User Usage: 10 | Peer Avg: 5.6 | Peer Median: 3.0 | Diff: +4.4 | Last Used: 2026-08-30 13:27:39 | Evidence Codes: NONE,APPROVE,APPROVE
ENT-5598,USR-1167,Administration,READ,2025-11-15,ACTIVE,Priya Rao,Intern,Intern,HR,ACTIVE,9,2026-08-26 18:02:39,9.0,9.5,10,0.0,0.0,0,LOW,[],• Standard low-risk usage aligned with peer role,APPROVE,Role: Intern | User Usage: 9 | Peer Avg: 9.0 | Peer Median: 9.5 | Diff: +0.0 | Last Used: 2026-08-26 18:02:39 | Evidence Codes: NONE,APPROVE,APPROVE
ENT-5599,USR-1167,Pharmacy,WRITE,2026-01-28,ACTIVE,Priya Rao,Intern,Intern,HR,ACTIVE,0,Never,8.3,11.0,11,-8.3,-8.3,40,MEDIUM,['UNUSED_PRIVILEGE'],• Privilege is completely unused in application logs (0 accesses) (+40),REVIEW,Role: Intern | User Usage: 0 | Peer Avg: 8.3 | Peer Median: 11.0 | Diff: -8.3 | Last Used: Never | Evidence Codes: UNUSED_PRIVILEGE,APPROVE,REVOKE
ENT-5600,USR-1168,Administration,ADMIN,2026-06-16,REVOKED,Rahul Jones,Pharmacist,Outsourced Technician,Emergency,ACTIVE,0,Never,5.6,7.0,13,-5.6,-5.6,70,HIGH,"['UNUSED_PRIVILEGE', 'HIGH_PRIVILEGE']","• Privilege is completely unused in application logs (0 accesses) (+40)
• High-level permission (ADMIN) assigned (+30)",REVOKE,"Role: Pharmacist | User Usage: 0 | Peer Avg: 5.6 | Peer Median: 7.0 | Diff: -5.6 | Last Used: Never | Evidence Codes: UNUSED_PRIVILEGE, HIGH_PRIVILEGE",APPROVE,REVOKE
ENT-5601,USR-1168,Radiology,ADMIN,2026-04-15,ACTIVE,Rahul Jones,Pharmacist,Outsourced Technician,Emergency,ACTIVE,12,2026-08-29 23:57:39,9.8,11.0,14,2.2,2.2,30,MEDIUM,['HIGH_PRIVILEGE'],• High-level permission (ADMIN) assigned (+30),REVIEW,Role: Pharmacist | User Usage: 12 | Peer Avg: 9.8 | Peer Median: 11.0 | Diff: +2.2 | Last Used: 2026-08-29 23:57:39 | Evidence Codes: HIGH_PRIVILEGE,APPROVE,MODIFY
ENT-5602,USR-1168,Patient Records,READ_WRITE,2026-04-05,ACTIVE,Rahul Jones,Pharmacist,Outsourced Technician,Emergency,ACTIVE,14,2026-08-28 20:05:39,4.3,0.0,10,9.7,9.7,10,LOW,['HIGH_PRIVILEGE'],• Elevated permission (READ_WRITE) assigned (+10),APPROVE,Role: Pharmacist | User Usage: 14 | Peer Avg: 4.3 | Peer Median: 0.0 | Diff: +9.7 | Last Used: 2026-08-28 20:05:39 | Evidence Codes: HIGH_PRIVILEGE,APPROVE,APPROVE
ENT-5603,USR-1168,Billing,READ_WRITE,2026-07-29,ACTIVE,Rahul Jones,Pharmacist,Outsourced Technician,Emergency,ACTIVE,0,Never,6.2,6.5,14,-6.2,-6.2,50,MEDIUM,"['UNUSED_PRIVILEGE', 'HIGH_PRIVILEGE']","• Privilege is completely unused in application logs (0 accesses) (+40)
• Elevated permission (READ_WRITE) assigned (+10)",REVIEW,"Role: Pharmacist | User Usage: 0 | Peer Avg: 6.2 | Peer Median: 6.5 | Diff: -6.2 | Last Used: Never | Evidence Codes: UNUSED_PRIVILEGE, HIGH_PRIVILEGE",APPROVE,REVOKE
ENT-5604,USR-1169,Pharmacy,READ,2026-07-08,ACTIVE,Sanjay Johnson,Consultant,Visiting Consultant,Administration,INACTIVE,0,Never,3.7,0.0,13,-3.7,-3.7,60,HIGH,"['UNUSED_PRIVILEGE', 'INACTIVE_USER']","• Privilege is completely unused in application logs (0 accesses) (+40)
• User account is marked INACTIVE in HR database (+20)",REVOKE,"Role: Consultant | User Usage: 0 | Peer Avg: 3.7 | Peer Median: 0.0 | Diff: -3.7 | Last Used: Never | Evidence Codes: UNUSED_PRIVILEGE, INACTIVE_USER",REVOKE,REVOKE
ENT-5605,USR-1169,Billing,READ,2025-11-15,ACTIVE,Sanjay Johnson,Consultant,Visiting Consultant,Administration,INACTIVE,0,Never,7.4,7.0,16,-7.4,-7.4,60,HIGH,"['UNUSED_PRIVILEGE', 'INACTIVE_USER']","• Privilege is completely unused in application logs (0 accesses) (+40)
• User account is marked INACTIVE in HR database (+20)",REVOKE,"Role: Consultant | User Usage: 0 | Peer Avg: 7.4 | Peer Median: 7.0 | Diff: -7.4 | Last Used: Never | Evidence Codes: UNUSED_PRIVILEGE, INACTIVE_USER",REVOKE,REVOKE
ENT-5606,USR-1169,Patient Records,READ,2025-11-15,ACTIVE,Sanjay Johnson,Consultant,Visiting Consultant,Administration,INACTIVE,11,2026-08-16 03:44:39,9.2,10.0,11,1.8,1.8,20,LOW,['INACTIVE_USER'],• User account is marked INACTIVE in HR database (+20),APPROVE,Role: Consultant | User Usage: 11 | Peer Avg: 9.2 | Peer Median: 10.0 | Diff: +1.8 | Last Used: 2026-08-16 03:44:39 | Evidence Codes: INACTIVE_USER,REVOKE,APPROVE
ENT-5607,USR-1169,Laboratory,WRITE,2026-04-04,ACTIVE,Sanjay Johnson,Consultant,Visiting Consultant,Administration,INACTIVE,0,Never,8.0,9.0,11,-8.0,-8.0,60,HIGH,"['UNUSED_PRIVILEGE', 'INACTIVE_USER']","• Privilege is completely unused in application logs (0 accesses) (+40)
• User account is marked INACTIVE in HR database (+20)",REVOKE,"Role: Consultant | User Usage: 0 | Peer Avg: 8.0 | Peer Median: 9.0 | Diff: -8.0 | Last Used: Never | Evidence Codes: UNUSED_PRIVILEGE, INACTIVE_USER",REVOKE,REVOKE
ENT-5608,USR-1170,Radiology,WRITE,2026-03-22,ACTIVE,Rohan Brown,Nurse,Outsourced Technician,Pharmacy,INACTIVE,11,2026-08-29 17:27:39,8.8,9.0,15,2.2,2.2,20,LOW,['INACTIVE_USER'],• User account is marked INACTIVE in HR database (+20),APPROVE,Role: Nurse | User Usage: 11 | Peer Avg: 8.8 | Peer Median: 9.0 | Diff: +2.2 | Last Used: 2026-08-29 17:27:39 | Evidence Codes: INACTIVE_USER,REVOKE,APPROVE
ENT-5609,USR-1170,Administration,ADMIN,2026-04-23,ACTIVE,Rohan Brown,Nurse,Outsourced Technician,Pharmacy,INACTIVE,0,Never,4.4,1.5,10,-4.4,-4.4,90,HIGH,"['UNUSED_PRIVILEGE', 'HIGH_PRIVILEGE', 'INACTIVE_USER']","• Privilege is completely unused in application logs (0 accesses) (+40)
• High-level permission (ADMIN) assigned (+30)
• User account is marked INACTIVE in HR database (+20)",REVOKE,"Role: Nurse | User Usage: 0 | Peer Avg: 4.4 | Peer Median: 1.5 | Diff: -4.4 | Last Used: Never | Evidence Codes: UNUSED_PRIVILEGE, HIGH_PRIVILEGE, INACTIVE_USER",REVOKE,REVOKE
ENT-5610,USR-1171,Administration,READ,2026-04-01,ACTIVE,Swati Davis,Radiology Technician,Permanent Staff,HR,ACTIVE,9,2026-09-03 14:53:39,8.2,10.0,15,0.8,0.8,0,LOW,[],• Standard low-risk usage aligned with peer role,APPROVE,Role: Radiology Technician | User Usage: 9 | Peer Avg: 8.2 | Peer Median: 10.0 | Diff: +0.8 | Last Used: 2026-09-03 14:53:39 | Evidence Codes: NONE,APPROVE,APPROVE
ENT-5611,USR-1171,Pharmacy,READ,2026-07-22,ACTIVE,Swati Davis,Radiology Technician,Permanent Staff,HR,ACTIVE,0,Never,10.3,10.5,18,-10.3,-10.3,40,MEDIUM,['UNUSED_PRIVILEGE'],• Privilege is completely unused in application logs (0 accesses) (+40),REVIEW,Role: Radiology Technician | User Usage: 0 | Peer Avg: 10.3 | Peer Median: 10.5 | Diff: -10.3 | Last Used: Never | Evidence Codes: UNUSED_PRIVILEGE,APPROVE,REVOKE
ENT-5612,USR-1171,Laboratory,READ_WRITE,2025-12-09,ACTIVE,Swati Davis,Radiology Technician,Permanent Staff,HR,ACTIVE,12,2026-08-15 19:12:39,7.6,9.5,14,4.4,4.4,10,LOW,['HIGH_PRIVILEGE'],• Elevated permission (READ_WRITE) assigned (+10),APPROVE,Role: Radiology Technician | User Usage: 12 | Peer Avg: 7.6 | Peer Median: 9.5 | Diff: +4.4 | Last Used: 2026-08-15 19:12:39 | Evidence Codes: HIGH_PRIVILEGE,APPROVE,APPROVE
ENT-5613,USR-1171,HR,ADMIN,2026-04-09,ACTIVE,Swati Davis,Radiology Technician,Permanent Staff,HR,ACTIVE,13,2026-09-01 02:29:39,10.7,11.0,10,2.3,2.3,30,MEDIUM,['HIGH_PRIVILEGE'],• High-level permission (ADMIN) assigned (+30),REVIEW,Role: Radiology Technician | User Usage: 13 | Peer Avg: 10.7 | Peer Median: 11.0 | Diff: +2.3 | Last Used: 2026-09-01 02:29:39 | Evidence Codes: HIGH_PRIVILEGE,APPROVE,MODIFY
ENT-5614,USR-1171,Billing,READ_WRITE,2026-04-21,REVOKED,Swati Davis,Radiology Technician,Permanent Staff,HR,ACTIVE,0,Never,9.6,10.5,16,-9.6,-9.6,50,MEDIUM,"['UNUSED_PRIVILEGE', 'HIGH_PRIVILEGE']","• Privilege is completely unused in application logs (0 accesses) (+40)
• Elevated permission (READ_WRITE) assigned (+10)",REVIEW,"Role: Radiology Technician | User Usage: 0 | Peer Avg: 9.6 | Peer Median: 10.5 | Diff: -9.6 | Last Used: Never | Evidence Codes: UNUSED_PRIVILEGE, HIGH_PRIVILEGE",APPROVE,REVOKE
ENT-5615,USR-1172,HR,WRITE,2026-03-28,ACTIVE,Michael Brown,Doctor,Outsourced Technician,Laboratory,INACTIVE,21,2026-08-31 09:08:39,9.7,9.5,18,11.3,11.3,20,LOW,['INACTIVE_USER'],• User account is marked INACTIVE in HR database (+20),APPROVE,Role: Doctor | User Usage: 21 | Peer Avg: 9.7 | Peer Median: 9.5 | Diff: +11.3 | Last Used: 2026-08-31 09:08:39 | Evidence Codes: INACTIVE_USER,REVOKE,APPROVE
ENT-5616,USR-1172,Pharmacy,WRITE,2026-02-27,REVOKED,Michael Brown,Doctor,Outsourced Technician,Laboratory,INACTIVE,0,Never,6.0,6.5,12,-6.0,-6.0,60,HIGH,"['UNUSED_PRIVILEGE', 'INACTIVE_USER']","• Privilege is completely unused in application logs (0 accesses) (+40)
• User account is marked INACTIVE in HR database (+20)",REVOKE,"Role: Doctor | User Usage: 0 | Peer Avg: 6.0 | Peer Median: 6.5 | Diff: -6.0 | Last Used: Never | Evidence Codes: UNUSED_PRIVILEGE, INACTIVE_USER",REVOKE,REVOKE
ENT-5617,USR-1172,Patient Records,READ,2025-12-03,ACTIVE,Michael Brown,Doctor,Outsourced Technician,Laboratory,INACTIVE,11,2026-08-22 07:35:39,6.3,8.0,16,4.7,4.7,20,LOW,['INACTIVE_USER'],• User account is marked INACTIVE in HR database (+20),APPROVE,Role: Doctor | User Usage: 11 | Peer Avg: 6.3 | Peer Median: 8.0 | Diff: +4.7 | Last Used: 2026-08-22 07:35:39 | Evidence Codes: INACTIVE_USER,REVOKE,APPROVE
ENT-5618,USR-1172,Administration,READ_WRITE,2026-07-26,ACTIVE,Michael Brown,Doctor,Outsourced Technician,Laboratory,INACTIVE,0,Never,6.6,7.0,14,-6.6,-6.6,70,HIGH,"['UNUSED_PRIVILEGE', 'HIGH_PRIVILEGE', 'INACTIVE_USER']","• Privilege is completely unused in application logs (0 accesses) (+40)
• Elevated permission (READ_WRITE) assigned (+10)
• User account is marked INACTIVE in HR database (+20)",REVOKE,"Role: Doctor | User Usage: 0 | Peer Avg: 6.6 | Peer Median: 7.0 | Diff: -6.6 | Last Used: Never | Evidence Codes: UNUSED_PRIVILEGE, HIGH_PRIVILEGE, INACTIVE_USER",REVOKE,REVOKE
ENT-5619,USR-1172,Radiology,READ_WRITE,2025-11-24,ACTIVE,Michael Brown,Doctor,Outsourced Technician,Laboratory,INACTIVE,14,2026-08-30 15:54:39,6.4,6.0,17,7.6,7.6,30,MEDIUM,"['HIGH_PRIVILEGE', 'INACTIVE_USER']","• Elevated permission (READ_WRITE) assigned (+10)
• User account is marked INACTIVE in HR database (+20)",REVIEW,"Role: Doctor | User Usage: 14 | Peer Avg: 6.4 | Peer Median: 6.0 | Diff: +7.6 | Last Used: 2026-08-30 15:54:39 | Evidence Codes: HIGH_PRIVILEGE, INACTIVE_USER",REVOKE,MODIFY
ENT-5620,USR-1173,Laboratory,READ,2026-03-13,ACTIVE,Arjun Gupta,Billing Staff,Permanent Staff,Emergency,ACTIVE,0,Never,7.5,9.0,11,-7.5,-7.5,40,MEDIUM,['UNUSED_PRIVILEGE'],• Privilege is completely unused in application logs (0 accesses) (+40),REVIEW,Role: Billing Staff | User Usage: 0 | Peer Avg: 7.5 | Peer Median: 9.0 | Diff: -7.5 | Last Used: Never | Evidence Codes: UNUSED_PRIVILEGE,APPROVE,REVOKE
ENT-5621,USR-1173,Pharmacy,READ_WRITE,2025-12-01,ACTIVE,Arjun Gupta,Billing Staff,Permanent Staff,Emergency,ACTIVE,0,Never,7.5,9.0,13,-7.5,-7.5,50,MEDIUM,"['UNUSED_PRIVILEGE', 'HIGH_PRIVILEGE']","• Privilege is completely unused in application logs (0 accesses) (+40)
• Elevated permission (READ_WRITE) assigned (+10)",REVIEW,"Role: Billing Staff | User Usage: 0 | Peer Avg: 7.5 | Peer Median: 9.0 | Diff: -7.5 | Last Used: Never | Evidence Codes: UNUSED_PRIVILEGE, HIGH_PRIVILEGE",APPROVE,REVOKE
ENT-5622,USR-1174,Patient Records,READ_WRITE,2026-04-28,ACTIVE,Priya Kumar,Intern,Intern,HR,ACTIVE,0,Never,7.6,9.0,11,-7.6,-7.6,50,MEDIUM,"['UNUSED_PRIVILEGE', 'HIGH_PRIVILEGE']","• Privilege is completely unused in application logs (0 accesses) (+40)
• Elevated permission (READ_WRITE) assigned (+10)",REVIEW,"Role: Intern | User Usage: 0 | Peer Avg: 7.6 | Peer Median: 9.0 | Diff: -7.6 | Last Used: Never | Evidence Codes: UNUSED_PRIVILEGE, HIGH_PRIVILEGE",APPROVE,REVOKE
ENT-5623,USR-1174,HR,WRITE,2026-04-27,ACTIVE,Priya Kumar,Intern,Intern,HR,ACTIVE,6,2026-08-23 17:25:39,5.6,3.0,16,0.4,0.4,0,LOW,[],• Standard low-risk usage aligned with peer role,APPROVE,Role: Intern | User Usage: 6 | Peer Avg: 5.6 | Peer Median: 3.0 | Diff: +0.4 | Last Used: 2026-08-23 17:25:39 | Evidence Codes: NONE,APPROVE,APPROVE
ENT-5624,USR-1175,Radiology,WRITE,2026-04-07,REVOKED,Divya Martinez,Doctor,Outsourced Technician,ICU,ACTIVE,0,Never,6.4,6.0,17,-6.4,-6.4,40,MEDIUM,['UNUSED_PRIVILEGE'],• Privilege is completely unused in application logs (0 accesses) (+40),REVIEW,Role: Doctor | User Usage: 0 | Peer Avg: 6.4 | Peer Median: 6.0 | Diff: -6.4 | Last Used: Never | Evidence Codes: UNUSED_PRIVILEGE,APPROVE,REVOKE
ENT-5625,USR-1175,Patient Records,WRITE,2026-02-19,ACTIVE,Divya Martinez,Doctor,Outsourced Technician,ICU,ACTIVE,0,Never,6.3,8.0,16,-6.3,-6.3,40,MEDIUM,['UNUSED_PRIVILEGE'],• Privilege is completely unused in application logs (0 accesses) (+40),REVIEW,Role: Doctor | User Usage: 0 | Peer Avg: 6.3 | Peer Median: 8.0 | Diff: -6.3 | Last Used: Never | Evidence Codes: UNUSED_PRIVILEGE,APPROVE,REVOKE
ENT-5626,USR-1175,Administration,WRITE,2025-12-23,REVOKED,Divya Martinez,Doctor,Outsourced Technician,ICU,ACTIVE,0,Never,6.6,7.0,14,-6.6,-6.6,40,MEDIUM,['UNUSED_PRIVILEGE'],• Privilege is completely unused in application logs (0 accesses) (+40),REVIEW,Role: Doctor | User Usage: 0 | Peer Avg: 6.6 | Peer Median: 7.0 | Diff: -6.6 | Last Used: Never | Evidence Codes: UNUSED_PRIVILEGE,APPROVE,REVOKE
ENT-5627,USR-1175,Laboratory,READ,2026-05-23,ACTIVE,Divya Martinez,Doctor,Outsourced Technician,ICU,ACTIVE,0,Never,5.5,5.5,16,-5.5,-5.5,40,MEDIUM,['UNUSED_PRIVILEGE'],• Privilege is completely unused in application logs (0 accesses) (+40),REVIEW,Role: Doctor | User Usage: 0 | Peer Avg: 5.5 | Peer Median: 5.5 | Diff: -5.5 | Last Used: Never | Evidence Codes: UNUSED_PRIVILEGE,APPROVE,REVOKE
ENT-5628,USR-1176,Patient Records,READ,2025-11-27,ACTIVE,Meera Smith,Radiology Technician,Permanent Staff,Pharmacy,ACTIVE,12,2026-08-25 04:27:39,5.3,7.0,17,6.7,6.7,0,LOW,[],• Standard low-risk usage aligned with peer role,APPROVE,Role: Radiology Technician | User Usage: 12 | Peer Avg: 5.3 | Peer Median: 7.0 | Diff: +6.7 | Last Used: 2026-08-25 04:27:39 | Evidence Codes: NONE,APPROVE,APPROVE
ENT-5629,USR-1176,Pharmacy,WRITE,2026-05-14,ACTIVE,Meera Smith,Radiology Technician,Permanent Staff,Pharmacy,ACTIVE,16,2026-09-03 07:01:39,10.3,10.5,18,5.7,5.7,0,LOW,[],• Standard low-risk usage aligned with peer role,APPROVE,Role: Radiology Technician | User Usage: 16 | Peer Avg: 10.3 | Peer Median: 10.5 | Diff: +5.7 | Last Used: 2026-09-03 07:01:39 | Evidence Codes: NONE,APPROVE,APPROVE
ENT-5630,USR-1177,Administration,READ,2026-05-16,ACTIVE,Rohan Gupta,Doctor,Permanent Staff,Radiology,ACTIVE,0,Never,6.6,7.0,14,-6.6,-6.6,40,MEDIUM,['UNUSED_PRIVILEGE'],• Privilege is completely unused in application logs (0 accesses) (+40),REVIEW,Role: Doctor | User Usage: 0 | Peer Avg: 6.6 | Peer Median: 7.0 | Diff: -6.6 | Last Used: Never | Evidence Codes: UNUSED_PRIVILEGE,APPROVE,REVOKE
ENT-5631,USR-1177,HR,READ,2026-01-19,ACTIVE,Rohan Gupta,Doctor,Permanent Staff,Radiology,ACTIVE,10,2026-08-30 01:56:39,9.7,9.5,18,0.3,0.3,0,LOW,[],• Standard low-risk usage aligned with peer role,APPROVE,Role: Doctor | User Usage: 10 | Peer Avg: 9.7 | Peer Median: 9.5 | Diff: +0.3 | Last Used: 2026-08-30 01:56:39 | Evidence Codes: NONE,APPROVE,APPROVE
ENT-5632,USR-1177,Radiology,READ,2026-06-12,REVOKED,Rohan Gupta,Doctor,Permanent Staff,Radiology,ACTIVE,0,Never,6.4,6.0,17,-6.4,-6.4,40,MEDIUM,['UNUSED_PRIVILEGE'],• Privilege is completely unused in application logs (0 accesses) (+40),REVIEW,Role: Doctor | User Usage: 0 | Peer Avg: 6.4 | Peer Median: 6.0 | Diff: -6.4 | Last Used: Never | Evidence Codes: UNUSED_PRIVILEGE,APPROVE,REVOKE
ENT-5633,USR-1178,Patient Records,READ_WRITE,2026-04-23,ACTIVE,Neha Johnson,Lab Technician,Outsourced Technician,Emergency,ACTIVE,19,2026-08-31 00:09:39,9.1,8.0,15,9.9,9.9,10,LOW,['HIGH_PRIVILEGE'],• Elevated permission (READ_WRITE) assigned (+10),APPROVE,Role: Lab Technician | User Usage: 19 | Peer Avg: 9.1 | Peer Median: 8.0 | Diff: +9.9 | Last Used: 2026-08-31 00:09:39 | Evidence Codes: HIGH_PRIVILEGE,APPROVE,APPROVE
ENT-5634,USR-1178,Administration,WRITE,2026-05-05,ACTIVE,Neha Johnson,Lab Technician,Outsourced Technician,Emergency,ACTIVE,13,2026-08-24 20:20:39,7.7,8.0,13,5.3,5.3,0,LOW,[],• Standard low-risk usage aligned with peer role,APPROVE,Role: Lab Technician | User Usage: 13 | Peer Avg: 7.7 | Peer Median: 8.0 | Diff: +5.3 | Last Used: 2026-08-24 20:20:39 | Evidence Codes: NONE,APPROVE,APPROVE
ENT-5635,USR-1178,HR,WRITE,2026-01-11,ACTIVE,Neha Johnson,Lab Technician,Outsourced Technician,Emergency,ACTIVE,0,Never,7.1,8.0,15,-7.1,-7.1,40,MEDIUM,['UNUSED_PRIVILEGE'],• Privilege is completely unused in application logs (0 accesses) (+40),REVIEW,Role: Lab Technician | User Usage: 0 | Peer Avg: 7.1 | Peer Median: 8.0 | Diff: -7.1 | Last Used: Never | Evidence Codes: UNUSED_PRIVILEGE,APPROVE,REVOKE
ENT-5636,USR-1178,Billing,WRITE,2026-08-21,ACTIVE,Neha Johnson,Lab Technician,Outsourced Technician,Emergency,ACTIVE,9,2026-08-17 15:47:39,6.2,6.0,15,2.8,2.8,10,LOW,['RECENTLY_GRANTED'],• Privilege recently granted within past 30 days (2026-08-21) (+10),APPROVE,Role: Lab Technician | User Usage: 9 | Peer Avg: 6.2 | Peer Median: 6.0 | Diff: +2.8 | Last Used: 2026-08-17 15:47:39 | Evidence Codes: RECENTLY_GRANTED,APPROVE,APPROVE
ENT-5637,USR-1179,Billing,WRITE,2026-07-28,ACTIVE,Divya Verma,Nurse,Outsourced Technician,Administration,ACTIVE,15,2026-09-02 20:37:39,4.9,2.5,8,10.1,10.1,0,LOW,[],• Standard low-risk usage aligned with peer role,APPROVE,Role: Nurse | User Usage: 15 | Peer Avg: 4.9 | Peer Median: 2.5 | Diff: +10.1 | Last Used: 2026-09-02 20:37:39 | Evidence Codes: NONE,APPROVE,APPROVE
ENT-5638,USR-1179,Patient Records,WRITE,2026-07-23,ACTIVE,Divya Verma,Nurse,Outsourced Technician,Administration,ACTIVE,14,2026-09-02 09:23:39,10.8,12.0,11,3.2,3.2,0,LOW,[],• Standard low-risk usage aligned with peer role,APPROVE,Role: Nurse | User Usage: 14 | Peer Avg: 10.8 | Peer Median: 12.0 | Diff: +3.2 | Last Used: 2026-09-02 09:23:39 | Evidence Codes: NONE,APPROVE,APPROVE
ENT-5639,USR-1180,Laboratory,READ_WRITE,2026-07-16,ACTIVE,Sneha Kumar,Intern,Intern,Emergency,ACTIVE,8,2026-08-25 17:11:39,8.2,9.0,13,-0.2,-0.2,10,LOW,['HIGH_PRIVILEGE'],• Elevated permission (READ_WRITE) assigned (+10),APPROVE,Role: Intern | User Usage: 8 | Peer Avg: 8.2 | Peer Median: 9.0 | Diff: -0.2 | Last Used: 2026-08-25 17:11:39 | Evidence Codes: HIGH_PRIVILEGE,APPROVE,APPROVE
ENT-5640,USR-1180,HR,READ,2026-02-15,ACTIVE,Sneha Kumar,Intern,Intern,Emergency,ACTIVE,13,2026-07-31 19:31:39,5.6,3.0,16,7.4,7.4,0,LOW,[],• Standard low-risk usage aligned with peer role,APPROVE,Role: Intern | User Usage: 13 | Peer Avg: 5.6 | Peer Median: 3.0 | Diff: +7.4 | Last Used: 2026-07-31 19:31:39 | Evidence Codes: NONE,APPROVE,APPROVE
ENT-5641,USR-1181,Radiology,WRITE,2026-06-21,ACTIVE,Sarah Rodriguez,Billing Staff,Outsourced Technician,ICU,ACTIVE,10,2026-09-02 15:23:39,6.6,7.5,14,3.4,3.4,0,LOW,[],• Standard low-risk usage aligned with peer role,APPROVE,Role: Billing Staff | User Usage: 10 | Peer Avg: 6.6 | Peer Median: 7.5 | Diff: +3.4 | Last Used: 2026-09-02 15:23:39 | Evidence Codes: NONE,APPROVE,APPROVE
ENT-5642,USR-1181,Pharmacy,READ,2025-11-23,ACTIVE,Sarah Rodriguez,Billing Staff,Outsourced Technician,ICU,ACTIVE,0,Never,7.5,9.0,13,-7.5,-7.5,40,MEDIUM,['UNUSED_PRIVILEGE'],• Privilege is completely unused in application logs (0 accesses) (+40),REVIEW,Role: Billing Staff | User Usage: 0 | Peer Avg: 7.5 | Peer Median: 9.0 | Diff: -7.5 | Last Used: Never | Evidence Codes: UNUSED_PRIVILEGE,APPROVE,REVOKE
ENT-5643,USR-1182,Laboratory,READ,2026-08-24,ACTIVE,Ananya Sharma,Intern,Intern,Laboratory,ACTIVE,14,2026-08-27 22:09:39,8.2,9.0,13,5.8,5.8,10,LOW,['RECENTLY_GRANTED'],• Privilege recently granted within past 30 days (2026-08-24) (+10),APPROVE,Role: Intern | User Usage: 14 | Peer Avg: 8.2 | Peer Median: 9.0 | Diff: +5.8 | Last Used: 2026-08-27 22:09:39 | Evidence Codes: RECENTLY_GRANTED,APPROVE,APPROVE
ENT-5644,USR-1182,HR,WRITE,2026-06-27,REVOKED,Ananya Sharma,Intern,Intern,Laboratory,ACTIVE,0,Never,5.6,3.0,16,-5.6,-5.6,40,MEDIUM,['UNUSED_PRIVILEGE'],• Privilege is completely unused in application logs (0 accesses) (+40),REVIEW,Role: Intern | User Usage: 0 | Peer Avg: 5.6 | Peer Median: 3.0 | Diff: -5.6 | Last Used: Never | Evidence Codes: UNUSED_PRIVILEGE,APPROVE,REVOKE
ENT-5645,USR-1182,Administration,WRITE,2026-02-09,ACTIVE,Ananya Sharma,Intern,Intern,Laboratory,ACTIVE,7,2026-08-15 08:17:39,9.0,9.5,10,-2.0,-2.0,0,LOW,[],• Standard low-risk usage aligned with peer role,APPROVE,Role: Intern | User Usage: 7 | Peer Avg: 9.0 | Peer Median: 9.5 | Diff: -2.0 | Last Used: 2026-08-15 08:17:39 | Evidence Codes: NONE,APPROVE,APPROVE
ENT-5646,USR-1183,Laboratory,READ,2026-03-06,ACTIVE,Sanjay Joshi,Radiology Technician,Permanent Staff,ICU,ACTIVE,14,2026-08-28 20:20:39,7.6,9.5,14,6.4,6.4,0,LOW,[],• Standard low-risk usage aligned with peer role,APPROVE,Role: Radiology Technician | User Usage: 14 | Peer Avg: 7.6 | Peer Median: 9.5 | Diff: +6.4 | Last Used: 2026-08-28 20:20:39 | Evidence Codes: NONE,APPROVE,APPROVE
ENT-5647,USR-1183,Pharmacy,READ,2025-12-10,ACTIVE,Sanjay Joshi,Radiology Technician,Permanent Staff,ICU,ACTIVE,11,2026-08-30 17:20:39,10.3,10.5,18,0.7,0.7,0,LOW,[],• Standard low-risk usage aligned with peer role,APPROVE,Role: Radiology Technician | User Usage: 11 | Peer Avg: 10.3 | Peer Median: 10.5 | Diff: +0.7 | Last Used: 2026-08-30 17:20:39 | Evidence Codes: NONE,APPROVE,APPROVE
ENT-5648,USR-1184,Pharmacy,READ_WRITE,2026-05-29,ACTIVE,Vikram Williams,Intern,Intern,Billing,ACTIVE,10,2026-08-16 13:35:39,8.3,11.0,11,1.7,1.7,10,LOW,['HIGH_PRIVILEGE'],• Elevated permission (READ_WRITE) assigned (+10),APPROVE,Role: Intern | User Usage: 10 | Peer Avg: 8.3 | Peer Median: 11.0 | Diff: +1.7 | Last Used: 2026-08-16 13:35:39 | Evidence Codes: HIGH_PRIVILEGE,APPROVE,APPROVE
ENT-5649,USR-1184,Billing,WRITE,2026-08-02,ACTIVE,Vikram Williams,Intern,Intern,Billing,ACTIVE,9,2026-08-13 17:41:39,6.6,8.5,8,2.4,2.4,0,LOW,[],• Standard low-risk usage aligned with peer role,APPROVE,Role: Intern | User Usage: 9 | Peer Avg: 6.6 | Peer Median: 8.5 | Diff: +2.4 | Last Used: 2026-08-13 17:41:39 | Evidence Codes: NONE,APPROVE,APPROVE
ENT-5650,USR-1184,Laboratory,READ,2025-11-21,ACTIVE,Vikram Williams,Intern,Intern,Billing,ACTIVE,14,2026-08-26 15:38:39,8.2,9.0,13,5.8,5.8,0,LOW,[],• Standard low-risk usage aligned with peer role,APPROVE,Role: Intern | User Usage: 14 | Peer Avg: 8.2 | Peer Median: 9.0 | Diff: +5.8 | Last Used: 2026-08-26 15:38:39 | Evidence Codes: NONE,APPROVE,APPROVE
ENT-5651,USR-1185,Laboratory,ADMIN,2026-07-10,ACTIVE,Ananya Brown,Doctor,Outsourced Technician,Emergency,ACTIVE,13,2026-09-02 14:22:39,5.5,5.5,16,7.5,7.5,30,MEDIUM,['HIGH_PRIVILEGE'],• High-level permission (ADMIN) assigned (+30),REVIEW,Role: Doctor | User Usage: 13 | Peer Avg: 5.5 | Peer Median: 5.5 | Diff: +7.5 | Last Used: 2026-09-02 14:22:39 | Evidence Codes: HIGH_PRIVILEGE,APPROVE,MODIFY
ENT-5652,USR-1185,HR,WRITE,2026-03-13,ACTIVE,Ananya Brown,Doctor,Outsourced Technician,Emergency,ACTIVE,14,2026-09-03 17:05:39,9.7,9.5,18,4.3,4.3,0,LOW,[],• Standard low-risk usage aligned with peer role,APPROVE,Role: Doctor | User Usage: 14 | Peer Avg: 9.7 | Peer Median: 9.5 | Diff: +4.3 | Last Used: 2026-09-03 17:05:39 | Evidence Codes: NONE,APPROVE,APPROVE
ENT-5653,USR-1186,Patient Records,ADMIN,2026-05-22,ACTIVE,Amit Brown,Lab Technician,Permanent Staff,HR,ACTIVE,11,2026-08-31 12:42:39,9.1,8.0,15,1.9,1.9,30,MEDIUM,['HIGH_PRIVILEGE'],• High-level permission (ADMIN) assigned (+30),REVIEW,Role: Lab Technician | User Usage: 11 | Peer Avg: 9.1 | Peer Median: 8.0 | Diff: +1.9 | Last Used: 2026-08-31 12:42:39 | Evidence Codes: HIGH_PRIVILEGE,APPROVE,MODIFY
ENT-5654,USR-1186,Laboratory,WRITE,2026-03-26,ACTIVE,Amit Brown,Lab Technician,Permanent Staff,HR,ACTIVE,0,Never,5.6,0.0,15,-5.6,-5.6,40,MEDIUM,['UNUSED_PRIVILEGE'],• Privilege is completely unused in application logs (0 accesses) (+40),REVIEW,Role: Lab Technician | User Usage: 0 | Peer Avg: 5.6 | Peer Median: 0.0 | Diff: -5.6 | Last Used: Never | Evidence Codes: UNUSED_PRIVILEGE,APPROVE,REVOKE
ENT-5655,USR-1186,Billing,READ_WRITE,2025-11-12,ACTIVE,Amit Brown,Lab Technician,Permanent Staff,HR,ACTIVE,11,2026-09-03 16:06:39,6.2,6.0,15,4.8,4.8,10,LOW,['HIGH_PRIVILEGE'],• Elevated permission (READ_WRITE) assigned (+10),APPROVE,Role: Lab Technician | User Usage: 11 | Peer Avg: 6.2 | Peer Median: 6.0 | Diff: +4.8 | Last Used: 2026-09-03 16:06:39 | Evidence Codes: HIGH_PRIVILEGE,APPROVE,APPROVE
ENT-5656,USR-1187,Radiology,READ_WRITE,2026-05-08,ACTIVE,Jessica Martinez,Billing Staff,Outsourced Technician,Emergency,ACTIVE,13,2026-08-28 19:29:39,6.6,7.5,14,6.4,6.4,10,LOW,['HIGH_PRIVILEGE'],• Elevated permission (READ_WRITE) assigned (+10),APPROVE,Role: Billing Staff | User Usage: 13 | Peer Avg: 6.6 | Peer Median: 7.5 | Diff: +6.4 | Last Used: 2026-08-28 19:29:39 | Evidence Codes: HIGH_PRIVILEGE,APPROVE,APPROVE
ENT-5657,USR-1187,Pharmacy,WRITE,2026-04-10,ACTIVE,Jessica Martinez,Billing Staff,Outsourced Technician,Emergency,ACTIVE,6,2026-08-22 16:53:39,7.5,9.0,13,-1.5,-1.5,0,LOW,[],• Standard low-risk usage aligned with peer role,APPROVE,Role: Billing Staff | User Usage: 6 | Peer Avg: 7.5 | Peer Median: 9.0 | Diff: -1.5 | Last Used: 2026-08-22 16:53:39 | Evidence Codes: NONE,APPROVE,APPROVE
ENT-5658,USR-1187,Patient Records,READ_WRITE,2026-03-13,ACTIVE,Jessica Martinez,Billing Staff,Outsourced Technician,Emergency,ACTIVE,0,Never,8.8,11.0,13,-8.8,-8.8,50,MEDIUM,"['UNUSED_PRIVILEGE', 'HIGH_PRIVILEGE']","• Privilege is completely unused in application logs (0 accesses) (+40)
• Elevated permission (READ_WRITE) assigned (+10)",REVIEW,"Role: Billing Staff | User Usage: 0 | Peer Avg: 8.8 | Peer Median: 11.0 | Diff: -8.8 | Last Used: Never | Evidence Codes: UNUSED_PRIVILEGE, HIGH_PRIVILEGE",APPROVE,REVOKE
ENT-5659,USR-1187,Laboratory,WRITE,2026-02-27,ACTIVE,Jessica Martinez,Billing Staff,Outsourced Technician,Emergency,ACTIVE,11,2026-08-22 16:15:39,7.5,9.0,11,3.5,3.5,0,LOW,[],• Standard low-risk usage aligned with peer role,APPROVE,Role: Billing Staff | User Usage: 11 | Peer Avg: 7.5 | Peer Median: 9.0 | Diff: +3.5 | Last Used: 2026-08-22 16:15:39 | Evidence Codes: NONE,APPROVE,APPROVE
ENT-5660,USR-1188,Billing,READ,2026-06-19,ACTIVE,Sneha Rodriguez,Pharmacist,Permanent Staff,HR,ACTIVE,0,Never,6.2,6.5,14,-6.2,-6.2,40,MEDIUM,['UNUSED_PRIVILEGE'],• Privilege is completely unused in application logs (0 accesses) (+40),REVIEW,Role: Pharmacist | User Usage: 0 | Peer Avg: 6.2 | Peer Median: 6.5 | Diff: -6.2 | Last Used: Never | Evidence Codes: UNUSED_PRIVILEGE,APPROVE,REVOKE
ENT-5661,USR-1188,Patient Records,READ_WRITE,2026-07-21,ACTIVE,Sneha Rodriguez,Pharmacist,Permanent Staff,HR,ACTIVE,13,2026-08-31 19:33:39,4.3,0.0,10,8.7,8.7,10,LOW,['HIGH_PRIVILEGE'],• Elevated permission (READ_WRITE) assigned (+10),APPROVE,Role: Pharmacist | User Usage: 13 | Peer Avg: 4.3 | Peer Median: 0.0 | Diff: +8.7 | Last Used: 2026-08-31 19:33:39 | Evidence Codes: HIGH_PRIVILEGE,APPROVE,APPROVE
ENT-5662,USR-1188,Pharmacy,READ,2025-12-13,ACTIVE,Sneha Rodriguez,Pharmacist,Permanent Staff,HR,ACTIVE,0,Never,7.0,10.0,11,-7.0,-7.0,40,MEDIUM,['UNUSED_PRIVILEGE'],• Privilege is completely unused in application logs (0 accesses) (+40),REVIEW,Role: Pharmacist | User Usage: 0 | Peer Avg: 7.0 | Peer Median: 10.0 | Diff: -7.0 | Last Used: Never | Evidence Codes: UNUSED_PRIVILEGE,APPROVE,REVOKE
ENT-5663,USR-1188,HR,READ,2026-02-03,ACTIVE,Sneha Rodriguez,Pharmacist,Permanent Staff,HR,ACTIVE,10,2026-08-27 15:08:39,7.7,9.0,12,2.3,2.3,0,LOW,[],• Standard low-risk usage aligned with peer role,APPROVE,Role: Pharmacist | User Usage: 10 | Peer Avg: 7.7 | Peer Median: 9.0 | Diff: +2.3 | Last Used: 2026-08-27 15:08:39 | Evidence Codes: NONE,APPROVE,APPROVE
ENT-5664,USR-1188,Administration,READ_WRITE,2026-08-11,ACTIVE,Sneha Rodriguez,Pharmacist,Permanent Staff,HR,ACTIVE,7,2026-08-12 13:21:39,5.6,7.0,13,1.4,1.4,20,LOW,"['HIGH_PRIVILEGE', 'RECENTLY_GRANTED']","• Elevated permission (READ_WRITE) assigned (+10)
• Privilege recently granted within past 30 days (2026-08-11) (+10)",APPROVE,"Role: Pharmacist | User Usage: 7 | Peer Avg: 5.6 | Peer Median: 7.0 | Diff: +1.4 | Last Used: 2026-08-12 13:21:39 | Evidence Codes: HIGH_PRIVILEGE, RECENTLY_GRANTED",APPROVE,APPROVE
ENT-5665,USR-1189,HR,READ,2026-04-03,ACTIVE,Rahul Nair,Nurse,Permanent Staff,Radiology,ACTIVE,11,2026-09-02 18:57:39,8.5,10.0,12,2.5,2.5,0,LOW,[],• Standard low-risk usage aligned with peer role,APPROVE,Role: Nurse | User Usage: 11 | Peer Avg: 8.5 | Peer Median: 10.0 | Diff: +2.5 | Last Used: 2026-09-02 18:57:39 | Evidence Codes: NONE,APPROVE,APPROVE
ENT-5666,USR-1189,Pharmacy,WRITE,2026-07-14,ACTIVE,Rahul Nair,Nurse,Permanent Staff,Radiology,ACTIVE,9,2026-09-01 19:23:39,4.7,0.0,9,4.3,4.3,0,LOW,[],• Standard low-risk usage aligned with peer role,APPROVE,Role: Nurse | User Usage: 9 | Peer Avg: 4.7 | Peer Median: 0.0 | Diff: +4.3 | Last Used: 2026-09-01 19:23:39 | Evidence Codes: NONE,APPROVE,APPROVE
ENT-5667,USR-1189,Laboratory,WRITE,2026-04-29,ACTIVE,Rahul Nair,Nurse,Permanent Staff,Radiology,ACTIVE,8,2026-08-28 09:58:39,7.3,9.0,12,0.7,0.7,0,LOW,[],• Standard low-risk usage aligned with peer role,APPROVE,Role: Nurse | User Usage: 8 | Peer Avg: 7.3 | Peer Median: 9.0 | Diff: +0.7 | Last Used: 2026-08-28 09:58:39 | Evidence Codes: NONE,APPROVE,APPROVE
ENT-5668,USR-1189,Radiology,READ,2026-06-06,ACTIVE,Rahul Nair,Nurse,Permanent Staff,Radiology,ACTIVE,0,Never,8.8,9.0,15,-8.8,-8.8,40,MEDIUM,['UNUSED_PRIVILEGE'],• Privilege is completely unused in application logs (0 accesses) (+40),REVIEW,Role: Nurse | User Usage: 0 | Peer Avg: 8.8 | Peer Median: 9.0 | Diff: -8.8 | Last Used: Never | Evidence Codes: UNUSED_PRIVILEGE,APPROVE,REVOKE
ENT-5669,USR-1189,Patient Records,READ_WRITE,2026-06-09,ACTIVE,Rahul Nair,Nurse,Permanent Staff,Radiology,ACTIVE,11,2026-08-18 02:38:39,10.8,12.0,11,0.2,0.2,10,LOW,['HIGH_PRIVILEGE'],• Elevated permission (READ_WRITE) assigned (+10),APPROVE,Role: Nurse | User Usage: 11 | Peer Avg: 10.8 | Peer Median: 12.0 | Diff: +0.2 | Last Used: 2026-08-18 02:38:39 | Evidence Codes: HIGH_PRIVILEGE,APPROVE,APPROVE
ENT-5670,USR-1190,HR,READ,2026-08-09,ACTIVE,James Gupta,Intern,Intern,Emergency,ACTIVE,0,Never,5.6,3.0,16,-5.6,-5.6,50,MEDIUM,"['UNUSED_PRIVILEGE', 'RECENTLY_GRANTED']","• Privilege is completely unused in application logs (0 accesses) (+40)
• Privilege recently granted within past 30 days (2026-08-09) (+10)",REVIEW,"Role: Intern | User Usage: 0 | Peer Avg: 5.6 | Peer Median: 3.0 | Diff: -5.6 | Last Used: Never | Evidence Codes: UNUSED_PRIVILEGE, RECENTLY_GRANTED",APPROVE,REVOKE
ENT-5671,USR-1190,Administration,WRITE,2026-07-28,ACTIVE,James Gupta,Intern,Intern,Emergency,ACTIVE,14,2026-08-30 14:07:39,9.0,9.5,10,5.0,5.0,0,LOW,[],• Standard low-risk usage aligned with peer role,APPROVE,Role: Intern | User Usage: 14 | Peer Avg: 9.0 | Peer Median: 9.5 | Diff: +5.0 | Last Used: 2026-08-30 14:07:39 | Evidence Codes: NONE,APPROVE,APPROVE
ENT-5672,USR-1190,Radiology,READ_WRITE,2026-05-16,ACTIVE,James Gupta,Intern,Intern,Emergency,ACTIVE,17,2026-08-19 18:17:39,8.6,10.0,11,8.4,8.4,10,LOW,['HIGH_PRIVILEGE'],• Elevated permission (READ_WRITE) assigned (+10),APPROVE,Role: Intern | User Usage: 17 | Peer Avg: 8.6 | Peer Median: 10.0 | Diff: +8.4 | Last Used: 2026-08-19 18:17:39 | Evidence Codes: HIGH_PRIVILEGE,APPROVE,APPROVE
ENT-5673,USR-1191,Radiology,ADMIN,2026-03-17,ACTIVE,Divya Gupta,Nurse,Permanent Staff,Administration,ACTIVE,9,2026-08-29 04:01:39,8.8,9.0,15,0.2,0.2,30,MEDIUM,['HIGH_PRIVILEGE'],• High-level permission (ADMIN) assigned (+30),REVIEW,Role: Nurse | User Usage: 9 | Peer Avg: 8.8 | Peer Median: 9.0 | Diff: +0.2 | Last Used: 2026-08-29 04:01:39 | Evidence Codes: HIGH_PRIVILEGE,APPROVE,MODIFY
ENT-5674,USR-1191,Administration,READ,2026-04-11,ACTIVE,Divya Gupta,Nurse,Permanent Staff,Administration,ACTIVE,0,Never,4.4,1.5,10,-4.4,-4.4,40,MEDIUM,['UNUSED_PRIVILEGE'],• Privilege is completely unused in application logs (0 accesses) (+40),REVIEW,Role: Nurse | User Usage: 0 | Peer Avg: 4.4 | Peer Median: 1.5 | Diff: -4.4 | Last Used: Never | Evidence Codes: UNUSED_PRIVILEGE,APPROVE,REVOKE
ENT-5675,USR-1191,HR,READ_WRITE,2025-11-24,ACTIVE,Divya Gupta,Nurse,Permanent Staff,Administration,ACTIVE,10,2026-09-03 06:44:39,8.5,10.0,12,1.5,1.5,10,LOW,['HIGH_PRIVILEGE'],• Elevated permission (READ_WRITE) assigned (+10),APPROVE,Role: Nurse | User Usage: 10 | Peer Avg: 8.5 | Peer Median: 10.0 | Diff: +1.5 | Last Used: 2026-09-03 06:44:39 | Evidence Codes: HIGH_PRIVILEGE,APPROVE,APPROVE
ENT-5676,USR-1191,Patient Records,WRITE,2026-02-17,ACTIVE,Divya Gupta,Nurse,Permanent Staff,Administration,ACTIVE,19,2026-09-02 17:12:39,10.8,12.0,11,8.2,8.2,0,LOW,[],• Standard low-risk usage aligned with peer role,APPROVE,Role: Nurse | User Usage: 19 | Peer Avg: 10.8 | Peer Median: 12.0 | Diff: +8.2 | Last Used: 2026-09-02 17:12:39 | Evidence Codes: NONE,APPROVE,APPROVE
ENT-5677,USR-1192,Billing,WRITE,2026-05-07,ACTIVE,Nikhil Jones,Radiology Technician,Outsourced Technician,Pharmacy,INACTIVE,13,2026-09-01 20:54:39,9.6,10.5,16,3.4,3.4,20,LOW,['INACTIVE_USER'],• User account is marked INACTIVE in HR database (+20),APPROVE,Role: Radiology Technician | User Usage: 13 | Peer Avg: 9.6 | Peer Median: 10.5 | Diff: +3.4 | Last Used: 2026-09-01 20:54:39 | Evidence Codes: INACTIVE_USER,REVOKE,APPROVE
ENT-5678,USR-1192,Laboratory,WRITE,2026-03-06,ACTIVE,Nikhil Jones,Radiology Technician,Outsourced Technician,Pharmacy,INACTIVE,13,2026-09-03 01:49:39,7.6,9.5,14,5.4,5.4,20,LOW,['INACTIVE_USER'],• User account is marked INACTIVE in HR database (+20),APPROVE,Role: Radiology Technician | User Usage: 13 | Peer Avg: 7.6 | Peer Median: 9.5 | Diff: +5.4 | Last Used: 2026-09-03 01:49:39 | Evidence Codes: INACTIVE_USER,REVOKE,APPROVE
ENT-5679,USR-1193,Billing,READ_WRITE,2026-07-21,ACTIVE,John Joshi,Lab Technician,Permanent Staff,Billing,INACTIVE,13,2026-08-20 20:56:39,6.2,6.0,15,6.8,6.8,30,MEDIUM,"['HIGH_PRIVILEGE', 'INACTIVE_USER']","• Elevated permission (READ_WRITE) assigned (+10)
• User account is marked INACTIVE in HR database (+20)",REVIEW,"Role: Lab Technician | User Usage: 13 | Peer Avg: 6.2 | Peer Median: 6.0 | Diff: +6.8 | Last Used: 2026-08-20 20:56:39 | Evidence Codes: HIGH_PRIVILEGE, INACTIVE_USER",REVOKE,MODIFY
ENT-5680,USR-1193,Patient Records,READ_WRITE,2026-06-14,ACTIVE,John Joshi,Lab Technician,Permanent Staff,Billing,INACTIVE,13,2026-09-01 23:57:39,9.1,8.0,15,3.9,3.9,30,MEDIUM,"['HIGH_PRIVILEGE', 'INACTIVE_USER']","• Elevated permission (READ_WRITE) assigned (+10)
• User account is marked INACTIVE in HR database (+20)",REVIEW,"Role: Lab Technician | User Usage: 13 | Peer Avg: 9.1 | Peer Median: 8.0 | Diff: +3.9 | Last Used: 2026-09-01 23:57:39 | Evidence Codes: HIGH_PRIVILEGE, INACTIVE_USER",REVOKE,MODIFY
ENT-5681,USR-1193,Administration,WRITE,2026-06-30,ACTIVE,John Joshi,Lab Technician,Permanent Staff,Billing,INACTIVE,6,2026-08-28 08:55:39,7.7,8.0,13,-1.7,-1.7,20,LOW,['INACTIVE_USER'],• User account is marked INACTIVE in HR database (+20),APPROVE,Role: Lab Technician | User Usage: 6 | Peer Avg: 7.7 | Peer Median: 8.0 | Diff: -1.7 | Last Used: 2026-08-28 08:55:39 | Evidence Codes: INACTIVE_USER,REVOKE,APPROVE
ENT-5682,USR-1193,Pharmacy,WRITE,2026-03-13,ACTIVE,John Joshi,Lab Technician,Permanent Staff,Billing,INACTIVE,9,2026-08-21 10:09:39,8.3,9.0,15,0.7,0.7,20,LOW,['INACTIVE_USER'],• User account is marked INACTIVE in HR database (+20),APPROVE,Role: Lab Technician | User Usage: 9 | Peer Avg: 8.3 | Peer Median: 9.0 | Diff: +0.7 | Last Used: 2026-08-21 10:09:39 | Evidence Codes: INACTIVE_USER,REVOKE,APPROVE
ENT-5683,USR-1193,Radiology,WRITE,2025-12-27,ACTIVE,John Joshi,Lab Technician,Permanent Staff,Billing,INACTIVE,7,2026-09-02 13:24:39,6.9,6.5,10,0.1,0.1,20,LOW,['INACTIVE_USER'],• User account is marked INACTIVE in HR database (+20),APPROVE,Role: Lab Technician | User Usage: 7 | Peer Avg: 6.9 | Peer Median: 6.5 | Diff: +0.1 | Last Used: 2026-09-02 13:24:39 | Evidence Codes: INACTIVE_USER,REVOKE,APPROVE
ENT-5684,USR-1194,HR,READ_WRITE,2026-06-25,ACTIVE,Karan Verma,Doctor,Outsourced Technician,Laboratory,ACTIVE,8,2026-08-30 00:41:39,9.7,9.5,18,-1.7,-1.7,10,LOW,['HIGH_PRIVILEGE'],• Elevated permission (READ_WRITE) assigned (+10),APPROVE,Role: Doctor | User Usage: 8 | Peer Avg: 9.7 | Peer Median: 9.5 | Diff: -1.7 | Last Used: 2026-08-30 00:41:39 | Evidence Codes: HIGH_PRIVILEGE,APPROVE,APPROVE
ENT-5685,USR-1194,Radiology,READ_WRITE,2025-12-10,REVOKED,Karan Verma,Doctor,Outsourced Technician,Laboratory,ACTIVE,0,Never,6.4,6.0,17,-6.4,-6.4,50,MEDIUM,"['UNUSED_PRIVILEGE', 'HIGH_PRIVILEGE']","• Privilege is completely unused in application logs (0 accesses) (+40)
• Elevated permission (READ_WRITE) assigned (+10)",REVIEW,"Role: Doctor | User Usage: 0 | Peer Avg: 6.4 | Peer Median: 6.0 | Diff: -6.4 | Last Used: Never | Evidence Codes: UNUSED_PRIVILEGE, HIGH_PRIVILEGE",APPROVE,REVOKE
ENT-5686,USR-1194,Patient Records,WRITE,2026-08-01,ACTIVE,Karan Verma,Doctor,Outsourced Technician,Laboratory,ACTIVE,8,2026-09-02 07:02:39,6.3,8.0,16,1.7,1.7,0,LOW,[],• Standard low-risk usage aligned with peer role,APPROVE,Role: Doctor | User Usage: 8 | Peer Avg: 6.3 | Peer Median: 8.0 | Diff: +1.7 | Last Used: 2026-09-02 07:02:39 | Evidence Codes: NONE,APPROVE,APPROVE
ENT-5687,USR-1195,Billing,READ,2026-08-20,ACTIVE,Rohan Martinez,Pharmacist,Outsourced Technician,ICU,ACTIVE,0,Never,6.2,6.5,14,-6.2,-6.2,50,MEDIUM,"['UNUSED_PRIVILEGE', 'RECENTLY_GRANTED']","• Privilege is completely unused in application logs (0 accesses) (+40)
• Privilege recently granted within past 30 days (2026-08-20) (+10)",REVIEW,"Role: Pharmacist | User Usage: 0 | Peer Avg: 6.2 | Peer Median: 6.5 | Diff: -6.2 | Last Used: Never | Evidence Codes: UNUSED_PRIVILEGE, RECENTLY_GRANTED",APPROVE,REVOKE
ENT-5688,USR-1195,Radiology,READ,2026-04-06,ACTIVE,Rohan Martinez,Pharmacist,Outsourced Technician,ICU,ACTIVE,14,2026-08-26 08:33:39,9.8,11.0,14,4.2,4.2,0,LOW,[],• Standard low-risk usage aligned with peer role,APPROVE,Role: Pharmacist | User Usage: 14 | Peer Avg: 9.8 | Peer Median: 11.0 | Diff: +4.2 | Last Used: 2026-08-26 08:33:39 | Evidence Codes: NONE,APPROVE,APPROVE
ENT-5689,USR-1195,Administration,READ_WRITE,2025-12-31,ACTIVE,Rohan Martinez,Pharmacist,Outsourced Technician,ICU,ACTIVE,6,2026-08-22 12:40:39,5.6,7.0,13,0.4,0.4,10,LOW,['HIGH_PRIVILEGE'],• Elevated permission (READ_WRITE) assigned (+10),APPROVE,Role: Pharmacist | User Usage: 6 | Peer Avg: 5.6 | Peer Median: 7.0 | Diff: +0.4 | Last Used: 2026-08-22 12:40:39 | Evidence Codes: HIGH_PRIVILEGE,APPROVE,APPROVE
ENT-5690,USR-1196,Pharmacy,READ_WRITE,2026-05-28,ACTIVE,John Reddy,Radiology Technician,Outsourced Technician,Pharmacy,ACTIVE,0,Never,10.3,10.5,18,-10.3,-10.3,50,MEDIUM,"['UNUSED_PRIVILEGE', 'HIGH_PRIVILEGE']","• Privilege is completely unused in application logs (0 accesses) (+40)
• Elevated permission (READ_WRITE) assigned (+10)",REVIEW,"Role: Radiology Technician | User Usage: 0 | Peer Avg: 10.3 | Peer Median: 10.5 | Diff: -10.3 | Last Used: Never | Evidence Codes: UNUSED_PRIVILEGE, HIGH_PRIVILEGE",APPROVE,REVOKE
ENT-5691,USR-1196,Radiology,WRITE,2026-06-05,ACTIVE,John Reddy,Radiology Technician,Outsourced Technician,Pharmacy,ACTIVE,5,2026-08-20 12:55:39,5.8,5.0,13,-0.8,-0.8,0,LOW,[],• Standard low-risk usage aligned with peer role,APPROVE,Role: Radiology Technician | User Usage: 5 | Peer Avg: 5.8 | Peer Median: 5.0 | Diff: -0.8 | Last Used: 2026-08-20 12:55:39 | Evidence Codes: NONE,APPROVE,APPROVE
ENT-5692,USR-1196,Billing,READ_WRITE,2026-01-09,ACTIVE,John Reddy,Radiology Technician,Outsourced Technician,Pharmacy,ACTIVE,11,2026-08-27 21:25:39,9.6,10.5,16,1.4,1.4,10,LOW,['HIGH_PRIVILEGE'],• Elevated permission (READ_WRITE) assigned (+10),APPROVE,Role: Radiology Technician | User Usage: 11 | Peer Avg: 9.6 | Peer Median: 10.5 | Diff: +1.4 | Last Used: 2026-08-27 21:25:39 | Evidence Codes: HIGH_PRIVILEGE,APPROVE,APPROVE
ENT-5693,USR-1197,Pharmacy,WRITE,2026-07-05,REVOKED,Robert Smith,Nurse,Permanent Staff,ICU,ACTIVE,0,Never,4.7,0.0,9,-4.7,-4.7,40,MEDIUM,['UNUSED_PRIVILEGE'],• Privilege is completely unused in application logs (0 accesses) (+40),REVIEW,Role: Nurse | User Usage: 0 | Peer Avg: 4.7 | Peer Median: 0.0 | Diff: -4.7 | Last Used: Never | Evidence Codes: UNUSED_PRIVILEGE,APPROVE,REVOKE
ENT-5694,USR-1197,Radiology,WRITE,2025-12-14,ACTIVE,Robert Smith,Nurse,Permanent Staff,ICU,ACTIVE,11,2026-08-31 21:07:39,8.8,9.0,15,2.2,2.2,0,LOW,[],• Standard low-risk usage aligned with peer role,APPROVE,Role: Nurse | User Usage: 11 | Peer Avg: 8.8 | Peer Median: 9.0 | Diff: +2.2 | Last Used: 2026-08-31 21:07:39 | Evidence Codes: NONE,APPROVE,APPROVE
ENT-5695,USR-1198,Billing,WRITE,2026-08-10,ACTIVE,Deepak Miller,Consultant,Visiting Consultant,Billing,ACTIVE,6,2026-07-09 10:26:39,7.4,7.0,16,-1.4,-1.4,10,LOW,['RECENTLY_GRANTED'],• Privilege recently granted within past 30 days (2026-08-10) (+10),APPROVE,Role: Consultant | User Usage: 6 | Peer Avg: 7.4 | Peer Median: 7.0 | Diff: -1.4 | Last Used: 2026-07-09 10:26:39 | Evidence Codes: RECENTLY_GRANTED,APPROVE,APPROVE
ENT-5696,USR-1198,Patient Records,WRITE,2026-06-30,REVOKED,Deepak Miller,Consultant,Visiting Consultant,Billing,ACTIVE,0,Never,9.2,10.0,11,-9.2,-9.2,40,MEDIUM,['UNUSED_PRIVILEGE'],• Privilege is completely unused in application logs (0 accesses) (+40),REVIEW,Role: Consultant | User Usage: 0 | Peer Avg: 9.2 | Peer Median: 10.0 | Diff: -9.2 | Last Used: Never | Evidence Codes: UNUSED_PRIVILEGE,APPROVE,REVOKE
ENT-5697,USR-1198,Pharmacy,READ,2025-11-26,ACTIVE,Deepak Miller,Consultant,Visiting Consultant,Billing,ACTIVE,9,2026-08-17 15:40:39,3.7,0.0,13,5.3,5.3,0,LOW,[],• Standard low-risk usage aligned with peer role,APPROVE,Role: Consultant | User Usage: 9 | Peer Avg: 3.7 | Peer Median: 0.0 | Diff: +5.3 | Last Used: 2026-08-17 15:40:39 | Evidence Codes: NONE,APPROVE,APPROVE
ENT-5698,USR-1199,Billing,WRITE,2026-05-04,ACTIVE,Sneha Smith,Doctor,Outsourced Technician,Emergency,INACTIVE,14,2026-09-03 16:00:39,9.5,10.5,12,4.5,4.5,20,LOW,['INACTIVE_USER'],• User account is marked INACTIVE in HR database (+20),APPROVE,Role: Doctor | User Usage: 14 | Peer Avg: 9.5 | Peer Median: 10.5 | Diff: +4.5 | Last Used: 2026-09-03 16:00:39 | Evidence Codes: INACTIVE_USER,REVOKE,APPROVE
ENT-5699,USR-1199,Radiology,WRITE,2026-02-15,ACTIVE,Sneha Smith,Doctor,Outsourced Technician,Emergency,INACTIVE,12,2026-08-19 13:38:39,6.4,6.0,17,5.6,5.6,20,LOW,['INACTIVE_USER'],• User account is marked INACTIVE in HR database (+20),APPROVE,Role: Doctor | User Usage: 12 | Peer Avg: 6.4 | Peer Median: 6.0 | Diff: +5.6 | Last Used: 2026-08-19 13:38:39 | Evidence Codes: INACTIVE_USER,REVOKE,APPROVE
ENT-5700,USR-1199,Laboratory,READ,2025-11-08,REVOKED,Sneha Smith,Doctor,Outsourced Technician,Emergency,INACTIVE,0,Never,5.5,5.5,16,-5.5,-5.5,60,HIGH,"['UNUSED_PRIVILEGE', 'INACTIVE_USER']","• Privilege is completely unused in application logs (0 accesses) (+40)
• User account is marked INACTIVE in HR database (+20)",REVOKE,"Role: Doctor | User Usage: 0 | Peer Avg: 5.5 | Peer Median: 5.5 | Diff: -5.5 | Last Used: Never | Evidence Codes: UNUSED_PRIVILEGE, INACTIVE_USER",REVOKE,REVOKE
ENT-5701,USR-1199,Patient Records,READ_WRITE,2025-12-28,ACTIVE,Sneha Smith,Doctor,Outsourced Technician,Emergency,INACTIVE,9,2026-09-02 12:44:39,6.3,8.0,16,2.7,2.7,30,MEDIUM,"['HIGH_PRIVILEGE', 'INACTIVE_USER']","• Elevated permission (READ_WRITE) assigned (+10)
• User account is marked INACTIVE in HR database (+20)",REVIEW,"Role: Doctor | User Usage: 9 | Peer Avg: 6.3 | Peer Median: 8.0 | Diff: +2.7 | Last Used: 2026-09-02 12:44:39 | Evidence Codes: HIGH_PRIVILEGE, INACTIVE_USER",REVOKE,MODIFY
ENT-5702,USR-1199,Administration,READ,2026-07-18,ACTIVE,Sneha Smith,Doctor,Outsourced Technician,Emergency,INACTIVE,11,2026-08-28 23:36:39,6.6,7.0,14,4.4,4.4,20,LOW,['INACTIVE_USER'],• User account is marked INACTIVE in HR database (+20),APPROVE,Role: Doctor | User Usage: 11 | Peer Avg: 6.6 | Peer Median: 7.0 | Diff: +4.4 | Last Used: 2026-08-28 23:36:39 | Evidence Codes: INACTIVE_USER,REVOKE,APPROVE
ENT-5703,USR-1200,Laboratory,WRITE,2025-12-06,REVOKED,Amit Joshi,Lab Technician,Permanent Staff,Billing,ACTIVE,0,Never,5.6,0.0,15,-5.6,-5.6,40,MEDIUM,['UNUSED_PRIVILEGE'],• Privilege is completely unused in application logs (0 accesses) (+40),REVIEW,Role: Lab Technician | User Usage: 0 | Peer Avg: 5.6 | Peer Median: 0.0 | Diff: -5.6 | Last Used: Never | Evidence Codes: UNUSED_PRIVILEGE,APPROVE,REVOKE
ENT-5704,USR-1200,Pharmacy,READ,2026-03-21,ACTIVE,Amit Joshi,Lab Technician,Permanent Staff,Billing,ACTIVE,9,2026-08-31 06:14:39,8.3,9.0,15,0.7,0.7,0,LOW,[],• Standard low-risk usage aligned with peer role,APPROVE,Role: Lab Technician | User Usage: 9 | Peer Avg: 8.3 | Peer Median: 9.0 | Diff: +0.7 | Last Used: 2026-08-31 06:14:39 | Evidence Codes: NONE,APPROVE,APPROVE
ENT-5705,USR-1200,Patient Records,ADMIN,2026-01-23,ACTIVE,Amit Joshi,Lab Technician,Permanent Staff,Billing,ACTIVE,7,2026-09-02 21:27:39,9.1,8.0,15,-2.1,-2.1,30,MEDIUM,['HIGH_PRIVILEGE'],• High-level permission (ADMIN) assigned (+30),REVIEW,Role: Lab Technician | User Usage: 7 | Peer Avg: 9.1 | Peer Median: 8.0 | Diff: -2.1 | Last Used: 2026-09-02 21:27:39 | Evidence Codes: HIGH_PRIVILEGE,APPROVE,MODIFY
ENT-5706,USR-1200,Billing,READ_WRITE,2025-11-28,ACTIVE,Amit Joshi,Lab Technician,Permanent Staff,Billing,ACTIVE,4,2026-08-18 05:30:39,6.2,6.0,15,-2.2,-2.2,10,LOW,['HIGH_PRIVILEGE'],• Elevated permission (READ_WRITE) assigned (+10),APPROVE,Role: Lab Technician | User Usage: 4 | Peer Avg: 6.2 | Peer Median: 6.0 | Diff: -2.2 | Last Used: 2026-08-18 05:30:39 | Evidence Codes: HIGH_PRIVILEGE,APPROVE,APPROVE
ENT-5707,USR-1200,Administration,WRITE,2026-04-10,ACTIVE,Amit Joshi,Lab Technician,Permanent Staff,Billing,ACTIVE,7,2026-09-02 13:44:39,7.7,8.0,13,-0.7,-0.7,0,LOW,[],• Standard low-risk usage aligned with peer role,APPROVE,Role: Lab Technician | User Usage: 7 | Peer Avg: 7.7 | Peer Median: 8.0 | Diff: -0.7 | Last Used: 2026-09-02 13:44:39 | Evidence Codes: NONE,APPROVE,APPROVE
