event_id,user_id,application,action,event_timestamp,received_timestamp
EVT-100504,USR-1184,Billing,RUN_TEST,2026-07-26 04:09:39,2026-07-26 04:10:00
EVT-100128,USR-1144,HR,DISPENSE_MED,2026-08-07 06:05:39,2026-08-07 06:06:09
EVT-101689,USR-1113,Patient Records,RUN_TEST,2026-07-05 09:32:39,2026-07-05 09:32:55
EVT-100068,USR-1057,Administration,RUN_TEST,2026-07-29 11:23:39,2026-07-29 11:23:46
EVT-101796,USR-1085,Patient Records,DELETE_LOG,2026-07-31 12:41:39,2026-07-31 12:41:53
EVT-103286,USR-1132,HR,RUN_TEST,2026-07-13 20:28:39,2026-07-13 20:29:01
EVT-101538,USR-1022,Patient Records,DELETE_LOG,2026-08-31 21:28:39,2026-08-31 21:29:07
EVT-101191,USR-1167,Administration,LOGIN,2026-08-26 18:02:39,2026-08-26 18:02:58
EVT-102547,USR-1156,Pharmacy,EXPORT_REPORT,2026-07-02 19:55:39,2026-07-02 19:56:02
EVT-100148,USR-1085,Patient Records,RUN_TEST,2026-06-26 05:14:39,2026-06-26 05:14:41
EVT-101618,USR-1090,Administration,EDIT_RECORD,2026-06-17 11:02:39,2026-06-17 11:02:53
EVT-102588,USR-1004,Administration,DISPENSE_MED,2026-08-22 17:58:39,2026-08-22 17:58:46
EVT-104553,USR-1066,Administration,EXPORT_REPORT,2026-08-12 04:31:39,2026-08-12 04:32:01
EVT-101946,USR-1007,Pharmacy,EXPORT_REPORT,2026-06-21 08:40:39,2026-06-23 23:47:39
EVT-101802,USR-1104,HR,LOGIN,2026-06-22 21:16:39,2026-06-24 09:23:39
EVT-100302,USR-1172,HR,EDIT_RECORD,2026-08-22 19:13:39,2026-08-22 19:13:48
EVT-101281,USR-1172,Radiology,EXPORT_REPORT,2026-07-10 11:02:39,2026-07-10 11:02:54
EVT-102506,USR-1171,HR,DISPENSE_MED,2026-09-01 02:29:39,2026-09-01 02:30:09
EVT-100365,USR-1100,Radiology,DISPENSE_MED,2026-06-10 07:06:39,2026-06-10 07:07:07
EVT-101645,USR-1127,Laboratory,RUN_TEST,2026-07-24 15:57:39,2026-07-24 15:57:43
EVT-105049,USR-1054,Administration,DELETE_LOG,2026-08-25 23:08:39,2026-08-25 23:08:45
EVT-102545,USR-1099,Administration,DISPENSE_MED,2026-07-31 12:54:39,2026-07-31 12:55:08
EVT-104871,USR-1015,HR,RUN_TEST,2026-07-30 19:36:39,2026-07-30 19:36:41
EVT-104369,USR-1015,Administration,DELETE_LOG,2026-08-11 03:48:39,2026-08-11 03:48:59
EVT-103785,USR-1152,HR,VIEW_RECORD,2026-06-19 10:20:39,2026-06-19 10:20:45
EVT-101502,USR-1025,Billing,EXPORT_REPORT,2026-08-15 10:26:39,2026-08-15 10:26:41
EVT-101541,USR-1147,Laboratory,DELETE_LOG,2026-06-12 16:02:39,2026-06-12 16:03:09
EVT-103259,USR-1043,Laboratory,EDIT_RECORD,2026-06-27 08:50:39,2026-06-27 08:50:45
EVT-100667,USR-1148,Pharmacy,DELETE_LOG,2026-08-19 12:06:39,2026-08-22 00:39:39
EVT-104974,USR-1119,Pharmacy,EDIT_RECORD,2026-08-03 12:42:39,2026-08-03 12:42:53
EVT-103141,USR-1027,Radiology,EDIT_RECORD,2026-07-28 21:52:39,2026-07-28 21:52:48
EVT-103557,USR-1090,Patient Records,EXPORT_REPORT,2026-09-03 06:51:39,2026-09-03 06:52:07
EVT-100964,USR-1134,Patient Records,EXPORT_REPORT,2026-08-13 21:43:39,2026-08-13 21:43:46
EVT-101285,USR-1040,HR,EXPORT_REPORT,2026-06-17 18:36:39,2026-06-17 18:36:49
EVT-102124,USR-1048,Pharmacy,DISPENSE_MED,2026-06-16 15:32:39,2026-06-16 15:32:44
EVT-100096,USR-1030,Administration,DELETE_LOG,2026-06-20 02:15:39,2026-06-20 02:15:40
EVT-105007,USR-1029,Administration,DISPENSE_MED,2026-07-02 02:01:39,2026-07-02 02:02:04
EVT-102757,USR-1019,HR,EXPORT_REPORT,2026-07-08 20:59:39,2026-07-08 21:00:08
EVT-103919,USR-1054,Administration,DISPENSE_MED,2026-08-20 08:45:39,2026-08-20 08:45:54
EVT-100861,USR-1100,Radiology,VIEW_RECORD,2026-06-27 13:08:39,2026-06-27 13:09:08
EVT-100970,USR-1165,Billing,LOGIN,2026-06-07 02:10:39,2026-06-08 07:10:39
EVT-103527,USR-1069,Radiology,RUN_TEST,2026-07-17 16:41:39,2026-07-17 16:41:43
EVT-104832,USR-1097,Patient Records,DISPENSE_MED,2026-06-18 22:05:39,2026-06-18 22:05:47
EVT-100777,USR-1130,Laboratory,LOGIN,2026-06-23 15:22:39,2026-06-23 15:22:55
EVT-101934,USR-1158,Radiology,EDIT_RECORD,2026-07-16 09:39:39,2026-07-16 09:39:43
EVT-103973,USR-1043,Laboratory,VIEW_RECORD,2026-06-23 06:42:39,2026-06-23 06:42:54
EVT-101082,USR-1172,HR,EXPORT_REPORT,2026-07-09 01:48:39,2026-07-09 01:48:42
EVT-100529,USR-1062,Billing,EXPORT_REPORT,2026-06-26 09:54:39,2026-06-26 09:54:42
EVT-101720,USR-1005,Radiology,RUN_TEST,2026-06-28 11:17:39,2026-06-28 11:17:44
EVT-100897,USR-1168,Patient Records,DISPENSE_MED,2026-06-08 13:48:39,2026-06-08 13:48:40
EVT-102140,USR-1147,Billing,EXPORT_REPORT,2026-07-07 19:26:39,2026-07-07 19:26:43
EVT-101916,USR-1150,Patient Records,LOGIN,2026-06-28 02:52:39,2026-06-28 02:53:03
EVT-102172,USR-1099,Patient Records,DISPENSE_MED,2026-07-15 19:07:39,2026-07-15 19:08:04
EVT-105154,USR-1091,Administration,DISPENSE_MED,2026-07-15 11:43:39,2026-07-15 11:44:18
EVT-101897,USR-1142,Billing,VIEW_RECORD,2026-08-07 19:11:39,2026-08-07 19:11:41
EVT-100562,USR-1044,Billing,DISPENSE_MED,2026-07-05 04:23:39,2026-07-05 04:23:52
EVT-104143,USR-1053,Radiology,DELETE_LOG,2026-08-31 16:53:39,2026-08-31 16:53:47
EVT-103589,USR-1077,Pharmacy,DISPENSE_MED,2026-06-29 21:26:39,2026-06-29 21:27:03
EVT-105170,USR-1046,Pharmacy,LOGIN,2026-06-25 16:16:39,2026-06-25 16:16:56
EVT-103082,USR-1130,Billing,VIEW_RECORD,2026-07-29 17:33:39,2026-07-30 02:04:39
EVT-104399,USR-1125,Patient Records,DISPENSE_MED,2026-07-19 13:46:39,2026-07-19 13:47:09
EVT-104796,USR-1015,Administration,DISPENSE_MED,2026-06-09 23:46:39,2026-06-09 23:46:59
EVT-100236,USR-1199,Administration,DELETE_LOG,2026-07-03 01:09:39,2026-07-03 01:09:59
EVT-104972,USR-1071,Radiology,EDIT_RECORD,2026-07-28 09:50:39,2026-07-28 09:51:03
EVT-103971,USR-1032,Radiology,RUN_TEST,2026-07-13 14:50:39,2026-07-13 14:50:57
EVT-100259,USR-1158,Radiology,LOGIN,2026-07-03 11:15:39,2026-07-03 11:16:04
EVT-104121,USR-1110,HR,LOGIN,2026-07-13 22:51:39,2026-07-13 22:51:52
EVT-103628,USR-1055,Administration,LOGIN,2026-07-31 01:00:39,2026-07-31 01:00:44
EVT-103535,USR-1171,Administration,RUN_TEST,2026-07-28 01:03:39,2026-07-28 01:03:54
EVT-101874,USR-1111,Billing,VIEW_RECORD,2026-07-24 23:58:39,2026-07-24 23:58:47
EVT-103745,USR-1166,Laboratory,EDIT_RECORD,2026-07-26 23:38:39,2026-07-28 11:30:39
EVT-101579,USR-1025,Pharmacy,VIEW_RECORD,2026-09-01 04:19:39,2026-09-01 04:19:47
EVT-104309,USR-1004,HR,VIEW_RECORD,2026-08-24 09:13:39,2026-08-24 09:14:04
EVT-103124,USR-1004,Administration,VIEW_RECORD,2026-07-02 12:32:39,2026-07-02 12:32:52
EVT-100460,USR-1103,Radiology,EDIT_RECORD,2026-06-25 19:13:39,2026-06-25 19:13:44
EVT-104853,USR-1050,Billing,RUN_TEST,2026-06-24 08:28:39,2026-06-24 08:29:02
EVT-102804,USR-1004,Administration,VIEW_RECORD,2026-06-28 12:50:39,2026-06-28 12:51:02
EVT-105194,USR-1073,Radiology,LOGIN,2026-08-16 02:12:39,2026-08-16 02:13:08
EVT-102869,USR-1193,Radiology,DISPENSE_MED,2026-08-29 10:24:39,2026-08-29 10:24:41
EVT-102720,USR-1108,Administration,DISPENSE_MED,2026-08-09 17:56:39,2026-08-09 17:56:59
EVT-104560,USR-1132,HR,VIEW_RECORD,2026-07-12 16:00:39,2026-07-12 16:00:45
EVT-104733,USR-1055,HR,DISPENSE_MED,2026-08-29 23:15:39,2026-08-29 23:15:44
EVT-102906,USR-1066,Laboratory,DISPENSE_MED,2026-07-11 16:22:39,2026-07-11 16:22:53
EVT-100926,USR-1048,Radiology,DISPENSE_MED,2026-08-06 01:55:39,2026-08-07 06:29:39
EVT-100207,USR-1027,Patient Records,DELETE_LOG,2026-08-02 16:19:39,2026-08-02 16:19:44
EVT-104798,USR-1193,Patient Records,DISPENSE_MED,2026-07-26 13:10:39,2026-07-26 13:11:02
EVT-102816,USR-1088,HR,DELETE_LOG,2026-07-03 22:13:39,2026-07-03 22:13:58
EVT-101370,USR-1135,Radiology,DELETE_LOG,2026-08-14 19:26:39,2026-08-14 19:26:48
EVT-100375,USR-1110,Patient Records,DISPENSE_MED,2026-08-05 08:27:39,2026-08-05 08:28:01
EVT-101430,USR-1148,Laboratory,DELETE_LOG,2026-09-02 07:17:39,2026-09-02 07:17:55
EVT-102372,USR-1028,HR,DISPENSE_MED,2026-08-24 03:23:39,2026-08-24 03:24:00
EVT-101804,USR-1093,Pharmacy,EDIT_RECORD,2026-08-30 21:15:39,2026-08-30 21:15:59
EVT-103095,USR-1112,HR,EDIT_RECORD,2026-08-06 16:40:39,2026-08-06 16:41:02
EVT-103856,USR-1141,HR,EXPORT_REPORT,2026-09-02 17:12:39,2026-09-02 17:12:41
EVT-101542,USR-1078,Billing,EXPORT_REPORT,2026-07-01 19:12:39,2026-07-01 19:12:52
EVT-101685,USR-1078,Patient Records,DELETE_LOG,2026-07-10 03:01:39,2026-07-10 03:02:05
EVT-105012,USR-1053,Administration,EXPORT_REPORT,2026-07-27 15:44:39,2026-07-27 15:45:00
EVT-101768,USR-1137,HR,VIEW_RECORD,2026-07-03 18:07:39,2026-07-03 18:08:09
EVT-104177,USR-1146,Patient Records,DELETE_LOG,2026-06-07 14:56:39,2026-06-07 14:57:03
EVT-101352,USR-1164,Pharmacy,RUN_TEST,2026-08-23 21:50:39,2026-08-25 01:50:39
EVT-101750,USR-1087,HR,EXPORT_REPORT,2026-08-05 08:48:39,2026-08-05 08:48:58
EVT-104676,USR-1088,Pharmacy,DELETE_LOG,2026-06-17 18:00:39,2026-06-17 18:00:59
EVT-103218,USR-1031,Radiology,EXPORT_REPORT,2026-07-24 22:53:39,2026-07-24 22:53:44
EVT-103445,USR-1099,Patient Records,DELETE_LOG,2026-07-21 03:29:39,2026-07-21 03:30:01
EVT-102485,USR-1039,Billing,DELETE_LOG,2026-08-02 05:56:39,2026-08-02 05:57:04
EVT-100333,USR-1164,Administration,EXPORT_REPORT,2026-08-18 02:14:39,2026-08-18 02:14:54
EVT-100243,USR-1086,Administration,RUN_TEST,2026-08-11 09:02:39,2026-08-11 09:02:52
EVT-101448,USR-1019,Laboratory,DISPENSE_MED,2026-07-15 10:11:39,2026-07-15 10:11:48
EVT-104024,USR-1045,Administration,EXPORT_REPORT,2026-09-02 18:06:39,2026-09-02 18:07:08
EVT-103287,USR-1182,Administration,EDIT_RECORD,2026-07-28 18:15:39,2026-07-28 18:15:40
EVT-103793,USR-1001,Laboratory,RUN_TEST,2026-08-22 14:21:39,2026-08-22 14:22:01
EVT-101605,USR-1087,Radiology,LOGIN,2026-08-09 21:17:39,2026-08-09 21:17:43
EVT-100461,USR-1162,Patient Records,EDIT_RECORD,2026-07-24 08:46:39,2026-07-24 08:46:59
EVT-100227,USR-1021,HR,DELETE_LOG,2026-07-25 17:08:39,2026-07-25 17:08:48
EVT-101000,USR-1191,Patient Records,LOGIN,2026-08-18 12:29:39,2026-08-18 12:29:48
EVT-100196,USR-1158,Pharmacy,VIEW_RECORD,2026-07-03 01:24:39,2026-07-03 01:25:05
EVT-101085,USR-1127,HR,RUN_TEST,2026-08-19 06:12:39,2026-08-19 06:12:53
EVT-102510,USR-1143,Billing,RUN_TEST,2026-08-20 17:36:39,2026-08-20 17:37:09
EVT-101331,USR-1075,Radiology,DELETE_LOG,2026-08-10 21:04:39,2026-08-10 21:04:57
EVT-101988,USR-1076,Patient Records,LOGIN,2026-07-27 02:48:39,2026-07-27 02:48:52
EVT-100039,USR-1085,Patient Records,EXPORT_REPORT,2026-07-21 06:32:39,2026-07-21 06:33:02
EVT-100785,USR-1111,Billing,EXPORT_REPORT,2026-08-25 09:15:39,2026-08-25 09:16:09
EVT-100082,USR-1124,Pharmacy,DISPENSE_MED,2026-07-13 20:26:39,2026-07-13 20:26:57
EVT-102200,USR-1072,Patient Records,DELETE_LOG,2026-07-10 14:48:39,2026-07-10 14:48:57
EVT-104152,USR-1041,Radiology,EDIT_RECORD,2026-07-14 11:59:39,2026-07-14 12:00:07
EVT-104373,USR-1110,HR,DELETE_LOG,2026-07-04 04:26:39,2026-07-04 04:26:44
EVT-104264,USR-1018,Radiology,DISPENSE_MED,2026-08-02 18:54:39,2026-08-02 18:55:00
EVT-101523,USR-1106,HR,EXPORT_REPORT,2026-07-16 03:49:39,2026-07-16 03:49:59
EVT-104029,USR-1123,Patient Records,LOGIN,2026-06-08 21:38:39,2026-06-08 21:39:00
EVT-100993,USR-1148,HR,DISPENSE_MED,2026-06-17 07:08:39,2026-06-17 07:08:46
EVT-100204,USR-1084,Patient Records,DELETE_LOG,2026-07-28 04:28:39,2026-07-28 04:28:41
EVT-103012,USR-1081,Pharmacy,DISPENSE_MED,2026-07-21 20:46:39,2026-07-21 20:46:56
EVT-100127,USR-1165,Radiology,LOGIN,2026-06-26 04:38:39,2026-06-26 04:38:53
EVT-100220,USR-1101,Billing,VIEW_RECORD,2026-08-16 04:31:39,2026-08-16 04:31:54
EVT-103790,USR-1169,Patient Records,DISPENSE_MED,2026-07-14 05:39:39,2026-07-14 05:40:08
EVT-100073,USR-1028,Radiology,DELETE_LOG,2026-08-29 18:36:39,2026-08-29 18:36:50
EVT-103352,USR-1005,Radiology,RUN_TEST,2026-08-15 16:08:39,2026-08-15 16:09:06
EVT-104545,USR-1185,Laboratory,LOGIN,2026-08-11 07:48:39,2026-08-11 07:48:55
EVT-100268,USR-1076,Billing,DISPENSE_MED,2026-06-18 17:04:39,2026-06-18 17:04:49
EVT-100413,USR-1129,HR,RUN_TEST,2026-06-13 10:30:39,2026-06-13 10:30:57
EVT-102888,USR-1134,Billing,RUN_TEST,2026-08-14 03:02:39,2026-08-14 03:03:08
EVT-105098,USR-1129,Patient Records,EDIT_RECORD,2026-06-12 06:08:39,2026-06-12 06:08:50
EVT-103680,USR-1179,Patient Records,DELETE_LOG,2026-08-08 16:13:39,2026-08-08 16:13:56
EVT-101487,USR-1030,HR,DISPENSE_MED,2026-06-17 20:37:39,2026-06-17 20:38:01
EVT-100533,USR-1070,Pharmacy,LOGIN,2026-08-07 09:48:39,2026-08-07 09:49:04
EVT-101270,USR-1037,Radiology,LOGIN,2026-08-18 20:52:39,2026-08-18 20:53:08
EVT-104259,USR-1123,HR,LOGIN,2026-08-19 20:22:39,2026-08-19 20:23:08
EVT-103733,USR-1031,Radiology,DELETE_LOG,2026-09-01 12:38:39,2026-09-01 12:38:41
EVT-102638,USR-1190,Radiology,EDIT_RECORD,2026-06-30 09:49:39,2026-06-30 09:49:46
EVT-100775,USR-1156,Patient Records,EDIT_RECORD,2026-07-02 23:54:39,2026-07-02 23:55:01
EVT-103848,USR-1180,HR,EXPORT_REPORT,2026-06-06 05:36:39,2026-06-06 05:37:04
EVT-100680,USR-1069,Radiology,EXPORT_REPORT,2026-07-27 08:04:39,2026-07-27 08:04:48
EVT-105161,USR-1061,Billing,RUN_TEST,2026-07-30 19:35:39,2026-08-01 05:49:39
EVT-100975,USR-1083,Administration,DELETE_LOG,2026-06-15 07:25:39,2026-06-15 07:26:09
EVT-101896,USR-1027,Laboratory,EXPORT_REPORT,2026-07-12 08:05:39,2026-07-12 08:06:04
EVT-100508,USR-1132,Billing,EXPORT_REPORT,2026-08-22 12:46:39,2026-08-22 12:46:41
EVT-101305,USR-1189,Laboratory,DELETE_LOG,2026-06-14 13:03:39,2026-06-17 06:16:39
EVT-104931,USR-1130,Laboratory,RUN_TEST,2026-06-21 04:52:39,2026-06-21 04:53:05
EVT-102026,USR-1166,Billing,DISPENSE_MED,2026-07-21 06:08:39,2026-07-21 06:08:48
EVT-103974,USR-1143,HR,RUN_TEST,2026-07-15 07:37:39,2026-07-15 07:38:07
EVT-104851,USR-1086,Patient Records,DELETE_LOG,2026-07-07 20:47:39,2026-07-07 20:47:48
EVT-104863,USR-1148,Radiology,EDIT_RECORD,2026-06-17 00:35:39,2026-06-17 00:35:51
EVT-100080,USR-1134,Billing,RUN_TEST,2026-07-19 22:10:39,2026-07-19 22:10:53
EVT-105125,USR-1111,Billing,EDIT_RECORD,2026-08-18 11:25:39,2026-08-18 11:25:41
EVT-104284,USR-1086,Billing,LOGIN,2026-08-24 20:39:39,2026-08-24 20:39:58
EVT-102081,USR-1165,Administration,EDIT_RECORD,2026-08-06 23:41:39,2026-08-06 23:41:57
EVT-104890,USR-1142,Administration,LOGIN,2026-07-22 22:22:39,2026-07-22 22:22:54
EVT-102355,USR-1025,Pharmacy,EDIT_RECORD,2026-08-23 04:42:39,2026-08-23 04:42:57
EVT-102029,USR-1111,HR,DELETE_LOG,2026-07-04 21:02:39,2026-07-04 21:02:53
EVT-101449,USR-1168,Radiology,RUN_TEST,2026-07-20 04:24:39,2026-07-20 04:24:47
EVT-102398,USR-1112,HR,DELETE_LOG,2026-06-06 23:40:39,2026-06-06 23:40:47
EVT-100565,USR-1066,Laboratory,VIEW_RECORD,2026-09-01 03:50:39,2026-09-01 03:50:41
EVT-101026,USR-1054,Billing,DISPENSE_MED,2026-08-29 01:35:39,2026-08-29 01:35:46
EVT-INV-30,USR-INVALID-9999,Patient Records,INVALID_ACTION,2026-09-03 20:45:39,2026-09-03 20:45:39
EVT-103738,USR-1076,Billing,DISPENSE_MED,2026-07-04 11:38:39,2026-07-04 11:38:48
EVT-103662,USR-1146,Patient Records,DISPENSE_MED,2026-06-08 19:03:39,2026-06-08 19:04:09
EVT-103132,USR-1082,Pharmacy,RUN_TEST,2026-06-23 00:19:39,2026-06-23 00:19:41
EVT-102364,USR-1048,Administration,VIEW_RECORD,2026-08-05 00:21:39,2026-08-05 00:22:01
EVT-100158,USR-1039,Billing,DELETE_LOG,2026-08-19 22:30:39,2026-08-19 22:30:43
EVT-100512,USR-1112,HR,LOGIN,2026-07-11 08:45:39,2026-07-11 08:45:57
EVT-INV-10,USR-INVALID-9999,UnknownApp,INVALID_ACTION,2026-09-03 20:45:39,2026-09-03 20:45:39
EVT-103413,USR-1153,Laboratory,LOGIN,2026-06-14 08:02:39,2026-06-14 08:02:54
EVT-101030,USR-1150,Radiology,LOGIN,2026-08-17 20:55:39,2026-08-17 20:56:09
EVT-104523,USR-1036,Laboratory,LOGIN,2026-08-30 13:33:39,2026-08-30 21:49:39
EVT-103237,USR-1177,HR,RUN_TEST,2026-06-09 10:24:39,2026-06-09 10:24:57
EVT-104483,USR-1138,Laboratory,DISPENSE_MED,2026-08-24 05:39:39,2026-08-24 05:39:56
EVT-103295,USR-1065,Laboratory,EDIT_RECORD,2026-07-16 09:32:39,2026-07-16 09:32:59
EVT-102654,USR-1044,Pharmacy,RUN_TEST,2026-07-01 13:53:39,2026-07-01 13:53:49
EVT-101571,USR-1168,Patient Records,EXPORT_REPORT,2026-07-27 15:27:39,2026-07-27 15:27:50
EVT-101954,USR-1039,Radiology,RUN_TEST,2026-07-29 20:43:39,2026-07-29 20:43:47
EVT-104823,USR-1072,Patient Records,EDIT_RECORD,2026-09-02 19:34:39,2026-09-02 19:34:53
EVT-104844,USR-1067,Laboratory,LOGIN,2026-07-07 16:36:39,2026-07-07 16:36:40
EVT-103910,USR-1189,Patient Records,DISPENSE_MED,2026-07-27 10:42:39,2026-07-27 10:42:42
EVT-103929,USR-1167,HR,EXPORT_REPORT,2026-07-18 08:29:39,2026-07-18 08:30:06
EVT-100325,USR-1181,Radiology,DELETE_LOG,2026-08-28 16:19:39,2026-08-29 07:39:39
EVT-102107,USR-1018,Billing,EDIT_RECORD,2026-08-01 21:21:39,2026-08-01 21:22:06
EVT-104220,USR-1185,Laboratory,DELETE_LOG,2026-07-08 11:55:39,2026-07-08 11:56:02
EVT-104501,USR-1152,Patient Records,EDIT_RECORD,2026-07-14 23:17:39,2026-07-14 23:17:59
EVT-102183,USR-1132,Laboratory,RUN_TEST,2026-07-09 10:31:39,2026-07-09 10:31:42
EVT-103764,USR-1081,Pharmacy,RUN_TEST,2026-06-20 01:00:39,2026-06-20 01:00:49
EVT-101428,USR-1085,Billing,RUN_TEST,2026-06-25 04:16:39,2026-06-25 04:17:03
EVT-103305,USR-1039,HR,VIEW_RECORD,2026-08-16 05:43:39,2026-08-16 05:43:46
EVT-101898,USR-1042,Pharmacy,RUN_TEST,2026-06-14 04:34:39,2026-06-14 04:34:56
EVT-101672,USR-1030,Radiology,EDIT_RECORD,2026-07-24 02:36:39,2026-07-26 04:44:39
EVT-104926,USR-1100,Patient Records,DELETE_LOG,2026-08-12 13:24:39,2026-08-12 13:25:07
EVT-103885,USR-1104,HR,DELETE_LOG,2026-08-25 11:18:39,2026-08-25 11:18:43
EVT-105152,USR-1147,Laboratory,DISPENSE_MED,2026-08-11 12:38:39,2026-08-11 12:39:07
EVT-104932,USR-1062,Billing,DELETE_LOG,2026-06-08 13:27:39,2026-06-08 13:27:55
EVT-102798,USR-1028,Patient Records,EXPORT_REPORT,2026-08-21 15:53:39,2026-08-21 15:53:57
EVT-105190,USR-1101,Patient Records,DELETE_LOG,2026-08-16 06:57:39,2026-08-16 06:57:47
EVT-101925,USR-1111,Administration,DISPENSE_MED,2026-06-21 18:50:39,2026-06-21 18:50:55
EVT-102101,USR-1172,Patient Records,VIEW_RECORD,2026-06-26 09:50:39,2026-06-26 09:50:52
EVT-101491,USR-1033,Laboratory,RUN_TEST,2026-06-06 21:32:39,2026-06-06 21:33:03
EVT-104988,USR-1095,HR,DELETE_LOG,2026-06-22 11:00:39,2026-06-22 11:00:40
EVT-102950,USR-1083,Administration,DELETE_LOG,2026-06-24 11:31:39,2026-06-24 11:32:07
EVT-103813,USR-1147,Billing,LOGIN,2026-07-27 04:00:39,2026-07-27 04:01:07
EVT-100085,USR-1166,Billing,VIEW_RECORD,2026-07-21 11:01:39,2026-07-21 11:01:58
EVT-102027,USR-1011,Billing,LOGIN,2026-07-15 02:00:39,2026-07-15 02:01:00
EVT-105116,USR-1010,Billing,DELETE_LOG,2026-06-15 05:08:39,2026-06-15 05:08:53
EVT-102331,USR-1027,Laboratory,LOGIN,2026-06-09 20:36:39,2026-06-09 20:36:40
EVT-102539,USR-1026,Billing,DISPENSE_MED,2026-06-20 15:05:39,2026-06-20 15:06:09
EVT-104076,USR-1082,Pharmacy,RUN_TEST,2026-08-01 01:22:39,2026-08-01 01:22:57
EVT-102860,USR-1044,HR,RUN_TEST,2026-07-17 13:49:39,2026-07-18 10:31:39
EVT-101414,USR-1033,Billing,RUN_TEST,2026-06-21 10:46:39,2026-06-21 10:47:08
EVT-104849,USR-1006,Pharmacy,DISPENSE_MED,2026-06-15 21:12:39,2026-06-15 21:12:52
EVT-102909,USR-1155,Patient Records,LOGIN,2026-08-09 14:52:39,2026-08-09 14:52:57
EVT-102967,USR-1093,Billing,RUN_TEST,2026-07-23 09:25:39,2026-07-23 09:25:56
EVT-102266,USR-1138,Laboratory,RUN_TEST,2026-06-06 13:24:39,2026-06-06 13:24:59
EVT-103224,USR-1195,Radiology,DISPENSE_MED,2026-08-24 23:41:39,2026-08-24 23:41:45
EVT-102246,USR-1141,Radiology,VIEW_RECORD,2026-08-25 18:35:39,2026-08-25 18:35:46
EVT-103571,USR-1054,Pharmacy,EXPORT_REPORT,2026-08-10 16:29:39,2026-08-10 16:29:52
EVT-103088,USR-1073,Administration,LOGIN,2026-06-18 00:28:39,2026-06-18 00:28:52
EVT-100072,USR-1037,Pharmacy,LOGIN,2026-06-29 08:19:39,2026-06-29 08:19:52
EVT-101603,USR-1106,HR,EXPORT_REPORT,2026-06-27 00:49:39,2026-06-27 00:50:06
EVT-104503,USR-1036,Pharmacy,RUN_TEST,2026-08-17 05:58:39,2026-08-17 05:59:05
EVT-102257,USR-1144,Administration,DISPENSE_MED,2026-08-20 00:24:39,2026-08-20 00:25:04
EVT-105003,USR-1113,Billing,DISPENSE_MED,2026-06-27 00:45:39,2026-06-27 00:45:48
EVT-101315,USR-1160,Administration,DELETE_LOG,2026-07-25 20:58:39,2026-07-25 20:58:51
EVT-102879,USR-1056,Pharmacy,EDIT_RECORD,2026-07-23 14:02:39,2026-07-23 14:03:09
EVT-102188,USR-1041,Administration,RUN_TEST,2026-06-17 06:33:39,2026-06-17 06:34:09
EVT-105186,USR-1143,Billing,DELETE_LOG,2026-07-13 01:15:39,2026-07-13 01:16:04
EVT-104212,USR-1150,Laboratory,DISPENSE_MED,2026-08-30 17:14:39,2026-08-30 17:14:52
EVT-103921,USR-1018,Patient Records,RUN_TEST,2026-07-18 12:43:39,2026-07-18 12:43:58
EVT-104391,USR-1172,Radiology,VIEW_RECORD,2026-07-15 02:45:39,2026-07-15 02:45:45
EVT-100584,USR-1113,Billing,RUN_TEST,2026-09-01 10:00:39,2026-09-01 10:01:00
EVT-100829,USR-1071,Radiology,VIEW_RECORD,2026-08-25 06:53:39,2026-08-25 06:53:58
EVT-100167,USR-1025,Pharmacy,VIEW_RECORD,2026-06-08 10:40:39,2026-06-08 10:40:59
EVT-105052,USR-1161,Laboratory,DISPENSE_MED,2026-06-18 01:03:39,2026-06-18 01:03:55
EVT-103405,USR-1179,Patient Records,RUN_TEST,2026-08-04 09:17:39,2026-08-04 09:18:06
EVT-104528,USR-1035,Radiology,DELETE_LOG,2026-07-14 09:46:39,2026-07-14 09:46:54
EVT-102836,USR-1130,HR,EDIT_RECORD,2026-07-12 13:22:39,2026-07-12 13:22:56
EVT-103504,USR-1083,Patient Records,RUN_TEST,2026-08-19 05:20:39,2026-08-19 05:20:58
EVT-105048,USR-1057,Administration,RUN_TEST,2026-08-16 08:58:39,2026-08-16 08:58:50
EVT-103545,USR-1087,Laboratory,DELETE_LOG,2026-08-06 22:27:39,2026-08-06 22:27:47
EVT-104019,USR-1087,HR,DISPENSE_MED,2026-07-11 17:03:39,2026-07-11 17:04:09
EVT-104818,USR-1054,Pharmacy,VIEW_RECORD,2026-07-18 07:37:39,2026-07-18 07:37:42
EVT-102796,USR-1111,HR,DISPENSE_MED,2026-06-27 06:16:39,2026-06-27 06:17:01
EVT-103817,USR-1012,Billing,DISPENSE_MED,2026-07-08 06:46:39,2026-07-08 06:46:59
EVT-101957,USR-1075,Administration,DELETE_LOG,2026-09-02 01:00:39,2026-09-02 01:00:56
EVT-102763,USR-1046,Billing,EDIT_RECORD,2026-06-23 12:03:39,2026-06-23 12:04:07
EVT-102007,USR-1118,Billing,DELETE_LOG,2026-06-12 21:32:39,2026-06-12 21:32:58
EVT-101871,USR-1103,Radiology,LOGIN,2026-07-02 18:43:39,2026-07-02 18:44:03
EVT-104862,USR-1151,HR,DISPENSE_MED,2026-07-17 00:01:39,2026-07-19 09:20:39
EVT-102225,USR-1106,Pharmacy,DISPENSE_MED,2026-07-06 20:21:39,2026-07-06 20:21:56
EVT-103525,USR-1151,HR,LOGIN,2026-08-09 01:29:39,2026-08-09 01:30:05
EVT-102933,USR-1072,Laboratory,EDIT_RECORD,2026-08-02 17:02:39,2026-08-02 17:02:47
EVT-101789,USR-1147,Pharmacy,LOGIN,2026-06-15 01:57:39,2026-06-15 01:57:54
EVT-104727,USR-1058,HR,LOGIN,2026-07-06 05:42:39,2026-07-06 05:42:44
EVT-104227,USR-1098,HR,RUN_TEST,2026-07-04 20:21:39,2026-07-04 20:21:58
EVT-105138,USR-1132,Laboratory,DISPENSE_MED,2026-07-14 22:42:39,2026-07-14 22:42:48
EVT-102198,USR-1144,Administration,DELETE_LOG,2026-07-30 19:01:39,2026-07-30 19:01:53
EVT-104455,USR-1121,Pharmacy,RUN_TEST,2026-07-29 19:37:39,2026-07-29 19:37:43
EVT-100593,USR-1041,Billing,LOGIN,2026-06-22 06:57:39,2026-06-22 06:58:02
EVT-100203,USR-1069,Pharmacy,DELETE_LOG,2026-07-16 23:44:39,2026-07-16 23:44:54
EVT-103487,USR-1019,Pharmacy,EXPORT_REPORT,2026-07-18 03:13:39,2026-07-19 06:38:39
EVT-102487,USR-1163,HR,VIEW_RECORD,2026-06-29 04:28:39,2026-06-29 04:28:59
EVT-103513,USR-1115,Pharmacy,EXPORT_REPORT,2026-06-14 12:05:39,2026-06-14 12:05:58
EVT-102413,USR-1182,Administration,RUN_TEST,2026-06-08 12:11:39,2026-06-08 12:11:51
EVT-104534,USR-1148,Laboratory,DISPENSE_MED,2026-07-31 23:19:39,2026-07-31 23:19:43
EVT-102192,USR-1010,Billing,RUN_TEST,2026-07-23 21:18:39,2026-07-23 21:19:01
EVT-104123,USR-1051,Pharmacy,DELETE_LOG,2026-06-24 13:47:39,2026-06-24 13:48:00
EVT-101573,USR-1156,Pharmacy,VIEW_RECORD,2026-07-05 19:42:39,2026-07-05 19:42:59
EVT-103511,USR-1150,Pharmacy,DELETE_LOG,2026-07-03 23:03:39,2026-07-03 23:03:48
EVT-101922,USR-1061,Billing,EXPORT_REPORT,2026-08-31 14:55:39,2026-08-31 14:56:00
EVT-102565,USR-1009,Radiology,EDIT_RECORD,2026-07-19 20:16:39,2026-07-19 20:16:45
EVT-102577,USR-1198,Pharmacy,DISPENSE_MED,2026-07-24 22:26:39,2026-07-24 22:26:47
EVT-100846,USR-1195,Radiology,EDIT_RECORD,2026-06-14 22:35:39,2026-06-14 22:35:45
EVT-103110,USR-1029,Radiology,EXPORT_REPORT,2026-07-21 20:42:39,2026-07-21 20:43:03
EVT-100746,USR-1148,Radiology,DELETE_LOG,2026-07-05 23:57:39,2026-07-05 23:57:59
EVT-102161,USR-1006,Patient Records,EDIT_RECORD,2026-07-29 04:32:39,2026-07-29 17:15:39
EVT-103548,USR-1055,Administration,DELETE_LOG,2026-08-05 04:39:39,2026-08-05 04:39:42
EVT-101913,USR-1072,Patient Records,EXPORT_REPORT,2026-06-12 04:46:39,2026-06-12 04:46:54
EVT-102746,USR-1109,Administration,VIEW_RECORD,2026-08-21 00:09:39,2026-08-21 00:10:09
EVT-102393,USR-1195,Radiology,DISPENSE_MED,2026-07-23 06:23:39,2026-07-23 06:24:03
EVT-101558,USR-1066,Laboratory,DELETE_LOG,2026-07-11 20:42:39,2026-07-11 20:42:59
EVT-101006,USR-1105,Patient Records,DELETE_LOG,2026-07-03 15:33:39,2026-07-03 15:33:46
EVT-100366,USR-1088,Pharmacy,VIEW_RECORD,2026-06-28 09:54:39,2026-06-28 09:55:09
EVT-101852,USR-1166,Laboratory,RUN_TEST,2026-08-27 19:34:39,2026-08-27 19:34:50
EVT-103155,USR-1111,Billing,DISPENSE_MED,2026-09-03 17:35:39,2026-09-03 17:35:52
EVT-104195,USR-1159,HR,DELETE_LOG,2026-08-23 15:09:39,2026-08-23 15:09:46
EVT-104500,USR-1093,Administration,RUN_TEST,2026-07-24 05:48:39,2026-07-24 05:49:01
EVT-103300,USR-1178,Patient Records,EXPORT_REPORT,2026-08-24 22:43:39,2026-08-24 22:43:57
EVT-100301,USR-1124,Pharmacy,VIEW_RECORD,2026-07-19 20:16:39,2026-07-19 20:17:05
EVT-100121,USR-1132,Laboratory,RUN_TEST,2026-07-16 14:09:39,2026-07-16 14:09:46
EVT-103630,USR-1045,HR,DISPENSE_MED,2026-08-22 11:41:39,2026-08-22 11:42:01
EVT-100885,USR-1090,Laboratory,DISPENSE_MED,2026-06-08 08:39:39,2026-06-08 08:39:54
EVT-100752,USR-1153,Patient Records,VIEW_RECORD,2026-07-06 17:23:39,2026-07-06 17:24:06
EVT-102334,USR-1152,Administration,DISPENSE_MED,2026-06-09 18:19:39,2026-06-09 18:19:49
EVT-104784,USR-1134,HR,RUN_TEST,2026-07-27 03:46:39,2026-07-27 03:46:48
EVT-102222,USR-1069,HR,DISPENSE_MED,2026-07-22 10:48:39,2026-07-22 10:48:45
EVT-102938,USR-1157,Laboratory,DISPENSE_MED,2026-07-26 03:40:39,2026-07-26 03:41:09
EVT-104524,USR-1110,Patient Records,EDIT_RECORD,2026-06-30 07:27:39,2026-06-30 07:28:01
EVT-101113,USR-1010,HR,VIEW_RECORD,2026-07-23 00:28:39,2026-07-23 00:28:56
EVT-101832,USR-1121,Radiology,EXPORT_REPORT,2026-06-11 16:48:39,2026-06-11 16:49:09
EVT-102729,USR-1047,Billing,LOGIN,2026-08-22 03:07:39,2026-08-22 03:07:56
EVT-101034,USR-1170,Radiology,DISPENSE_MED,2026-08-20 13:43:39,2026-08-20 13:43:44
EVT-103180,USR-1027,Laboratory,EXPORT_REPORT,2026-06-10 20:27:39,2026-06-10 20:27:48
EVT-103075,USR-1193,Billing,LOGIN,2026-07-28 18:55:39,2026-07-28 18:56:05
EVT-100510,USR-1130,HR,EDIT_RECORD,2026-08-08 07:37:39,2026-08-08 07:38:09
EVT-102946,USR-1094,Radiology,EDIT_RECORD,2026-07-24 14:57:39,2026-07-24 14:57:44
EVT-101103,USR-1015,HR,DISPENSE_MED,2026-07-18 09:35:39,2026-07-18 09:35:54
EVT-101621,USR-1180,HR,EXPORT_REPORT,2026-06-16 20:33:39,2026-06-16 20:34:08
EVT-102207,USR-1029,HR,VIEW_RECORD,2026-08-01 12:12:39,2026-08-01 12:13:00
EVT-102033,USR-1121,Pharmacy,LOGIN,2026-07-12 12:13:39,2026-07-12 12:13:43
EVT-100480,USR-1159,Administration,DELETE_LOG,2026-08-09 13:37:39,2026-08-09 13:37:42
EVT-100358,USR-1007,Laboratory,EXPORT_REPORT,2026-07-25 23:58:39,2026-07-25 23:58:44
EVT-100422,USR-1078,Billing,LOGIN,2026-07-24 16:23:39,2026-07-24 16:23:42
EVT-103438,USR-1096,Radiology,LOGIN,2026-07-29 14:32:39,2026-07-29 14:32:43
EVT-102980,USR-1148,Laboratory,DISPENSE_MED,2026-08-22 23:52:39,2026-08-22 23:52:41
EVT-100124,USR-1025,Billing,EXPORT_REPORT,2026-06-10 22:31:39,2026-06-10 22:31:45
EVT-100692,USR-1053,Administration,EDIT_RECORD,2026-06-13 16:35:39,2026-06-13 16:35:59
EVT-103613,USR-1001,HR,DELETE_LOG,2026-07-13 15:10:39,2026-07-13 15:10:54
EVT-102407,USR-1141,Administration,EXPORT_REPORT,2026-07-10 08:07:39,2026-07-10 08:07:42
EVT-104226,USR-1143,Radiology,RUN_TEST,2026-08-08 06:48:39,2026-08-08 06:48:44
EVT-102385,USR-1187,Laboratory,DELETE_LOG,2026-08-21 01:13:39,2026-08-21 01:13:56
EVT-103687,USR-1163,Laboratory,DELETE_LOG,2026-06-16 11:29:39,2026-06-16 11:29:59
EVT-100462,USR-1037,Radiology,VIEW_RECORD,2026-07-01 01:47:39,2026-07-01 01:47:45
EVT-100097,USR-1078,Patient Records,EXPORT_REPORT,2026-06-22 15:47:39,2026-06-22 15:47:54
EVT-104646,USR-1030,HR,RUN_TEST,2026-08-12 12:48:39,2026-08-12 12:48:47
EVT-100776,USR-1024,Laboratory,VIEW_RECORD,2026-08-19 02:12:39,2026-08-19 02:12:59
EVT-103551,USR-1071,Radiology,VIEW_RECORD,2026-07-03 18:55:39,2026-07-03 18:55:49
EVT-103387,USR-1034,Laboratory,EXPORT_REPORT,2026-08-24 03:25:39,2026-08-24 03:26:08
EVT-104288,USR-1147,Laboratory,LOGIN,2026-08-20 03:56:39,2026-08-20 03:56:54
EVT-101748,USR-1189,Pharmacy,DISPENSE_MED,2026-07-10 17:17:39,2026-07-10 17:17:58
EVT-103302,USR-1002,Laboratory,EXPORT_REPORT,2026-06-07 08:21:39,2026-06-07 08:21:59
EVT-101453,USR-1150,Laboratory,RUN_TEST,2026-07-10 18:56:39,2026-07-10 18:57:06
EVT-104718,USR-1195,Administration,EXPORT_REPORT,2026-08-22 12:40:39,2026-08-22 12:40:51
EVT-101643,USR-1132,Billing,LOGIN,2026-06-28 01:13:39,2026-06-28 01:13:40
EVT-102221,USR-1057,Pharmacy,EDIT_RECORD,2026-06-30 05:24:39,2026-06-30 05:25:17
EVT-101154,USR-1094,Laboratory,DELETE_LOG,2026-08-25 16:32:39,2026-08-27 06:51:39
EVT-102524,USR-1116,HR,DISPENSE_MED,2026-08-07 00:31:39,2026-08-07 00:32:05
EVT-104458,USR-1035,Laboratory,EXPORT_REPORT,2026-09-03 16:35:39,2026-09-03 16:35:57
EVT-100983,USR-1137,Pharmacy,VIEW_RECORD,2026-08-05 00:56:39,2026-08-05 00:57:00
EVT-103176,USR-1107,Patient Records,EXPORT_REPORT,2026-06-17 05:39:39,2026-06-17 05:39:55
EVT-102678,USR-1199,Radiology,VIEW_RECORD,2026-06-24 02:46:39,2026-06-24 02:47:07
EVT-101266,USR-1011,Patient Records,DISPENSE_MED,2026-08-28 20:40:39,2026-08-28 20:40:42
EVT-100503,USR-1154,Radiology,LOGIN,2026-07-11 08:28:39,2026-07-11 08:28:58
EVT-100588,USR-1138,Patient Records,LOGIN,2026-06-16 18:32:39,2026-06-16 18:32:50
EVT-100711,USR-1138,Laboratory,EDIT_RECORD,2026-07-11 18:42:39,2026-07-11 18:42:50
EVT-102177,USR-1044,Pharmacy,DELETE_LOG,2026-07-23 15:19:39,2026-07-23 15:20:09
EVT-103670,USR-1084,Patient Records,RUN_TEST,2026-08-23 16:51:39,2026-08-23 22:29:39
EVT-104965,USR-1056,Pharmacy,RUN_TEST,2026-07-04 00:32:39,2026-07-04 00:32:41
EVT-100260,USR-1171,HR,DISPENSE_MED,2026-08-05 01:31:39,2026-08-05 01:32:01
EVT-100931,USR-1058,Radiology,DELETE_LOG,2026-09-01 16:17:39,2026-09-01 16:18:00
EVT-104640,USR-1077,Pharmacy,LOGIN,2026-08-09 01:39:39,2026-08-09 01:40:08
EVT-103383,USR-1135,Pharmacy,RUN_TEST,2026-06-13 05:30:39,2026-06-13 05:30:47
EVT-101091,USR-1113,Billing,VIEW_RECORD,2026-07-20 01:01:39,2026-07-20 01:01:40
EVT-102739,USR-1053,Radiology,VIEW_RECORD,2026-06-08 23:48:39,2026-06-08 23:48:56
EVT-100157,USR-1020,HR,EDIT_RECORD,2026-08-05 08:48:39,2026-08-05 08:49:09
EVT-101919,USR-1083,Pharmacy,EXPORT_REPORT,2026-07-03 05:56:39,2026-07-03 05:57:09
EVT-100215,USR-1084,Patient Records,LOGIN,2026-06-25 01:39:39,2026-06-25 01:39:42
EVT-105085,USR-1123,HR,DELETE_LOG,2026-06-24 20:31:39,2026-06-24 20:31:50
EVT-102173,USR-1072,Laboratory,DISPENSE_MED,2026-06-13 21:41:39,2026-06-13 21:41:50
EVT-INV-12,USR-INVALID-9999,Patient Records,INVALID_ACTION,2026-09-03 20:45:39,2026-09-03 20:45:39
EVT-105014,USR-1158,Patient Records,EXPORT_REPORT,2026-08-07 05:16:39,2026-08-07 05:16:46
EVT-102892,USR-1082,Administration,DELETE_LOG,2026-07-10 01:31:39,2026-07-10 01:31:44
EVT-101569,USR-1156,Patient Records,DISPENSE_MED,2026-08-25 16:50:39,2026-08-25 16:50:40
EVT-102289,USR-1079,Laboratory,RUN_TEST,2026-07-16 02:43:39,2026-07-16 02:43:48
EVT-104754,USR-1068,Radiology,DISPENSE_MED,2026-08-29 12:20:39,2026-08-29 12:20:56
EVT-103469,USR-1127,HR,EDIT_RECORD,2026-06-23 04:40:39,2026-06-24 14:02:39
EVT-INV-16,USR-INVALID-9999,UnknownApp,INVALID_ACTION,2026-09-03 20:45:39,2026-09-03 20:45:39
EVT-102115,USR-1098,HR,EXPORT_REPORT,2026-06-29 04:13:39,2026-06-29 04:14:07
EVT-104895,USR-1101,Billing,RUN_TEST,2026-06-15 20:18:39,2026-06-15 20:19:00
EVT-104058,USR-1049,Radiology,EXPORT_REPORT,2026-08-04 10:00:39,2026-08-04 10:01:09
EVT-100670,USR-1045,Administration,DISPENSE_MED,2026-06-20 13:35:39,2026-06-20 13:35:43
EVT-101334,USR-1116,HR,VIEW_RECORD,2026-08-17 16:36:39,2026-08-17 16:36:58
EVT-101755,USR-1014,Pharmacy,EXPORT_REPORT,2026-06-23 10:44:39,2026-06-23 10:45:08
EVT-102606,USR-1019,HR,EDIT_RECORD,2026-06-18 06:13:39,2026-06-18 06:14:09
EVT-102394,USR-1004,Laboratory,EDIT_RECORD,2026-09-03 19:59:39,2026-09-03 20:00:02
EVT-102726,USR-1061,Billing,DELETE_LOG,2026-08-31 17:19:39,2026-08-31 17:19:50
EVT-102310,USR-1093,Billing,LOGIN,2026-07-29 07:45:39,2026-07-29 07:45:40
EVT-102598,USR-1010,Billing,DISPENSE_MED,2026-07-14 05:16:39,2026-07-14 05:16:48
EVT-100844,USR-1135,Radiology,EDIT_RECORD,2026-07-21 15:14:39,2026-07-22 12:44:39
EVT-104168,USR-1073,Radiology,DISPENSE_MED,2026-06-21 12:55:39,2026-06-21 12:56:04
EVT-100005,USR-1100,Patient Records,VIEW_RECORD,2026-07-30 20:09:39,2026-07-30 20:09:54
EVT-102852,USR-1168,Radiology,VIEW_RECORD,2026-06-13 08:13:39,2026-06-13 08:13:44
EVT-101047,USR-1116,Laboratory,EXPORT_REPORT,2026-07-26 12:52:39,2026-07-26 12:53:09
EVT-105100,USR-1053,Administration,VIEW_RECORD,2026-08-18 00:23:39,2026-08-18 00:24:06
EVT-104374,USR-1007,Pharmacy,RUN_TEST,2026-06-16 11:23:39,2026-06-16 11:23:45
EVT-101674,USR-1135,Pharmacy,DELETE_LOG,2026-06-17 02:51:39,2026-06-17 02:51:59
EVT-101668,USR-1019,Laboratory,EDIT_RECORD,2026-06-19 19:53:39,2026-06-19 19:54:06
EVT-103428,USR-1166,Pharmacy,LOGIN,2026-07-10 23:39:39,2026-07-10 23:39:52
EVT-101622,USR-1084,Patient Records,LOGIN,2026-08-24 18:42:39,2026-08-26 14:14:39
EVT-103804,USR-1150,HR,VIEW_RECORD,2026-08-30 14:11:39,2026-08-30 14:11:52
EVT-100214,USR-1123,HR,RUN_TEST,2026-08-07 08:20:39,2026-08-07 08:20:51
EVT-101135,USR-1047,Patient Records,EXPORT_REPORT,2026-06-12 09:48:39,2026-06-12 09:49:02
EVT-100433,USR-1056,Radiology,DELETE_LOG,2026-08-16 00:14:39,2026-08-16 00:14:42
EVT-101608,USR-1084,Patient Records,DELETE_LOG,2026-07-13 11:00:39,2026-07-13 11:01:09
EVT-101705,USR-1132,Billing,RUN_TEST,2026-08-18 04:11:39,2026-08-18 04:12:08
EVT-101816,USR-1006,Pharmacy,DELETE_LOG,2026-06-24 03:29:39,2026-06-24 03:29:47
EVT-103836,USR-1189,HR,EXPORT_REPORT,2026-06-26 17:07:39,2026-06-26 17:07:50
EVT-104460,USR-1198,Pharmacy,VIEW_RECORD,2026-07-05 19:00:39,2026-07-05 19:01:04
EVT-103892,USR-1182,Laboratory,LOGIN,2026-07-02 21:48:39,2026-07-02 21:48:54
EVT-103116,USR-1180,HR,EDIT_RECORD,2026-07-06 19:37:39,2026-07-06 19:38:03
EVT-100070,USR-1163,Administration,DISPENSE_MED,2026-06-20 16:59:39,2026-06-20 17:00:02
EVT-103869,USR-1152,Administration,DISPENSE_MED,2026-07-11 00:00:39,2026-07-11 00:00:54
EVT-101069,USR-1072,Patient Records,EXPORT_REPORT,2026-06-14 05:13:39,2026-06-14 05:14:02
EVT-102643,USR-1072,Billing,VIEW_RECORD,2026-07-31 21:05:39,2026-07-31 21:05:58
EVT-104191,USR-1096,Patient Records,VIEW_RECORD,2026-07-21 19:47:39,2026-07-21 19:47:45
EVT-103247,USR-1030,Administration,RUN_TEST,2026-07-25 14:26:39,2026-07-25 14:27:03
EVT-100437,USR-1045,Laboratory,VIEW_RECORD,2026-07-06 20:48:39,2026-07-06 20:48:42
EVT-103126,USR-1150,Laboratory,RUN_TEST,2026-08-01 18:03:39,2026-08-01 18:03:59
EVT-100298,USR-1042,Pharmacy,EDIT_RECORD,2026-08-29 06:35:39,2026-08-29 06:35:58
EVT-104650,USR-1130,Billing,EXPORT_REPORT,2026-08-12 10:41:39,2026-08-12 10:41:50
EVT-103844,USR-1045,HR,EXPORT_REPORT,2026-06-09 21:18:39,2026-06-09 21:18:49
EVT-101973,USR-1165,Radiology,DISPENSE_MED,2026-06-09 06:16:39,2026-06-09 06:16:57
EVT-103600,USR-1009,Radiology,RUN_TEST,2026-08-12 17:51:39,2026-08-12 17:51:40
EVT-104319,USR-1075,Billing,DELETE_LOG,2026-07-23 20:40:39,2026-07-23 20:40:52
EVT-103173,USR-1118,Billing,EDIT_RECORD,2026-08-18 17:58:39,2026-08-18 17:58:40
EVT-103023,USR-1075,Patient Records,LOGIN,2026-08-04 11:36:39,2026-08-04 11:36:43
EVT-104324,USR-1072,Laboratory,LOGIN,2026-08-11 02:24:39,2026-08-11 02:24:57
EVT-102451,USR-1158,Radiology,EXPORT_REPORT,2026-07-29 00:49:39,2026-07-29 00:49:54
EVT-100606,USR-1011,Patient Records,VIEW_RECORD,2026-06-15 16:25:39,2026-06-16 19:53:39
EVT-102279,USR-1072,Billing,VIEW_RECORD,2026-08-20 06:19:39,2026-08-20 06:19:55
EVT-101392,USR-1058,Billing,EXPORT_REPORT,2026-06-07 12:55:39,2026-06-07 12:56:03
EVT-100270,USR-1129,Patient Records,EXPORT_REPORT,2026-07-14 21:21:39,2026-07-14 21:21:51
EVT-102114,USR-1069,HR,DELETE_LOG,2026-08-25 04:15:39,2026-08-25 04:15:42
EVT-102063,USR-1130,Radiology,EDIT_RECORD,2026-08-30 00:15:39,2026-08-30 00:15:49
EVT-100172,USR-1055,HR,RUN_TEST,2026-08-09 13:13:39,2026-08-09 13:13:57
EVT-100594,USR-1124,Patient Records,VIEW_RECORD,2026-08-04 06:50:39,2026-08-04 06:51:05
EVT-103290,USR-1090,Administration,EDIT_RECORD,2026-06-08 09:55:39,2026-06-08 09:55:42
EVT-102535,USR-1148,Laboratory,DISPENSE_MED,2026-08-16 01:08:39,2026-08-16 01:08:59
EVT-100921,USR-1081,Billing,DISPENSE_MED,2026-09-03 16:29:39,2026-09-03 16:30:00
EVT-105041,USR-1067,Laboratory,LOGIN,2026-07-25 10:06:39,2026-07-25 10:07:04
EVT-103031,USR-1191,HR,EXPORT_REPORT,2026-08-21 00:57:39,2026-08-21 00:57:40
EVT-100396,USR-1019,HR,EXPORT_REPORT,2026-08-01 17:10:39,2026-08-01 17:10:53
EVT-101665,USR-1132,HR,EXPORT_REPORT,2026-06-26 15:57:39,2026-06-26 15:57:59
EVT-101283,USR-1062,HR,EDIT_RECORD,2026-08-09 18:13:39,2026-08-09 18:13:56
EVT-101067,USR-1124,Patient Records,RUN_TEST,2026-08-15 04:32:39,2026-08-15 04:32:41
EVT-103390,USR-1155,Billing,DELETE_LOG,2026-08-02 05:07:39,2026-08-02 05:07:44
EVT-105018,USR-1066,Administration,DISPENSE_MED,2026-06-27 18:20:39,2026-06-27 18:20:51
EVT-100045,USR-1126,Patient Records,DELETE_LOG,2026-07-09 17:03:39,2026-07-09 17:03:41
EVT-101425,USR-1076,Patient Records,VIEW_RECORD,2026-07-30 23:41:39,2026-07-30 23:42:05
EVT-104188,USR-1105,Patient Records,VIEW_RECORD,2026-06-21 19:16:39,2026-06-21 19:16:57
EVT-100611,USR-1107,Patient Records,EDIT_RECORD,2026-07-23 18:26:39,2026-07-23 18:26:44
EVT-100064,USR-1099,Administration,EDIT_RECORD,2026-06-12 04:56:39,2026-06-12 04:56:57
EVT-101977,USR-1027,Radiology,EXPORT_REPORT,2026-06-07 01:03:39,2026-06-07 01:03:57
EVT-104913,USR-1111,Patient Records,EDIT_RECORD,2026-06-20 21:54:39,2026-06-20 21:54:42
EVT-101331,USR-1075,Radiology,DELETE_LOG,2026-08-10 21:04:39,2026-08-10 21:04:47
EVT-102556,USR-1029,Administration,RUN_TEST,2026-08-31 14:47:39,2026-08-31 14:47:43
EVT-104183,USR-1008,Administration,EDIT_RECORD,2026-06-16 04:37:39,2026-06-16 04:37:44
EVT-104773,USR-1058,Billing,VIEW_RECORD,2026-07-11 19:42:39,2026-07-11 19:42:40
EVT-103192,USR-1066,Laboratory,DISPENSE_MED,2026-07-04 21:29:39,2026-07-04 21:29:59
EVT-100729,USR-1044,Pharmacy,RUN_TEST,2026-07-08 13:28:39,2026-07-08 13:28:42
EVT-100042,USR-1083,Administration,DISPENSE_MED,2026-06-11 08:38:39,2026-06-11 08:38:42
EVT-100941,USR-1178,Administration,EDIT_RECORD,2026-06-18 12:04:39,2026-06-18 12:04:43
EVT-102936,USR-1043,Laboratory,EXPORT_REPORT,2026-08-28 23:26:39,2026-08-28 23:27:05
EVT-101817,USR-1191,HR,DISPENSE_MED,2026-07-06 17:01:39,2026-07-06 17:01:43
EVT-102075,USR-1035,Radiology,LOGIN,2026-06-11 22:48:39,2026-06-11 22:49:01
EVT-100619,USR-1075,Administration,VIEW_RECORD,2026-08-20 08:38:39,2026-08-20 08:38:40
EVT-101405,USR-1129,Patient Records,VIEW_RECORD,2026-09-01 16:20:39,2026-09-01 16:20:52
EVT-103381,USR-1123,HR,EDIT_RECORD,2026-07-14 17:48:39,2026-07-14 17:49:03
EVT-103364,USR-1074,Pharmacy,DELETE_LOG,2026-07-11 10:44:39,2026-07-11 10:44:59
EVT-102084,USR-1126,Pharmacy,DISPENSE_MED,2026-06-19 22:39:39,2026-06-19 22:40:03
EVT-102239,USR-1031,Laboratory,VIEW_RECORD,2026-08-31 04:52:39,2026-08-31 04:52:48
EVT-101294,USR-1148,Pharmacy,RUN_TEST,2026-06-27 15:05:39,2026-06-27 15:06:03
EVT-102965,USR-1038,HR,DISPENSE_MED,2026-07-17 17:22:39,2026-07-17 17:23:01
EVT-102618,USR-1033,Patient Records,EXPORT_REPORT,2026-06-05 22:56:39,2026-06-05 22:57:09
EVT-103084,USR-1179,Patient Records,RUN_TEST,2026-06-10 07:29:39,2026-06-10 07:29:56
EVT-101443,USR-1183,Pharmacy,RUN_TEST,2026-07-02 06:43:39,2026-07-02 06:43:55
EVT-101628,USR-1100,Radiology,RUN_TEST,2026-08-12 23:20:39,2026-08-12 23:21:01
EVT-101418,USR-1051,Pharmacy,EXPORT_REPORT,2026-08-21 12:32:39,2026-08-21 12:32:52
EVT-103754,USR-1188,HR,EDIT_RECORD,2026-07-24 15:02:39,2026-07-24 15:02:44
EVT-100633,USR-1154,Radiology,EDIT_RECORD,2026-07-25 20:43:39,2026-07-25 20:44:07
EVT-103773,USR-1002,HR,EDIT_RECORD,2026-06-13 08:38:39,2026-06-13 08:39:04
EVT-102272,USR-1093,Radiology,DISPENSE_MED,2026-08-29 19:56:39,2026-08-29 19:56:51
EVT-101117,USR-1037,Pharmacy,RUN_TEST,2026-07-16 23:14:39,2026-07-16 23:15:03
EVT-104367,USR-1132,Billing,EXPORT_REPORT,2026-06-25 05:09:39,2026-06-25 05:10:06
EVT-102213,USR-1134,Billing,LOGIN,2026-06-26 13:37:39,2026-06-26 13:37:56
EVT-102957,USR-1165,Administration,VIEW_RECORD,2026-06-24 05:44:39,2026-06-25 07:11:39
EVT-102876,USR-1045,Administration,LOGIN,2026-07-26 11:25:39,2026-07-26 11:25:53
EVT-101800,USR-1079,Administration,LOGIN,2026-07-12 06:54:39,2026-07-14 17:17:39
EVT-101516,USR-1025,Billing,EDIT_RECORD,2026-07-05 10:05:39,2026-07-05 10:06:03
EVT-101663,USR-1184,Laboratory,LOGIN,2026-07-05 05:47:39,2026-07-05 05:47:50
EVT-103494,USR-1108,Laboratory,RUN_TEST,2026-07-30 01:51:39,2026-07-30 01:51:52
EVT-104688,USR-1188,Administration,EXPORT_REPORT,2026-08-02 04:12:39,2026-08-02 04:12:47
EVT-100906,USR-1001,Pharmacy,EXPORT_REPORT,2026-06-06 07:37:39,2026-06-09 00:47:39
EVT-101947,USR-1083,Billing,VIEW_RECORD,2026-07-13 18:06:39,2026-07-13 18:06:57
EVT-102184,USR-1158,Radiology,RUN_TEST,2026-06-29 05:21:39,2026-06-29 05:21:40
EVT-105061,USR-1002,Laboratory,EDIT_RECORD,2026-09-02 23:04:39,2026-09-02 23:04:48
EVT-103328,USR-1199,Billing,EDIT_RECORD,2026-07-10 21:58:39,2026-07-10 21:58:53
EVT-INV-17,,Patient Records,INVALID_ACTION,INVALID_DATE,2026-09-03 20:45:39
EVT-102337,USR-1163,HR,EXPORT_REPORT,2026-06-14 04:31:39,2026-06-14 04:31:44
EVT-102663,USR-1119,Billing,RUN_TEST,2026-09-03 05:30:39,2026-09-03 05:31:01
EVT-102917,USR-1023,Billing,DELETE_LOG,2026-07-30 23:29:39,2026-07-30 23:29:59
EVT-101483,USR-1081,Administration,EDIT_RECORD,2026-08-26 17:50:39,2026-08-26 17:51:02
EVT-104612,USR-1158,Pharmacy,RUN_TEST,2026-06-13 06:43:39,2026-06-13 06:44:08
EVT-103086,USR-1040,HR,DELETE_LOG,2026-07-11 05:30:39,2026-07-11 05:30:55
EVT-104263,USR-1185,HR,RUN_TEST,2026-07-17 04:33:39,2026-07-17 04:34:00
EVT-103376,USR-1073,Administration,VIEW_RECORD,2026-06-25 04:58:39,2026-06-25 04:58:52
EVT-100350,USR-1069,Radiology,EXPORT_REPORT,2026-06-21 09:52:39,2026-06-21 09:52:43
EVT-104521,USR-1158,Patient Records,EDIT_RECORD,2026-07-28 00:00:39,2026-07-28 00:00:47
EVT-104705,USR-1101,Pharmacy,VIEW_RECORD,2026-08-21 17:45:39,2026-08-21 17:45:57
EVT-101210,USR-1105,Patient Records,EXPORT_REPORT,2026-06-12 19:39:39,2026-06-12 19:39:40
EVT-103384,USR-1025,Pharmacy,RUN_TEST,2026-08-22 06:09:39,2026-08-22 06:09:57
EVT-102052,USR-1044,HR,LOGIN,2026-08-19 03:44:39,2026-08-19 03:44:48
EVT-104831,USR-1078,Pharmacy,EXPORT_REPORT,2026-06-06 09:17:39,2026-06-06 09:18:03
EVT-102446,USR-1032,Billing,EDIT_RECORD,2026-06-27 03:56:39,2026-06-27 03:56:45
EVT-103221,USR-1039,Laboratory,EXPORT_REPORT,2026-07-26 13:26:39,2026-07-26 13:26:42
EVT-103483,USR-1090,Patient Records,DELETE_LOG,2026-07-09 02:24:39,2026-07-09 02:24:53
EVT-103723,USR-1087,Billing,RUN_TEST,2026-07-11 15:56:39,2026-07-11 15:57:04
EVT-100672,USR-1179,Patient Records,DELETE_LOG,2026-08-10 15:14:39,2026-08-10 15:14:55
EVT-103811,USR-1087,Billing,DISPENSE_MED,2026-06-24 15:19:39,2026-06-24 15:20:04
EVT-100321,USR-1004,Billing,EDIT_RECORD,2026-07-06 07:19:39,2026-07-06 07:19:54
EVT-104300,USR-1118,Billing,VIEW_RECORD,2026-07-13 12:50:39,2026-07-13 12:51:08
EVT-104406,USR-1168,Patient Records,VIEW_RECORD,2026-06-09 14:38:39,2026-06-09 14:39:03
EVT-104033,USR-1146,Patient Records,DISPENSE_MED,2026-08-28 10:24:39,2026-08-30 20:02:39
EVT-100660,USR-1118,HR,DISPENSE_MED,2026-06-23 17:12:39,2026-06-23 17:12:54
EVT-100269,USR-1031,Radiology,EDIT_RECORD,2026-06-13 20:20:39,2026-06-13 20:20:41
EVT-102119,USR-1034,Patient Records,DELETE_LOG,2026-08-29 21:41:39,2026-08-29 21:41:48
EVT-102434,USR-1030,Radiology,EDIT_RECORD,2026-06-21 09:00:39,2026-06-21 09:00:51
EVT-105180,USR-1083,HR,DISPENSE_MED,2026-08-29 12:34:39,2026-08-29 12:35:07
EVT-104848,USR-1119,Radiology,DELETE_LOG,2026-08-15 19:09:39,2026-08-15 19:09:49
EVT-100116,USR-1137,HR,DISPENSE_MED,2026-07-06 01:40:39,2026-07-06 01:41:03
EVT-100233,USR-1107,Pharmacy,VIEW_RECORD,2026-09-01 05:25:39,2026-09-01 05:26:01
EVT-104233,USR-1137,Pharmacy,EXPORT_REPORT,2026-07-22 06:50:39,2026-07-22 06:50:47
EVT-102966,USR-1143,Radiology,DISPENSE_MED,2026-07-15 18:35:39,2026-07-15 18:35:52
EVT-105128,USR-1035,Laboratory,DISPENSE_MED,2026-09-02 01:34:39,2026-09-02 01:35:06
EVT-103380,USR-1171,Laboratory,LOGIN,2026-07-07 10:26:39,2026-07-07 10:27:03
EVT-101444,USR-1170,Radiology,EXPORT_REPORT,2026-08-04 03:50:39,2026-08-04 03:51:00
EVT-100179,USR-1101,Patient Records,DISPENSE_MED,2026-06-27 15:49:39,2026-06-27 15:50:09
EVT-102623,USR-1056,Pharmacy,VIEW_RECORD,2026-08-24 18:20:39,2026-08-24 18:21:05
EVT-100248,USR-1029,Administration,RUN_TEST,2026-08-25 11:54:39,2026-08-25 11:55:12
EVT-101659,USR-1038,HR,EXPORT_REPORT,2026-09-03 13:58:39,2026-09-03 13:58:56
EVT-105035,USR-1085,Pharmacy,VIEW_RECORD,2026-08-17 07:42:39,2026-08-17 07:42:49
EVT-100828,USR-1041,Billing,EXPORT_REPORT,2026-08-22 02:59:39,2026-08-22 02:59:56
EVT-100114,USR-1050,Billing,DISPENSE_MED,2026-06-14 19:39:39,2026-06-14 19:39:40
EVT-102301,USR-1090,Laboratory,DISPENSE_MED,2026-08-09 03:18:39,2026-08-09 03:19:00
EVT-105094,USR-1055,HR,EDIT_RECORD,2026-08-26 22:17:39,2026-08-26 22:17:58
EVT-102328,USR-1168,Patient Records,LOGIN,2026-06-10 05:47:39,2026-06-10 05:47:59
EVT-104652,USR-1150,Pharmacy,RUN_TEST,2026-08-17 22:34:39,2026-08-17 22:35:05
EVT-102830,USR-1038,Patient Records,EDIT_RECORD,2026-08-06 15:58:39,2026-08-06 15:59:02
EVT-101935,USR-1194,HR,LOGIN,2026-06-08 05:14:39,2026-06-08 05:15:04
EVT-101424,USR-1185,Laboratory,EXPORT_REPORT,2026-08-04 12:18:39,2026-08-04 12:19:00
EVT-100793,USR-1081,Administration,EDIT_RECORD,2026-06-21 07:16:39,2026-06-21 07:17:07
EVT-101217,USR-1083,Administration,VIEW_RECORD,2026-07-13 07:56:39,2026-07-13 07:57:02
EVT-102603,USR-1116,HR,DELETE_LOG,2026-07-10 03:07:39,2026-07-10 03:08:00
EVT-102339,USR-1125,Patient Records,VIEW_RECORD,2026-08-22 02:27:39,2026-08-22 02:28:04
EVT-101258,USR-1075,Laboratory,VIEW_RECORD,2026-07-29 10:49:39,2026-07-29 10:49:48
EVT-102085,USR-1091,Laboratory,RUN_TEST,2026-08-04 02:39:39,2026-08-04 02:39:52
EVT-103765,USR-1083,Pharmacy,VIEW_RECORD,2026-06-20 08:16:39,2026-06-20 08:17:08
EVT-102166,USR-1162,Patient Records,RUN_TEST,2026-07-26 14:04:39,2026-07-26 14:05:04
EVT-103631,USR-1164,Pharmacy,RUN_TEST,2026-06-26 16:37:39,2026-06-26 16:37:47
EVT-102508,USR-1057,HR,EDIT_RECORD,2026-08-25 01:19:39,2026-08-25 01:19:45
EVT-104749,USR-1088,Pharmacy,RUN_TEST,2026-06-11 22:13:39,2026-06-11 22:13:45
EVT-101519,USR-1019,Pharmacy,LOGIN,2026-06-23 18:34:39,2026-06-23 18:34:53
EVT-101437,USR-1010,HR,EXPORT_REPORT,2026-09-01 11:12:39,2026-09-01 11:12:53
EVT-103591,USR-1117,Pharmacy,VIEW_RECORD,2026-06-10 03:09:39,2026-06-12 02:33:39
EVT-100558,USR-1007,Pharmacy,VIEW_RECORD,2026-07-11 17:03:39,2026-07-11 17:03:52
EVT-104694,USR-1165,Administration,RUN_TEST,2026-08-23 05:45:39,2026-08-23 05:45:51
EVT-104979,USR-1093,Pharmacy,LOGIN,2026-07-01 14:07:39,2026-07-01 14:08:00
EVT-100627,USR-1070,HR,LOGIN,2026-07-18 08:31:39,2026-07-18 08:31:58
EVT-105129,USR-1155,Patient Records,DISPENSE_MED,2026-07-09 10:57:39,2026-07-09 10:57:46
EVT-101354,USR-1190,Radiology,RUN_TEST,2026-07-09 12:31:39,2026-07-09 12:32:03
EVT-104609,USR-1171,Administration,DISPENSE_MED,2026-06-29 07:35:39,2026-06-29 07:36:01
EVT-101107,USR-1035,Laboratory,DELETE_LOG,2026-06-23 11:33:39,2026-06-23 11:33:47
EVT-102138,USR-1094,Radiology,EXPORT_REPORT,2026-06-21 04:23:39,2026-06-21 04:23:54
EVT-105065,USR-1155,Billing,DISPENSE_MED,2026-07-07 19:39:39,2026-07-07 19:39:54
EVT-101017,USR-1171,Laboratory,VIEW_RECORD,2026-07-25 22:27:39,2026-07-25 22:27:57
EVT-100927,USR-1139,Pharmacy,LOGIN,2026-06-15 18:09:39,2026-06-15 18:09:40
EVT-103934,USR-1103,Radiology,LOGIN,2026-07-23 22:38:39,2026-07-23 22:38:49
EVT-101499,USR-1196,Radiology,LOGIN,2026-08-05 23:38:39,2026-08-05 23:38:59
EVT-105183,USR-1130,Administration,DISPENSE_MED,2026-07-30 07:09:39,2026-07-30 07:10:06
EVT-103692,USR-1001,HR,DISPENSE_MED,2026-09-02 03:18:39,2026-09-03 17:37:39
EVT-103020,USR-1113,Patient Records,DISPENSE_MED,2026-06-09 12:45:39,2026-06-09 12:45:42
EVT-102519,USR-1042,Pharmacy,RUN_TEST,2026-07-01 22:46:39,2026-07-01 22:46:52
EVT-104885,USR-1183,Laboratory,EDIT_RECORD,2026-06-16 22:02:39,2026-06-16 22:02:40
EVT-104892,USR-1166,Laboratory,DISPENSE_MED,2026-08-25 05:40:39,2026-08-25 05:40:57
EVT-104978,USR-1183,Pharmacy,DELETE_LOG,2026-08-23 00:15:39,2026-08-23 00:15:46
EVT-101297,USR-1124,Patient Records,DELETE_LOG,2026-07-18 05:07:39,2026-07-18 05:07:45
EVT-104479,USR-1070,Pharmacy,DISPENSE_MED,2026-06-27 02:18:39,2026-06-27 02:18:51
EVT-103731,USR-1091,Administration,RUN_TEST,2026-06-06 09:41:39,2026-06-06 09:41:56
EVT-101496,USR-1121,Radiology,EXPORT_REPORT,2026-07-17 03:47:39,2026-07-17 03:47:54
EVT-100457,USR-1016,Radiology,RUN_TEST,2026-06-19 05:35:39,2026-06-19 05:35:54
EVT-102168,USR-1130,Laboratory,VIEW_RECORD,2026-07-31 16:56:39,2026-07-31 16:56:44
EVT-101262,USR-1160,Administration,EXPORT_REPORT,2026-06-21 04:20:39,2026-06-21 04:20:45
EVT-101273,USR-1041,Administration,EDIT_RECORD,2026-07-10 13:44:39,2026-07-10 13:44:41
EVT-100511,USR-1199,Billing,RUN_TEST,2026-08-17 05:22:39,2026-08-17 05:22:45
EVT-103206,USR-1158,Radiology,RUN_TEST,2026-06-27 22:11:39,2026-06-27 22:12:04
EVT-104074,USR-1005,HR,LOGIN,2026-07-03 09:18:39,2026-07-03 09:18:43
EVT-101018,USR-1130,Administration,EDIT_RECORD,2026-08-22 05:13:39,2026-08-22 05:13:44
EVT-101587,USR-1185,Laboratory,VIEW_RECORD,2026-06-09 01:14:39,2026-06-09 01:14:53
EVT-101565,USR-1180,HR,VIEW_RECORD,2026-07-08 18:06:39,2026-07-09 10:13:39
EVT-102171,USR-1117,Pharmacy,VIEW_RECORD,2026-06-17 03:22:39,2026-06-17 03:23:04
EVT-104268,USR-1097,Patient Records,VIEW_RECORD,2026-09-01 01:18:39,2026-09-01 01:19:01
EVT-100405,USR-1083,Pharmacy,DISPENSE_MED,2026-07-12 14:36:39,2026-07-12 14:37:08
EVT-100146,USR-1032,Radiology,LOGIN,2026-06-15 23:13:39,2026-06-15 23:13:56
EVT-103704,USR-1152,Patient Records,DISPENSE_MED,2026-06-24 13:33:39,2026-06-24 13:33:55
EVT-100431,USR-1004,HR,EDIT_RECORD,2026-07-17 12:57:39,2026-07-20 01:05:39
EVT-100373,USR-1134,Billing,DELETE_LOG,2026-07-09 19:54:39,2026-07-09 19:55:05
EVT-103464,USR-1104,HR,DISPENSE_MED,2026-06-07 16:08:39,2026-06-07 16:08:59
EVT-103791,USR-1134,HR,LOGIN,2026-08-05 01:42:39,2026-08-05 01:42:48
EVT-102563,USR-1086,Administration,EDIT_RECORD,2026-06-11 22:58:39,2026-06-11 22:58:54
EVT-101788,USR-1098,HR,LOGIN,2026-06-09 09:39:39,2026-06-09 09:40:03
EVT-103663,USR-1093,Patient Records,EXPORT_REPORT,2026-07-24 18:30:39,2026-07-24 18:31:08
EVT-102233,USR-1045,HR,DISPENSE_MED,2026-07-08 20:22:39,2026-07-08 20:22:50
EVT-102425,USR-1036,Pharmacy,LOGIN,2026-07-13 11:17:39,2026-07-13 11:18:04
EVT-101152,USR-1142,HR,LOGIN,2026-07-31 11:36:39,2026-07-31 11:36:42
EVT-103517,USR-1145,Laboratory,LOGIN,2026-06-19 12:53:39,2026-06-19 12:53:52
EVT-104619,USR-1168,Patient Records,RUN_TEST,2026-07-20 02:25:39,2026-07-20 02:25:53
EVT-104186,USR-1121,Pharmacy,DISPENSE_MED,2026-09-03 13:19:39,2026-09-03 13:20:09
EVT-100470,USR-1025,Billing,DISPENSE_MED,2026-06-11 09:55:39,2026-06-11 09:55:40
EVT-102001,USR-1176,Pharmacy,LOGIN,2026-08-05 22:45:39,2026-08-05 22:45:44
EVT-103749,USR-1022,Patient Records,DELETE_LOG,2026-06-17 16:16:39,2026-06-17 16:17:01
EVT-101731,USR-1037,Patient Records,VIEW_RECORD,2026-06-21 08:37:39,2026-06-21 08:37:47
EVT-100832,USR-1057,Administration,LOGIN,2026-07-27 04:35:39,2026-07-27 04:35:55
EVT-102976,USR-1155,Billing,DELETE_LOG,2026-06-26 19:14:39,2026-06-26 19:15:00
EVT-102067,USR-1057,Administration,DISPENSE_MED,2026-08-02 12:55:39,2026-08-02 12:55:51
EVT-104095,USR-1177,HR,LOGIN,2026-07-04 14:17:39,2026-07-04 14:18:00
EVT-101821,USR-1180,Laboratory,DELETE_LOG,2026-07-31 00:59:39,2026-07-31 00:59:41
EVT-101189,USR-1051,Patient Records,DELETE_LOG,2026-07-14 17:16:39,2026-07-14 17:16:53
EVT-102110,USR-1070,Pharmacy,VIEW_RECORD,2026-08-07 09:10:39,2026-08-07 09:10:50
EVT-101767,USR-1158,Administration,DISPENSE_MED,2026-07-14 03:18:39,2026-07-14 03:18:42
EVT-102028,USR-1179,Billing,VIEW_RECORD,2026-09-01 13:30:39,2026-09-01 13:31:07
EVT-102834,USR-1062,HR,VIEW_RECORD,2026-07-23 16:56:39,2026-07-23 16:56:58
EVT-100468,USR-1076,Administration,RUN_TEST,2026-06-07 01:49:39,2026-06-07 01:49:49
EVT-101894,USR-1049,Radiology,LOGIN,2026-07-11 20:07:39,2026-07-11 20:08:01
EVT-102136,USR-1053,Administration,EDIT_RECORD,2026-08-03 10:15:39,2026-08-03 10:16:02
EVT-101785,USR-1017,Patient Records,EXPORT_REPORT,2026-06-12 19:46:39,2026-06-12 19:46:47
EVT-101132,USR-1035,Radiology,RUN_TEST,2026-07-24 09:46:39,2026-07-24 09:46:44
EVT-102913,USR-1159,Radiology,EDIT_RECORD,2026-07-26 17:50:39,2026-07-26 17:50:47
EVT-101727,USR-1106,Pharmacy,LOGIN,2026-08-07 13:34:39,2026-08-07 13:34:45
EVT-104253,USR-1023,Patient Records,LOGIN,2026-08-28 09:24:39,2026-08-28 09:25:00
EVT-103712,USR-1138,Patient Records,RUN_TEST,2026-07-04 21:42:39,2026-07-04 21:42:49
EVT-102175,USR-1118,HR,EXPORT_REPORT,2026-06-26 12:41:39,2026-06-26 12:41:56
EVT-105067,USR-1086,Administration,VIEW_RECORD,2026-08-20 21:49:39,2026-08-20 21:49:56
EVT-104108,USR-1147,Patient Records,RUN_TEST,2026-08-26 16:54:39,2026-08-26 16:55:08
EVT-102121,USR-1123,Patient Records,DISPENSE_MED,2026-07-20 03:59:39,2026-07-20 03:59:55
EVT-100494,USR-1195,Administration,VIEW_RECORD,2026-07-15 06:34:39,2026-07-15 06:34:58
EVT-100439,USR-1106,Laboratory,RUN_TEST,2026-08-24 12:41:39,2026-08-24 12:42:03
EVT-104634,USR-1056,Radiology,VIEW_RECORD,2026-06-24 04:57:39,2026-06-24 04:57:40
EVT-100314,USR-1101,Pharmacy,RUN_TEST,2026-08-13 14:19:39,2026-08-13 14:20:02
EVT-105115,USR-1067,HR,VIEW_RECORD,2026-06-17 19:46:39,2026-06-17 19:46:43
EVT-101818,USR-1157,Laboratory,DISPENSE_MED,2026-06-19 17:47:39,2026-06-21 09:44:39
EVT-102452,USR-1072,Patient Records,EDIT_RECORD,2026-07-17 08:47:39,2026-07-17 08:47:44
EVT-103780,USR-1057,Pharmacy,RUN_TEST,2026-07-16 20:57:39,2026-07-16 20:57:57
EVT-105034,USR-1083,HR,DELETE_LOG,2026-08-15 22:03:39,2026-08-15 22:04:04
EVT-100390,USR-1018,Billing,VIEW_RECORD,2026-08-24 04:04:39,2026-08-24 04:04:43
EVT-102454,USR-1105,Patient Records,DELETE_LOG,2026-08-08 02:42:39,2026-08-08 02:42:42
EVT-102557,USR-1166,Laboratory,VIEW_RECORD,2026-08-31 09:41:39,2026-08-31 09:41:45
EVT-105144,USR-1172,HR,VIEW_RECORD,2026-08-05 14:54:39,2026-08-05 14:54:59
EVT-101710,USR-1176,Patient Records,DELETE_LOG,2026-07-27 13:15:39,2026-07-27 13:15:44
EVT-103679,USR-1039,Billing,VIEW_RECORD,2026-08-04 15:11:39,2026-08-04 15:11:41
EVT-100732,USR-1075,Laboratory,EDIT_RECORD,2026-06-19 06:23:39,2026-06-19 06:23:53
EVT-104973,USR-1176,Pharmacy,RUN_TEST,2026-07-11 16:08:39,2026-07-11 16:08:55
EVT-104382,USR-1028,Patient Records,EXPORT_REPORT,2026-07-15 13:09:39,2026-07-15 13:10:09
EVT-101050,USR-1108,Administration,EXPORT_REPORT,2026-07-16 22:03:39,2026-07-16 22:04:09
EVT-104246,USR-1019,Radiology,EXPORT_REPORT,2026-08-10 12:02:39,2026-08-10 12:02:58
EVT-104203,USR-1162,Patient Records,DELETE_LOG,2026-06-14 13:25:39,2026-06-14 13:26:01
EVT-105093,USR-1020,HR,DELETE_LOG,2026-06-09 18:42:39,2026-06-09 18:42:45
EVT-104470,USR-1188,Patient Records,DISPENSE_MED,2026-07-15 14:34:39,2026-07-15 14:35:04
EVT-101738,USR-1135,Radiology,LOGIN,2026-07-07 03:30:39,2026-07-07 03:31:01
EVT-101162,USR-1199,Radiology,EDIT_RECORD,2026-06-22 11:26:39,2026-06-22 11:26:54
EVT-103867,USR-1035,Radiology,EDIT_RECORD,2026-07-26 22:53:39,2026-07-26 22:53:57
EVT-104426,USR-1163,Administration,DELETE_LOG,2026-08-27 22:09:39,2026-08-27 22:09:49
EVT-101637,USR-1048,Administration,EDIT_RECORD,2026-07-01 08:59:39,2026-07-01 08:59:54
EVT-100922,USR-1094,Laboratory,EXPORT_REPORT,2026-08-30 03:28:39,2026-08-30 03:28:50
EVT-102713,USR-1099,Patient Records,VIEW_RECORD,2026-07-18 05:09:39,2026-07-18 05:09:49
EVT-102752,USR-1163,Laboratory,RUN_TEST,2026-06-25 18:38:39,2026-06-25 18:38:45
EVT-100174,USR-1052,Billing,EXPORT_REPORT,2026-08-03 02:19:39,2026-08-03 08:44:39
EVT-102787,USR-1167,HR,EXPORT_REPORT,2026-08-30 13:27:39,2026-08-30 13:27:42
EVT-103230,USR-1048,Radiology,EXPORT_REPORT,2026-07-14 05:29:39,2026-07-14 05:29:54
EVT-104726,USR-1179,Patient Records,DISPENSE_MED,2026-07-14 07:30:39,2026-07-17 07:02:39
EVT-100954,USR-1025,Billing,VIEW_RECORD,2026-07-23 03:04:39,2026-07-23 03:04:50
EVT-103337,USR-1142,HR,VIEW_RECORD,2026-07-18 13:30:39,2026-07-18 13:31:03
EVT-102216,USR-1184,Pharmacy,RUN_TEST,2026-07-08 04:00:39,2026-07-08 04:01:02
EVT-INV-47,,Patient Records,INVALID_ACTION,2026-09-03 20:45:39,2026-09-03 20:45:39
EVT-100971,USR-1118,Billing,VIEW_RECORD,2026-08-14 22:28:39,2026-08-14 22:29:03
EVT-104850,USR-1011,Patient Records,VIEW_RECORD,2026-06-09 14:58:39,2026-06-09 14:58:42
EVT-100559,USR-1077,Pharmacy,VIEW_RECORD,2026-06-19 13:53:39,2026-06-19 13:53:55
EVT-103985,USR-1183,Laboratory,DELETE_LOG,2026-06-15 15:31:39,2026-06-15 15:31:50
EVT-102475,USR-1081,Pharmacy,RUN_TEST,2026-07-25 01:04:39,2026-07-25 01:04:41
EVT-102653,USR-1166,Radiology,VIEW_RECORD,2026-07-22 12:49:39,2026-07-22 12:50:02
EVT-103021,USR-1158,Administration,EDIT_RECORD,2026-06-11 13:37:39,2026-06-11 13:37:53
EVT-100251,USR-1143,HR,VIEW_RECORD,2026-07-09 08:26:39,2026-07-09 08:26:45
EVT-101233,USR-1081,Pharmacy,RUN_TEST,2026-07-13 17:04:39,2026-07-13 17:04:55
EVT-104035,USR-1047,Patient Records,LOGIN,2026-07-29 15:47:39,2026-07-29 15:48:09
EVT-100322,USR-1045,Administration,EXPORT_REPORT,2026-06-27 16:21:39,2026-06-27 16:22:01
EVT-100128,USR-1144,HR,DISPENSE_MED,2026-08-07 06:05:39,2026-08-07 06:06:19
EVT-101241,USR-1100,Patient Records,DELETE_LOG,2026-06-23 22:50:39,2026-06-23 22:51:04
EVT-104759,USR-1087,HR,LOGIN,2026-07-26 01:43:39,2026-07-26 01:43:41
EVT-103747,USR-1004,HR,RUN_TEST,2026-07-15 01:23:39,2026-07-15 01:24:03
EVT-100992,USR-1171,Administration,EXPORT_REPORT,2026-08-31 12:48:39,2026-08-31 12:49:08
EVT-100840,USR-1031,Laboratory,DISPENSE_MED,2026-08-31 21:32:39,2026-08-31 21:32:57
EVT-101560,USR-1191,Patient Records,LOGIN,2026-06-28 07:06:39,2026-06-28 07:06:54
EVT-101678,USR-1055,HR,RUN_TEST,2026-06-28 10:00:39,2026-06-28 10:00:53
EVT-103282,USR-1087,Radiology,VIEW_RECORD,2026-07-18 22:16:39,2026-07-18 22:17:02
EVT-100046,USR-1075,Billing,LOGIN,2026-06-19 21:52:39,2026-06-19 21:52:46
EVT-101744,USR-1083,Administration,VIEW_RECORD,2026-08-02 20:06:39,2026-08-02 20:06:58
EVT-102164,USR-1039,HR,DELETE_LOG,2026-08-06 03:54:39,2026-08-06 03:54:54
EVT-102283,USR-1033,Patient Records,DISPENSE_MED,2026-08-29 11:11:39,2026-08-29 11:12:00
EVT-104756,USR-1076,Billing,EXPORT_REPORT,2026-08-13 20:44:39,2026-08-13 20:45:01
EVT-102300,USR-1045,HR,RUN_TEST,2026-06-16 09:29:39,2026-06-16 09:30:05
EVT-103941,USR-1139,Pharmacy,RUN_TEST,2026-07-12 09:03:39,2026-07-12 09:03:41
EVT-100550,USR-1057,HR,EXPORT_REPORT,2026-06-07 00:16:39,2026-06-07 00:16:47
EVT-102779,USR-1145,Laboratory,DISPENSE_MED,2026-07-26 11:58:39,2026-07-26 11:58:53
EVT-102673,USR-1080,Radiology,VIEW_RECORD,2026-07-12 09:56:39,2026-07-12 09:57:12
EVT-104015,USR-1098,HR,DELETE_LOG,2026-07-06 06:36:39,2026-07-06 06:36:58
EVT-104803,USR-1132,Radiology,DISPENSE_MED,2026-07-11 13:46:39,2026-07-11 13:46:49
EVT-105109,USR-1126,Pharmacy,LOGIN,2026-06-11 19:25:39,2026-06-11 19:25:53
EVT-103784,USR-1153,Laboratory,DISPENSE_MED,2026-07-18 19:25:39,2026-07-18 19:25:43
EVT-104777,USR-1127,HR,LOGIN,2026-07-30 20:51:39,2026-07-30 20:52:03
EVT-101586,USR-1171,Administration,DELETE_LOG,2026-06-26 02:26:39,2026-06-26 02:26:45
EVT-101950,USR-1053,Radiology,EXPORT_REPORT,2026-09-01 22:38:39,2026-09-01 22:38:42
EVT-105074,USR-1018,Billing,DELETE_LOG,2026-08-19 09:03:39,2026-08-19 09:03:57
EVT-101939,USR-1109,Administration,EXPORT_REPORT,2026-08-23 05:01:39,2026-08-23 05:01:55
EVT-104290,USR-1028,Radiology,DELETE_LOG,2026-08-06 06:47:39,2026-08-06 06:48:09
EVT-101269,USR-1037,HR,VIEW_RECORD,2026-07-31 09:37:39,2026-07-31 09:38:05
EVT-103062,USR-1084,Patient Records,VIEW_RECORD,2026-06-09 00:05:39,2026-06-09 00:05:42
EVT-101028,USR-1158,Pharmacy,EDIT_RECORD,2026-08-26 09:04:39,2026-08-26 09:05:01
EVT-102459,USR-1025,Billing,LOGIN,2026-08-07 20:24:39,2026-08-07 20:24:40
EVT-104774,USR-1066,Administration,RUN_TEST,2026-07-18 10:25:39,2026-07-18 10:26:04
EVT-104508,USR-1085,Pharmacy,RUN_TEST,2026-07-17 06:52:39,2026-07-19 00:27:49
EVT-104087,USR-1132,Laboratory,VIEW_RECORD,2026-06-30 02:41:39,2026-06-30 02:41:45
EVT-104157,USR-1191,HR,LOGIN,2026-07-13 17:42:39,2026-07-13 17:43:06
EVT-103477,USR-1044,Billing,VIEW_RECORD,2026-08-13 10:47:39,2026-08-13 10:47:52
EVT-103411,USR-1053,Radiology,DISPENSE_MED,2026-07-07 10:08:39,2026-07-07 10:08:44
EVT-100324,USR-1004,HR,VIEW_RECORD,2026-08-06 08:25:39,2026-08-06 08:26:01
EVT-104292,USR-1093,Radiology,EDIT_RECORD,2026-07-10 04:26:39,2026-07-10 04:27:09
EVT-104678,USR-1143,Radiology,EDIT_RECORD,2026-08-24 16:20:39,2026-08-24 16:20:47
EVT-102575,USR-1028,HR,LOGIN,2026-09-02 01:31:39,2026-09-02 01:32:09
EVT-103385,USR-1017,Patient Records,LOGIN,2026-06-19 18:33:39,2026-06-19 18:33:49
EVT-104409,USR-1184,Pharmacy,EDIT_RECORD,2026-07-14 05:36:39,2026-07-14 05:36:53
EVT-104018,USR-1066,Pharmacy,DELETE_LOG,2026-07-25 13:08:39,2026-07-25 13:09:07
EVT-103584,USR-1160,Administration,DELETE_LOG,2026-07-12 14:25:39,2026-07-12 14:25:49
EVT-102662,USR-1072,Laboratory,DISPENSE_MED,2026-08-12 00:33:39,2026-08-12 00:34:03
EVT-102551,USR-1083,Patient Records,EXPORT_REPORT,2026-08-11 12:26:39,2026-08-11 12:27:02
EVT-103735,USR-1101,Administration,DELETE_LOG,2026-08-18 11:55:39,2026-08-18 11:55:52
EVT-101878,USR-1193,Administration,EDIT_RECORD,2026-08-06 07:09:39,2026-08-06 07:09:53
EVT-104130,USR-1077,HR,VIEW_RECORD,2026-06-24 08:05:39,2026-06-24 08:05:44
EVT-104298,USR-1139,Laboratory,VIEW_RECORD,2026-06-27 07:51:39,2026-06-27 07:52:06
EVT-103713,USR-1171,Administration,RUN_TEST,2026-06-12 20:32:39,2026-06-12 20:32:59
EVT-105043,USR-1187,Laboratory,RUN_TEST,2026-08-22 16:15:39,2026-08-22 16:15:43
EVT-102880,USR-1137,HR,EDIT_RECORD,2026-06-19 17:47:39,2026-06-19 17:47:50
EVT-104109,USR-1179,Patient Records,EXPORT_REPORT,2026-06-06 19:40:39,2026-06-06 19:40:55
EVT-104164,USR-1065,Laboratory,DELETE_LOG,2026-06-30 13:34:39,2026-06-30 13:34:43
EVT-101624,USR-1001,Pharmacy,DISPENSE_MED,2026-08-10 07:08:39,2026-08-10 07:09:09
EVT-103909,USR-1138,Patient Records,LOGIN,2026-07-26 04:30:39,2026-07-26 04:31:08
EVT-104570,USR-1166,Laboratory,DELETE_LOG,2026-06-24 00:08:39,2026-06-24 00:08:43
EVT-101001,USR-1043,Laboratory,LOGIN,2026-08-02 04:18:39,2026-08-02 04:18:49
EVT-104327,USR-1141,Administration,RUN_TEST,2026-08-01 02:20:39,2026-08-02 08:16:39
EVT-102429,USR-1069,Pharmacy,RUN_TEST,2026-06-17 06:36:39,2026-06-17 06:36:52
EVT-104682,USR-1020,Pharmacy,DISPENSE_MED,2026-06-22 11:56:39,2026-06-22 11:56:57
EVT-102778,USR-1123,HR,LOGIN,2026-07-29 16:19:39,2026-07-29 16:19:40
EVT-101839,USR-1194,Patient Records,DISPENSE_MED,2026-09-02 07:02:39,2026-09-02 07:02:54
EVT-103014,USR-1178,Administration,RUN_TEST,2026-08-07 12:39:39,2026-08-07 12:39:58
EVT-101841,USR-1072,Laboratory,DISPENSE_MED,2026-08-29 12:47:39,2026-08-29 12:47:42
EVT-105097,USR-1083,HR,DISPENSE_MED,2026-08-31 05:54:39,2026-08-31 05:54:52
EVT-100759,USR-1181,Radiology,LOGIN,2026-07-08 11:36:39,2026-07-08 11:36:53
EVT-103519,USR-1079,Laboratory,DELETE_LOG,2026-08-05 00:45:39,2026-08-05 00:45:46
EVT-100046,USR-1075,Billing,LOGIN,2026-06-19 21:52:39,2026-06-19 21:52:56
EVT-100955,USR-1039,HR,EDIT_RECORD,2026-06-07 13:10:39,2026-06-08 10:54:39
EVT-104412,USR-1041,Billing,EXPORT_REPORT,2026-06-11 10:43:39,2026-06-11 10:43:58
EVT-101387,USR-1044,Pharmacy,VIEW_RECORD,2026-07-24 01:12:39,2026-07-24 01:13:07
EVT-101333,USR-1093,Administration,DELETE_LOG,2026-08-25 11:37:39,2026-08-25 11:37:56
EVT-104149,USR-1030,HR,RUN_TEST,2026-07-01 01:08:39,2026-07-01 01:09:05
EVT-101700,USR-1004,Billing,EDIT_RECORD,2026-06-12 02:34:39,2026-06-12 02:34:49
EVT-101464,USR-1181,Radiology,EDIT_RECORD,2026-06-27 10:41:39,2026-06-27 10:42:02
EVT-103424,USR-1130,Radiology,EDIT_RECORD,2026-08-02 06:58:39,2026-08-02 06:58:45
EVT-101870,USR-1075,Patient Records,EDIT_RECORD,2026-08-13 20:22:39,2026-08-13 20:23:03
EVT-100141,USR-1154,Laboratory,VIEW_RECORD,2026-07-26 22:45:39,2026-07-26 22:45:41
EVT-100368,USR-1180,Laboratory,DISPENSE_MED,2026-06-13 07:00:39,2026-06-13 07:00:41
EVT-102797,USR-1002,HR,LOGIN,2026-08-03 14:28:39,2026-08-03 14:29:07
EVT-104025,USR-1067,Laboratory,LOGIN,2026-09-03 14:12:39,2026-09-03 14:12:44
EVT-101844,USR-1057,Pharmacy,DELETE_LOG,2026-07-20 19:34:39,2026-07-20 19:35:00
EVT-103056,USR-1152,Administration,LOGIN,2026-09-01 00:13:39,2026-09-01 00:14:05
EVT-103275,USR-1116,Laboratory,EDIT_RECORD,2026-06-24 06:34:39,2026-06-24 06:35:04
EVT-101054,USR-1061,Patient Records,DELETE_LOG,2026-08-05 04:34:39,2026-08-05 04:34:45
EVT-104049,USR-1009,Radiology,RUN_TEST,2026-07-01 22:13:39,2026-07-01 22:13:47
EVT-103491,USR-1118,HR,DISPENSE_MED,2026-07-14 01:20:39,2026-07-14 20:22:39
EVT-100330,USR-1077,Pharmacy,EXPORT_REPORT,2026-06-08 16:25:39,2026-06-08 16:26:07
EVT-101493,USR-1087,Laboratory,DELETE_LOG,2026-08-25 06:44:39,2026-08-25 06:44:45
EVT-105133,USR-1186,Billing,VIEW_RECORD,2026-08-10 09:51:39,2026-08-10 09:52:04
EVT-104793,USR-1082,Administration,EXPORT_REPORT,2026-08-11 05:16:39,2026-08-11 05:17:01
EVT-101485,USR-1093,Radiology,DISPENSE_MED,2026-07-06 16:10:39,2026-07-06 16:10:43
EVT-102570,USR-1083,Billing,RUN_TEST,2026-07-17 05:37:39,2026-07-18 06:48:39
EVT-102668,USR-1021,HR,RUN_TEST,2026-06-25 15:38:39,2026-06-25 15:38:51
EVT-100101,USR-1083,HR,EXPORT_REPORT,2026-07-05 00:55:39,2026-07-05 08:51:39
EVT-102923,USR-1096,Administration,RUN_TEST,2026-06-17 12:06:39,2026-06-17 12:06:52
EVT-103966,USR-1146,Patient Records,VIEW_RECORD,2026-06-09 16:00:39,2026-06-09 16:01:05
EVT-100952,USR-1095,HR,DISPENSE_MED,2026-07-19 03:49:39,2026-07-19 03:50:04
EVT-102882,USR-1150,Pharmacy,DISPENSE_MED,2026-06-26 22:09:39,2026-06-26 22:10:02
EVT-104301,USR-1083,Billing,EDIT_RECORD,2026-09-02 07:14:39,2026-09-02 07:15:01
EVT-101136,USR-1033,Patient Records,LOGIN,2026-07-18 16:00:39,2026-07-18 16:01:08
EVT-103586,USR-1083,Patient Records,EDIT_RECORD,2026-07-06 09:34:39,2026-07-06 09:34:47
EVT-104436,USR-1096,Radiology,EDIT_RECORD,2026-07-18 11:06:39,2026-07-18 11:07:03
EVT-100762,USR-1150,Pharmacy,DISPENSE_MED,2026-07-21 14:51:39,2026-07-21 14:52:03
EVT-104403,USR-1147,Pharmacy,DELETE_LOG,2026-06-16 05:23:39,2026-06-16 05:24:05
EVT-103448,USR-1193,Pharmacy,LOGIN,2026-06-18 16:06:39,2026-06-18 16:06:57
EVT-100702,USR-1148,Laboratory,DELETE_LOG,2026-08-09 00:06:39,2026-08-09 00:06:45
EVT-100145,USR-1145,Laboratory,RUN_TEST,2026-08-24 21:57:39,2026-08-24 21:58:06
EVT-104658,USR-1134,Laboratory,EDIT_RECORD,2026-06-12 15:51:39,2026-06-12 15:51:45
EVT-101272,USR-1133,Radiology,EDIT_RECORD,2026-07-02 02:35:39,2026-07-02 02:35:49
EVT-103195,USR-1200,Administration,EDIT_RECORD,2026-08-02 09:08:39,2026-08-02 09:08:47
EVT-105126,USR-1171,HR,EDIT_RECORD,2026-06-15 18:22:39,2026-06-15 18:22:42
EVT-105004,USR-1031,Radiology,VIEW_RECORD,2026-06-15 16:14:39,2026-06-15 16:15:03
EVT-102723,USR-1041,Administration,DISPENSE_MED,2026-08-01 07:03:39,2026-08-01 07:04:06
EVT-101931,USR-1179,Billing,DISPENSE_MED,2026-07-17 13:57:39,2026-07-17 13:57:45
EVT-102375,USR-1045,Administration,RUN_TEST,2026-07-24 07:55:39,2026-07-24 07:56:01
EVT-102228,USR-1134,Patient Records,VIEW_RECORD,2026-08-09 12:46:39,2026-08-09 12:47:03
EVT-100400,USR-1189,Laboratory,LOGIN,2026-08-28 09:58:39,2026-08-28 09:59:03
EVT-102788,USR-1158,Radiology,EDIT_RECORD,2026-07-24 08:03:39,2026-07-24 08:03:57
EVT-104910,USR-1055,HR,RUN_TEST,2026-06-18 12:33:39,2026-06-18 12:34:09
EVT-105137,USR-1036,Laboratory,EXPORT_REPORT,2026-08-14 08:23:39,2026-08-14 08:24:04
EVT-100690,USR-1055,Administration,EDIT_RECORD,2026-08-30 20:17:39,2026-08-30 20:17:55
EVT-102466,USR-1021,HR,RUN_TEST,2026-08-02 08:43:39,2026-08-02 08:44:02
EVT-102365,USR-1025,Billing,RUN_TEST,2026-06-28 20:03:39,2026-06-28 20:03:41
EVT-102689,USR-1190,Radiology,DISPENSE_MED,2026-06-22 17:13:39,2026-06-22 17:13:55
EVT-103991,USR-1019,Pharmacy,DELETE_LOG,2026-08-14 03:01:39,2026-08-14 03:02:05
EVT-100418,USR-1100,Billing,RUN_TEST,2026-06-09 17:38:39,2026-06-09 17:38:58
EVT-105156,USR-1020,Patient Records,EXPORT_REPORT,2026-08-26 22:25:39,2026-08-26 22:26:06
EVT-103363,USR-1100,Patient Records,DISPENSE_MED,2026-08-11 15:10:39,2026-08-11 15:10:45
EVT-102680,USR-1187,Radiology,DELETE_LOG,2026-07-05 15:06:39,2026-07-05 15:06:44
EVT-104802,USR-1169,Patient Records,VIEW_RECORD,2026-06-12 01:34:39,2026-06-12 01:34:47
EVT-104532,USR-1166,Radiology,DISPENSE_MED,2026-08-20 02:52:39,2026-08-20 02:53:00
EVT-101031,USR-1146,Radiology,DISPENSE_MED,2026-08-09 00:45:39,2026-08-09 00:45:49
EVT-102071,USR-1096,Administration,EDIT_RECORD,2026-07-07 01:32:39,2026-07-07 01:33:05
EVT-103161,USR-1008,Radiology,LOGIN,2026-07-13 13:35:39,2026-07-14 20:16:39
EVT-103309,USR-1023,Billing,LOGIN,2026-08-26 16:01:39,2026-08-26 16:01:59
EVT-104541,USR-1046,Billing,DISPENSE_MED,2026-06-16 11:19:39,2026-06-16 11:19:50
EVT-102199,USR-1176,Patient Records,EDIT_RECORD,2026-06-15 11:02:39,2026-06-15 11:02:43
EVT-101201,USR-1118,Billing,VIEW_RECORD,2026-06-27 20:47:39,2026-06-27 20:48:05
EVT-100703,USR-1183,Pharmacy,RUN_TEST,2026-06-20 23:49:39,2026-06-20 23:50:08
EVT-104411,USR-1027,Radiology,RUN_TEST,2026-08-22 16:25:39,2026-08-24 20:46:39
EVT-104648,USR-1193,Billing,RUN_TEST,2026-08-05 13:52:39,2026-08-05 13:53:04
EVT-100815,USR-1192,Laboratory,LOGIN,2026-07-16 22:43:39,2026-07-16 22:44:03
EVT-100231,USR-1150,Patient Records,EDIT_RECORD,2026-07-13 14:39:39,2026-07-13 14:39:42
EVT-102525,USR-1071,Pharmacy,EDIT_RECORD,2026-06-25 16:50:39,2026-06-25 16:50:41
EVT-100630,USR-1014,Pharmacy,EDIT_RECORD,2026-08-04 21:25:39,2026-08-04 21:26:03
EVT-101231,USR-1065,Laboratory,LOGIN,2026-08-23 22:37:39,2026-08-23 22:37:53
EVT-103899,USR-1137,Laboratory,EDIT_RECORD,2026-07-06 17:05:39,2026-07-06 17:05:42
EVT-100307,USR-1045,HR,EDIT_RECORD,2026-06-06 07:01:39,2026-06-06 07:01:44
EVT-104088,USR-1129,Patient Records,LOGIN,2026-08-18 16:43:39,2026-08-18 16:43:59
EVT-100208,USR-1032,HR,DELETE_LOG,2026-09-01 00:40:39,2026-09-01 00:40:52
EVT-103010,USR-1072,Patient Records,RUN_TEST,2026-07-18 12:42:39,2026-07-18 12:43:05
EVT-100534,USR-1142,Billing,DELETE_LOG,2026-08-23 14:20:39,2026-08-23 14:20:46
EVT-100088,USR-1192,Billing,EXPORT_REPORT,2026-06-11 17:57:39,2026-06-11 17:57:43
EVT-102935,USR-1032,Radiology,DISPENSE_MED,2026-06-08 10:11:39,2026-06-09 21:30:39
EVT-104924,USR-1010,HR,DISPENSE_MED,2026-06-30 08:34:39,2026-06-30 08:35:05
EVT-100644,USR-1085,Patient Records,LOGIN,2026-06-13 01:18:39,2026-06-13 01:19:09
EVT-100293,USR-1057,HR,RUN_TEST,2026-08-30 01:28:39,2026-08-30 01:28:57
EVT-103706,USR-1155,Billing,DISPENSE_MED,2026-07-03 12:01:39,2026-07-03 12:01:53
EVT-101979,USR-1172,Radiology,LOGIN,2026-08-22 00:01:39,2026-08-22 00:02:06
EVT-103490,USR-1143,Radiology,DISPENSE_MED,2026-07-31 04:35:39,2026-07-31 04:35:50
EVT-102080,USR-1141,Radiology,EDIT_RECORD,2026-08-04 05:17:39,2026-08-04 05:17:43
EVT-104538,USR-1166,Billing,DISPENSE_MED,2026-06-21 08:43:39,2026-06-21 08:43:45
EVT-105071,USR-1154,Radiology,LOGIN,2026-08-07 07:55:39,2026-08-07 07:55:55
EVT-103008,USR-1136,Billing,DELETE_LOG,2026-06-28 07:35:39,2026-06-28 07:36:01
EVT-101847,USR-1086,Administration,DISPENSE_MED,2026-07-13 01:58:39,2026-07-13 01:58:57
EVT-102091,USR-1086,Pharmacy,VIEW_RECORD,2026-08-23 01:00:39,2026-08-23 01:01:05
EVT-101433,USR-1171,HR,VIEW_RECORD,2026-08-08 00:59:39,2026-08-08 01:00:06
EVT-103570,USR-1068,Radiology,EDIT_RECORD,2026-08-11 04:02:39,2026-08-11 04:02:51
EVT-101255,USR-1123,HR,VIEW_RECORD,2026-07-11 01:21:39,2026-07-11 01:21:58
EVT-101228,USR-1189,Pharmacy,DELETE_LOG,2026-07-02 21:31:39,2026-07-02 21:32:01
EVT-102064,USR-1162,Administration,EDIT_RECORD,2026-08-22 02:00:39,2026-08-22 02:00:53
EVT-103578,USR-1154,Laboratory,EXPORT_REPORT,2026-08-15 06:56:39,2026-08-15 06:57:05
EVT-100786,USR-1009,Radiology,DISPENSE_MED,2026-06-23 03:21:39,2026-06-23 03:22:06
EVT-104396,USR-1092,Billing,EXPORT_REPORT,2026-09-03 17:28:39,2026-09-03 17:29:06
EVT-103962,USR-1055,Administration,RUN_TEST,2026-08-01 00:33:39,2026-08-01 00:33:59
EVT-103845,USR-1137,Billing,EDIT_RECORD,2026-08-08 21:43:39,2026-08-08 21:43:50
EVT-104289,USR-1143,HR,EXPORT_REPORT,2026-08-16 01:56:39,2026-08-16 01:56:47
EVT-104690,USR-1141,Radiology,DISPENSE_MED,2026-09-02 14:20:39,2026-09-02 14:20:43
EVT-100110,USR-1054,Pharmacy,EXPORT_REPORT,2026-09-01 21:49:39,2026-09-03 17:26:39
EVT-104241,USR-1193,Administration,EXPORT_REPORT,2026-07-29 12:29:39,2026-07-29 12:30:06
EVT-101846,USR-1091,Administration,LOGIN,2026-07-06 06:46:39,2026-07-09 05:57:39
EVT-103219,USR-1045,HR,LOGIN,2026-06-29 19:21:39,2026-06-29 19:21:46
EVT-104519,USR-1008,Pharmacy,RUN_TEST,2026-08-13 07:07:39,2026-08-13 07:08:03
EVT-103330,USR-1012,Billing,RUN_TEST,2026-08-08 06:21:39,2026-08-08 06:21:52
EVT-104567,USR-1058,HR,VIEW_RECORD,2026-06-26 06:17:39,2026-06-26 06:17:56
EVT-103597,USR-1023,Patient Records,RUN_TEST,2026-07-23 05:17:39,2026-07-23 05:18:09
EVT-103616,USR-1057,Administration,LOGIN,2026-06-24 23:08:39,2026-06-24 23:08:58
EVT-104385,USR-1026,Administration,DISPENSE_MED,2026-08-08 08:18:39,2026-08-08 08:19:05
EVT-101052,USR-1123,Patient Records,DISPENSE_MED,2026-07-28 10:18:39,2026-07-28 10:18:57
EVT-100305,USR-1036,Laboratory,DELETE_LOG,2026-08-18 21:36:39,2026-08-18 21:37:02
EVT-103512,USR-1134,Patient Records,LOGIN,2026-08-17 04:37:39,2026-08-17 04:37:59
EVT-103231,USR-1062,Billing,VIEW_RECORD,2026-07-10 06:07:39,2026-07-10 06:07:54
EVT-103377,USR-1042,Pharmacy,RUN_TEST,2026-06-08 10:14:39,2026-06-08 10:14:53
EVT-101877,USR-1095,HR,EXPORT_REPORT,2026-08-22 06:59:39,2026-08-22 07:00:05
EVT-102987,USR-1156,Pharmacy,LOGIN,2026-08-21 13:57:39,2026-08-21 13:57:57
EVT-101997,USR-1148,Laboratory,DELETE_LOG,2026-07-09 23:27:39,2026-07-09 23:27:51
EVT-102667,USR-1112,HR,EXPORT_REPORT,2026-07-25 06:36:39,2026-07-25 20:38:39
EVT-103253,USR-1017,Patient Records,EXPORT_REPORT,2026-06-22 07:43:39,2026-06-22 07:43:42
EVT-101365,USR-1002,HR,DISPENSE_MED,2026-06-27 12:46:39,2026-06-27 12:46:57
EVT-102151,USR-1118,Billing,EDIT_RECORD,2026-09-03 09:43:39,2026-09-03 09:43:40
EVT-104712,USR-1054,Administration,LOGIN,2026-08-31 15:20:39,2026-08-31 15:20:52
EVT-103722,USR-1018,Billing,EDIT_RECORD,2026-07-03 13:47:39,2026-07-03 13:48:09
EVT-103435,USR-1184,Laboratory,DELETE_LOG,2026-07-29 20:35:39,2026-07-29 20:35:41
EVT-103555,USR-1100,Billing,DISPENSE_MED,2026-07-24 23:54:39,2026-07-24 23:55:05
EVT-100515,USR-1146,Patient Records,LOGIN,2026-07-17 05:18:39,2026-07-17 05:19:06
EVT-102845,USR-1055,Administration,LOGIN,2026-08-19 21:33:39,2026-08-19 21:34:03
EVT-100040,USR-1155,Billing,EDIT_RECORD,2026-08-30 09:32:39,2026-08-30 09:32:59
EVT-100914,USR-1172,HR,RUN_TEST,2026-07-20 07:47:39,2026-07-20 07:47:57
EVT-103552,USR-1118,Billing,DELETE_LOG,2026-07-18 13:13:39,2026-07-18 13:13:52
EVT-104133,USR-1066,Pharmacy,EXPORT_REPORT,2026-07-19 00:24:39,2026-07-19 00:25:00
EVT-104854,USR-1067,HR,EXPORT_REPORT,2026-08-09 16:56:39,2026-08-09 16:57:00
EVT-101909,USR-1008,Radiology,RUN_TEST,2026-07-16 21:40:39,2026-07-16 21:40:40
EVT-101517,USR-1164,Pharmacy,DELETE_LOG,2026-06-28 19:22:39,2026-06-28 19:22:40
EVT-103948,USR-1045,Laboratory,DISPENSE_MED,2026-06-20 06:30:39,2026-06-20 10:57:39
EVT-101442,USR-1090,Patient Records,DELETE_LOG,2026-08-18 06:15:39,2026-08-18 06:15:44
EVT-104092,USR-1172,HR,EXPORT_REPORT,2026-08-15 14:54:39,2026-08-15 14:55:09
EVT-104111,USR-1161,Laboratory,VIEW_RECORD,2026-07-12 21:16:39,2026-07-12 21:16:56
EVT-101318,USR-1112,Radiology,DISPENSE_MED,2026-07-27 12:57:39,2026-07-27 12:58:08
EVT-101642,USR-1129,HR,DELETE_LOG,2026-07-13 07:45:39,2026-07-13 07:45:44
EVT-105160,USR-1139,Pharmacy,LOGIN,2026-07-02 09:02:39,2026-07-02 09:03:06
EVT-104665,USR-1146,Radiology,LOGIN,2026-08-31 10:54:39,2026-08-31 10:54:57
EVT-104883,USR-1029,HR,RUN_TEST,2026-08-11 08:20:39,2026-08-11 08:21:00
EVT-104533,USR-1150,Patient Records,LOGIN,2026-09-01 00:32:39,2026-09-01 00:33:04
EVT-103975,USR-1200,Administration,DISPENSE_MED,2026-08-03 11:56:39,2026-08-03 11:56:48
EVT-100741,USR-1113,Patient Records,DELETE_LOG,2026-08-10 17:42:39,2026-08-10 17:43:09
EVT-100721,USR-1151,HR,DISPENSE_MED,2026-06-28 21:11:39,2026-06-28 21:11:49
EVT-102835,USR-1085,Patient Records,DELETE_LOG,2026-06-11 16:06:39,2026-06-11 16:07:03
EVT-100129,USR-1078,Billing,EXPORT_REPORT,2026-06-10 22:03:39,2026-06-10 22:03:44
EVT-103560,USR-1072,Laboratory,DELETE_LOG,2026-06-21 19:30:39,2026-06-21 19:30:57
EVT-100147,USR-1090,Laboratory,DISPENSE_MED,2026-06-06 07:33:39,2026-06-06 07:33:57
EVT-104394,USR-1011,Billing,DELETE_LOG,2026-08-11 03:19:39,2026-08-11 03:20:00
EVT-101737,USR-1154,Laboratory,LOGIN,2026-07-14 12:13:39,2026-07-14 12:13:58
EVT-103806,USR-1113,Billing,DELETE_LOG,2026-07-15 04:31:39,2026-07-15 04:31:53
EVT-100631,USR-1006,Patient Records,DELETE_LOG,2026-06-27 17:55:39,2026-06-27 17:56:09
EVT-100617,USR-1109,Laboratory,VIEW_RECORD,2026-06-23 07:35:39,2026-06-23 07:36:04
EVT-103213,USR-1056,Billing,DISPENSE_MED,2026-07-15 05:32:39,2026-07-15 05:32:40
EVT-104576,USR-1030,Laboratory,EXPORT_REPORT,2026-08-16 13:35:39,2026-08-16 13:36:00
EVT-103500,USR-1041,Billing,LOGIN,2026-08-03 21:37:39,2026-08-03 21:37:48
EVT-104215,USR-1191,Patient Records,LOGIN,2026-08-25 21:13:39,2026-08-26 16:14:39
EVT-100319,USR-1141,HR,DELETE_LOG,2026-07-26 13:30:39,2026-07-26 13:31:00
EVT-100966,USR-1002,Laboratory,DELETE_LOG,2026-06-28 12:02:39,2026-06-28 12:02:52
EVT-101881,USR-1058,Billing,LOGIN,2026-08-19 16:26:39,2026-08-19 16:26:48
EVT-102144,USR-1137,Billing,EXPORT_REPORT,2026-06-15 11:59:39,2026-06-15 12:00:09
EVT-100447,USR-1027,Radiology,LOGIN,2026-08-17 17:18:39,2026-08-17 17:18:54
EVT-100076,USR-1167,HR,RUN_TEST,2026-06-11 08:05:39,2026-06-13 14:18:39
EVT-102553,USR-1118,Billing,DELETE_LOG,2026-07-13 23:20:39,2026-07-13 23:21:04
EVT-100613,USR-1170,Radiology,EDIT_RECORD,2026-06-17 13:39:39,2026-06-17 13:39:42
EVT-104487,USR-1099,Patient Records,EXPORT_REPORT,2026-09-02 08:25:39,2026-09-02 08:26:06
EVT-101023,USR-1200,Pharmacy,LOGIN,2026-06-11 22:18:39,2026-06-11 22:18:50
EVT-102902,USR-1179,Patient Records,RUN_TEST,2026-06-06 07:28:39,2026-06-06 07:28:42
EVT-103886,USR-1043,Laboratory,EXPORT_REPORT,2026-07-15 19:54:39,2026-07-15 19:54:52
EVT-102473,USR-1190,Administration,RUN_TEST,2026-06-19 17:09:39,2026-06-19 17:09:59
EVT-INV-24,USR-INVALID-9999,Patient Records,INVALID_ACTION,2026-09-03 20:45:39,2026-09-03 20:45:39
EVT-103134,USR-1141,Administration,DELETE_LOG,2026-08-27 14:44:39,2026-08-27 14:44:57
EVT-100442,USR-1162,Patient Records,EDIT_RECORD,2026-07-20 00:42:39,2026-07-20 00:42:48
EVT-104853,USR-1050,Billing,RUN_TEST,2026-06-24 08:28:39,2026-06-24 08:28:52
EVT-105013,USR-1002,Laboratory,DELETE_LOG,2026-08-19 05:48:39,2026-08-19 05:48:45
EVT-104702,USR-1184,Pharmacy,EDIT_RECORD,2026-08-01 01:47:39,2026-08-01 01:47:47
EVT-104362,USR-1027,Radiology,EXPORT_REPORT,2026-06-23 07:20:39,2026-06-23 07:21:04
EVT-102352,USR-1152,Administration,LOGIN,2026-06-07 16:32:39,2026-06-07 16:32:53
EVT-102579,USR-1058,Billing,DISPENSE_MED,2026-06-12 04:14:39,2026-06-12 04:14:54
EVT-104085,USR-1027,Laboratory,EDIT_RECORD,2026-08-04 16:09:39,2026-08-04 16:09:49
EVT-103204,USR-1195,Radiology,VIEW_RECORD,2026-08-26 08:33:39,2026-08-26 08:33:47
EVT-102600,USR-1051,Patient Records,DISPENSE_MED,2026-07-13 12:30:39,2026-07-13 12:30:46
EVT-102143,USR-1081,Pharmacy,VIEW_RECORD,2026-06-09 08:40:39,2026-06-09 08:41:03
EVT-102719,USR-1134,Billing,DISPENSE_MED,2026-06-26 19:52:39,2026-06-26 19:53:09
EVT-100164,USR-1131,Patient Records,DELETE_LOG,2026-08-21 16:52:39,2026-08-21 16:53:02
EVT-103211,USR-1062,HR,RUN_TEST,2026-08-13 23:47:39,2026-08-13 23:47:48
EVT-104674,USR-1063,Patient Records,EXPORT_REPORT,2026-06-17 13:29:39,2026-06-17 13:30:02
EVT-101887,USR-1119,Billing,EXPORT_REPORT,2026-08-08 03:50:39,2026-08-08 03:51:08
EVT-104873,USR-1090,Administration,RUN_TEST,2026-07-25 04:53:39,2026-07-25 04:53:58
EVT-101192,USR-1159,Administration,VIEW_RECORD,2026-06-28 02:07:39,2026-06-28 02:07:58
EVT-102657,USR-1072,Administration,VIEW_RECORD,2026-08-10 21:39:39,2026-08-10 21:39:57
EVT-105181,USR-1054,Pharmacy,DISPENSE_MED,2026-06-26 05:36:39,2026-06-26 05:36:42
EVT-104360,USR-1053,Radiology,DELETE_LOG,2026-08-22 20:49:39,2026-08-24 15:13:39
EVT-103736,USR-1042,Pharmacy,LOGIN,2026-08-07 14:22:39,2026-08-07 14:22:42
EVT-100030,USR-1037,Laboratory,RUN_TEST,2026-07-31 08:44:39,2026-07-31 08:45:08
EVT-102409,USR-1119,Radiology,LOGIN,2026-07-31 03:21:39,2026-07-31 03:21:48
EVT-100772,USR-1142,HR,EXPORT_REPORT,2026-07-01 02:43:39,2026-07-01 02:43:53
EVT-102532,USR-1162,Administration,RUN_TEST,2026-08-01 02:41:39,2026-08-01 02:41:41
EVT-103916,USR-1033,Laboratory,RUN_TEST,2026-07-09 20:53:39,2026-07-11 01:27:39
EVT-104825,USR-1045,Administration,EXPORT_REPORT,2026-06-12 17:18:39,2026-06-12 17:18:48
EVT-103401,USR-1073,HR,DELETE_LOG,2026-08-14 12:00:39,2026-08-17 01:17:39
EVT-102384,USR-1182,Laboratory,VIEW_RECORD,2026-06-29 02:36:39,2026-06-29 02:36:56
EVT-101967,USR-1084,Patient Records,EDIT_RECORD,2026-07-27 04:00:39,2026-07-27 04:00:50
EVT-100171,USR-1083,Billing,DISPENSE_MED,2026-08-27 15:18:39,2026-08-27 15:18:40
EVT-100766,USR-1065,HR,DISPENSE_MED,2026-06-14 22:24:39,2026-06-14 22:24:55
EVT-101353,USR-1143,Billing,EXPORT_REPORT,2026-07-25 06:58:39,2026-07-25 06:58:42
EVT-100781,USR-1047,Billing,EDIT_RECORD,2026-07-26 16:03:39,2026-07-26 16:03:47
EVT-101648,USR-1019,HR,DISPENSE_MED,2026-08-10 01:17:39,2026-08-10 01:17:41
EVT-100737,USR-1062,HR,LOGIN,2026-08-24 11:52:39,2026-08-24 11:52:54
EVT-100434,USR-1029,Radiology,EDIT_RECORD,2026-06-28 21:28:39,2026-06-28 21:28:56
EVT-105174,USR-1195,Administration,VIEW_RECORD,2026-08-07 03:10:39,2026-08-07 03:10:45
EVT-105168,USR-1099,Patient Records,VIEW_RECORD,2026-07-27 13:53:39,2026-07-27 13:54:17
EVT-104943,USR-1132,Billing,DISPENSE_MED,2026-08-21 23:59:39,2026-08-22 10:48:39
EVT-103332,USR-1065,Administration,DELETE_LOG,2026-07-28 19:03:39,2026-07-28 19:04:06
EVT-103070,USR-1071,Radiology,EXPORT_REPORT,2026-07-19 21:37:39,2026-07-19 21:37:52
EVT-100684,USR-1183,Pharmacy,DELETE_LOG,2026-08-30 17:20:39,2026-09-02 16:13:39
EVT-103872,USR-1189,Patient Records,EDIT_RECORD,2026-08-12 22:27:39,2026-08-12 22:27:43
EVT-103595,USR-1171,Administration,DISPENSE_MED,2026-09-03 14:53:39,2026-09-03 14:53:45
EVT-103277,USR-1037,Radiology,RUN_TEST,2026-08-18 01:08:39,2026-08-18 01:08:41
EVT-103241,USR-1107,Pharmacy,RUN_TEST,2026-06-17 17:46:39,2026-06-17 17:47:08
EVT-102833,USR-1073,Administration,LOGIN,2026-06-10 17:03:39,2026-06-10 17:03:42
EVT-104472,USR-1135,Pharmacy,RUN_TEST,2026-06-23 20:34:39,2026-06-23 20:35:08
EVT-103779,USR-1140,Laboratory,LOGIN,2026-06-25 13:26:39,2026-06-25 13:27:02
EVT-100453,USR-1071,Radiology,EXPORT_REPORT,2026-09-01 21:50:39,2026-09-01 21:50:42
EVT-102374,USR-1165,Administration,EDIT_RECORD,2026-08-03 19:52:39,2026-08-03 19:52:55
EVT-102053,USR-1147,Billing,VIEW_RECORD,2026-07-03 04:14:39,2026-07-03 04:14:45
EVT-102522,USR-1091,Pharmacy,DISPENSE_MED,2026-07-26 06:11:39,2026-07-26 06:11:55
EVT-103034,USR-1044,Billing,EXPORT_REPORT,2026-07-13 19:13:39,2026-07-13 19:13:45
EVT-103232,USR-1172,HR,EDIT_RECORD,2026-08-11 04:17:39,2026-08-11 04:18:09
EVT-101928,USR-1066,Administration,DISPENSE_MED,2026-08-28 17:49:39,2026-08-28 17:49:59
EVT-102013,USR-1069,Radiology,EDIT_RECORD,2026-07-13 11:13:39,2026-07-13 11:13:58
EVT-101282,USR-1108,Laboratory,DISPENSE_MED,2026-06-06 02:16:39,2026-06-06 02:16:54
EVT-104084,USR-1123,Patient Records,RUN_TEST,2026-07-22 05:04:39,2026-07-22 05:05:05
EVT-104204,USR-1024,HR,VIEW_RECORD,2026-08-21 08:40:39,2026-08-21 08:41:00
EVT-102118,USR-1156,Pharmacy,DISPENSE_MED,2026-07-06 08:28:39,2026-07-06 08:29:02
EVT-103058,USR-1067,HR,DISPENSE_MED,2026-06-24 12:41:39,2026-06-24 12:41:50
EVT-100946,USR-1188,HR,DISPENSE_MED,2026-07-18 18:53:39,2026-07-18 18:53:46
EVT-102470,USR-1088,Pharmacy,EDIT_RECORD,2026-08-25 07:48:39,2026-08-25 07:48:59
EVT-103085,USR-1101,Radiology,EXPORT_REPORT,2026-06-23 12:52:39,2026-06-23 12:53:05
EVT-103620,USR-1076,Billing,VIEW_RECORD,2026-08-29 16:55:39,2026-08-29 16:55:46
EVT-100641,USR-1106,Laboratory,EDIT_RECORD,2026-07-15 13:18:39,2026-07-15 13:19:00
EVT-102169,USR-1010,HR,RUN_TEST,2026-06-09 12:02:39,2026-06-09 12:02:43
EVT-104563,USR-1079,Laboratory,DISPENSE_MED,2026-08-01 08:19:39,2026-08-01 08:19:54
EVT-103129,USR-1081,Laboratory,RUN_TEST,2026-07-10 23:41:39,2026-07-10 23:41:43
EVT-101345,USR-1032,HR,RUN_TEST,2026-08-25 16:38:39,2026-08-25 16:38:48
EVT-100161,USR-1150,Laboratory,RUN_TEST,2026-07-10 03:40:39,2026-07-10 03:40:52
EVT-104977,USR-1062,Radiology,VIEW_RECORD,2026-07-22 11:03:39,2026-07-22 11:03:52
EVT-100664,USR-1193,Pharmacy,DISPENSE_MED,2026-06-09 20:54:39,2026-06-09 20:54:58
EVT-104530,USR-1058,Radiology,DISPENSE_MED,2026-07-14 00:42:39,2026-07-14 00:43:04
EVT-103043,USR-1020,Billing,EDIT_RECORD,2026-07-05 08:01:39,2026-07-05 08:01:55
EVT-101694,USR-1147,Laboratory,EDIT_RECORD,2026-06-24 09:19:39,2026-06-24 09:20:01
EVT-100884,USR-1091,Laboratory,RUN_TEST,2026-06-06 04:19:39,2026-06-06 04:19:47
EVT-104464,USR-1112,Patient Records,VIEW_RECORD,2026-06-15 13:58:39,2026-06-15 13:58:59
EVT-103382,USR-1004,Pharmacy,RUN_TEST,2026-07-10 15:20:39,2026-07-10 15:21:01
EVT-100701,USR-1160,Laboratory,DELETE_LOG,2026-08-21 09:20:39,2026-08-21 09:20:42
EVT-101764,USR-1133,Radiology,DELETE_LOG,2026-06-23 22:58:39,2026-06-23 22:58:58
EVT-104709,USR-1091,Laboratory,LOGIN,2026-07-20 17:13:39,2026-07-20 17:14:05
EVT-103693,USR-1074,Pharmacy,DISPENSE_MED,2026-07-27 03:06:39,2026-07-27 03:06:50
EVT-100395,USR-1152,Patient Records,VIEW_RECORD,2026-08-20 07:45:39,2026-08-20 07:45:41
EVT-100458,USR-1135,Radiology,RUN_TEST,2026-08-22 20:30:39,2026-08-22 20:30:49
EVT-104276,USR-1018,Radiology,EXPORT_REPORT,2026-06-26 11:01:39,2026-06-26 11:01:52
EVT-101488,USR-1087,HR,DISPENSE_MED,2026-08-01 11:37:39,2026-08-01 11:37:59
EVT-105077,USR-1141,Administration,EXPORT_REPORT,2026-08-08 11:36:39,2026-08-08 11:36:48
EVT-100228,USR-1090,Patient Records,VIEW_RECORD,2026-08-09 22:59:39,2026-08-09 22:59:59
EVT-100705,USR-1085,Billing,DELETE_LOG,2026-07-13 21:51:39,2026-07-13 21:52:09
EVT-100376,USR-1056,Radiology,RUN_TEST,2026-08-22 08:45:39,2026-08-22 08:46:05
EVT-101363,USR-1103,Radiology,EXPORT_REPORT,2026-08-17 13:17:39,2026-08-17 13:17:52
EVT-102147,USR-1133,Administration,EXPORT_REPORT,2026-06-23 03:25:39,2026-06-25 21:59:39
EVT-103050,USR-1051,Administration,VIEW_RECORD,2026-06-30 01:51:39,2026-06-30 01:52:04
EVT-100542,USR-1037,Radiology,VIEW_RECORD,2026-06-12 01:57:39,2026-06-12 01:58:02
EVT-103209,USR-1106,Pharmacy,DELETE_LOG,2026-07-21 07:19:39,2026-07-21 07:19:46
EVT-104527,USR-1020,Pharmacy,EDIT_RECORD,2026-07-30 14:28:39,2026-07-30 14:28:57
EVT-101595,USR-1192,Billing,DISPENSE_MED,2026-06-23 21:01:39,2026-06-23 21:01:47
EVT-101537,USR-1113,Patient Records,RUN_TEST,2026-08-25 18:57:39,2026-08-25 18:57:56
EVT-101776,USR-1078,Billing,EDIT_RECORD,2026-06-11 22:01:39,2026-06-11 22:01:52
EVT-101994,USR-1142,HR,EXPORT_REPORT,2026-06-11 22:41:39,2026-06-11 22:41:48
EVT-100060,USR-1008,Radiology,DISPENSE_MED,2026-09-03 20:20:39,2026-09-03 20:20:49
EVT-104103,USR-1064,Pharmacy,VIEW_RECORD,2026-09-03 14:27:39,2026-09-03 14:28:06
EVT-101890,USR-1053,Radiology,DISPENSE_MED,2026-06-12 23:22:39,2026-06-12 23:22:54
EVT-102972,USR-1122,HR,EDIT_RECORD,2026-08-24 08:22:39,2026-08-24 08:22:53
EVT-104105,USR-1180,HR,DELETE_LOG,2026-07-25 19:38:39,2026-07-25 19:38:51
EVT-100206,USR-1191,Radiology,RUN_TEST,2026-07-17 02:06:39,2026-07-19 01:23:39
EVT-100162,USR-1035,Laboratory,DISPENSE_MED,2026-08-30 20:51:39,2026-08-30 20:52:09
EVT-102176,USR-1088,Pharmacy,RUN_TEST,2026-07-30 04:03:39,2026-07-30 04:03:52
EVT-100678,USR-1192,Laboratory,LOGIN,2026-07-23 04:28:39,2026-07-23 04:28:50
EVT-103619,USR-1078,Administration,DISPENSE_MED,2026-08-09 15:14:39,2026-08-09 15:15:03
EVT-101781,USR-1164,Administration,RUN_TEST,2026-07-22 23:53:39,2026-07-22 23:53:48
EVT-104006,USR-1186,Billing,EXPORT_REPORT,2026-09-01 16:47:39,2026-09-01 16:47:59
EVT-102872,USR-1072,Pharmacy,DELETE_LOG,2026-06-16 22:55:39,2026-06-16 22:56:09
EVT-103255,USR-1004,Billing,DISPENSE_MED,2026-06-24 12:51:39,2026-06-24 12:52:00
EVT-101406,USR-1030,Administration,EDIT_RECORD,2026-07-06 05:06:39,2026-07-06 05:07:09
EVT-102780,USR-1035,Billing,LOGIN,2026-07-13 08:48:39,2026-07-13 08:49:01
EVT-104907,USR-1155,Patient Records,DISPENSE_MED,2026-08-11 05:42:39,2026-08-11 05:42:55
EVT-101086,USR-1187,Laboratory,EDIT_RECORD,2026-06-06 12:49:39,2026-06-06 12:49:52
EVT-103014,USR-1178,Administration,RUN_TEST,2026-08-07 12:39:39,2026-08-07 12:39:48
EVT-103201,USR-1129,Laboratory,VIEW_RECORD,2026-06-28 16:31:39,2026-06-28 16:31:51
EVT-105107,USR-1003,Billing,LOGIN,2026-06-11 01:17:39,2026-06-11 01:17:54
EVT-100379,USR-1186,Billing,EXPORT_REPORT,2026-08-01 04:38:39,2026-08-01 04:38:54
EVT-101409,USR-1134,Patient Records,LOGIN,2026-06-08 19:20:39,2026-06-08 19:20:51
EVT-100704,USR-1135,Pharmacy,RUN_TEST,2026-08-15 12:46:39,2026-08-15 12:46:40
EVT-104003,USR-1160,Radiology,RUN_TEST,2026-06-06 02:12:39,2026-06-06 02:12:44
EVT-102601,USR-1111,Administration,DISPENSE_MED,2026-08-06 01:22:39,2026-08-06 01:23:07
EVT-103242,USR-1083,Pharmacy,VIEW_RECORD,2026-07-16 19:17:39,2026-07-16 19:17:50
EVT-103091,USR-1065,HR,VIEW_RECORD,2026-06-09 16:56:39,2026-06-09 16:56:43
EVT-100726,USR-1046,Pharmacy,VIEW_RECORD,2026-07-26 08:26:39,2026-07-26 08:26:42
EVT-104248,USR-1182,Laboratory,RUN_TEST,2026-06-10 21:50:39,2026-06-10 21:50:58
EVT-100720,USR-1056,Billing,EXPORT_REPORT,2026-08-20 20:03:39,2026-08-20 20:03:55
EVT-104714,USR-1107,Pharmacy,DISPENSE_MED,2026-09-02 18:33:39,2026-09-02 18:33:52
EVT-103943,USR-1187,Pharmacy,EXPORT_REPORT,2026-06-29 06:58:39,2026-06-29 06:59:09
EVT-100864,USR-1101,Administration,EXPORT_REPORT,2026-06-19 12:07:39,2026-06-19 12:07:54
EVT-103355,USR-1133,Radiology,DISPENSE_MED,2026-06-24 20:17:39,2026-06-24 20:17:49
EVT-103002,USR-1168,Patient Records,LOGIN,2026-08-28 20:05:39,2026-08-28 20:05:41
EVT-100495,USR-1143,Radiology,VIEW_RECORD,2026-08-16 17:28:39,2026-08-16 17:28:52
EVT-101404,USR-1166,Pharmacy,RUN_TEST,2026-06-15 04:16:39,2026-06-15 04:16:44
EVT-100708,USR-1077,Pharmacy,DISPENSE_MED,2026-07-31 20:42:39,2026-07-31 20:42:43
EVT-104230,USR-1148,Radiology,LOGIN,2026-07-31 13:08:39,2026-07-31 13:09:18
EVT-100645,USR-1075,Patient Records,EDIT_RECORD,2026-08-07 11:27:39,2026-08-07 11:28:06
EVT-101873,USR-1033,Radiology,LOGIN,2026-06-12 14:42:39,2026-06-12 14:42:55
EVT-102332,USR-1162,HR,DELETE_LOG,2026-07-27 15:13:39,2026-07-27 15:14:07
EVT-103758,USR-1111,Patient Records,EDIT_RECORD,2026-07-16 11:23:39,2026-07-16 11:23:40
EVT-102481,USR-1159,Billing,EDIT_RECORD,2026-07-16 20:37:39,2026-07-16 20:37:49
EVT-100958,USR-1158,Pharmacy,VIEW_RECORD,2026-06-24 09:19:39,2026-06-24 09:19:46
EVT-102079,USR-1079,HR,DELETE_LOG,2026-06-13 20:26:39,2026-06-16 07:58:39
EVT-101251,USR-1065,Administration,RUN_TEST,2026-07-21 05:22:39,2026-07-21 05:22:56
EVT-102541,USR-1188,Patient Records,RUN_TEST,2026-07-05 00:20:39,2026-07-05 00:21:09
EVT-104328,USR-1042,Radiology,VIEW_RECORD,2026-08-17 12:37:39,2026-08-17 12:37:45
EVT-101983,USR-1015,Administration,EXPORT_REPORT,2026-07-14 09:49:39,2026-07-14 09:50:07
EVT-101431,USR-1176,Patient Records,VIEW_RECORD,2026-06-12 01:01:39,2026-06-12 01:02:09
EVT-103025,USR-1137,Laboratory,DISPENSE_MED,2026-07-12 07:20:39,2026-07-12 07:20:53
EVT-101786,USR-1115,Patient Records,LOGIN,2026-06-22 12:46:39,2026-06-22 12:47:08
EVT-104310,USR-1070,Pharmacy,DISPENSE_MED,2026-08-05 02:48:39,2026-08-05 02:49:07
EVT-101332,USR-1023,Patient Records,DELETE_LOG,2026-07-26 19:15:39,2026-07-26 19:16:02
EVT-103343,USR-1161,Laboratory,VIEW_RECORD,2026-06-16 05:40:39,2026-06-16 05:40:56
EVT-103889,USR-1107,Pharmacy,EXPORT_REPORT,2026-07-13 05:56:39,2026-07-13 05:56:46
EVT-103654,USR-1003,Administration,VIEW_RECORD,2026-07-11 08:05:39,2026-07-11 08:05:54
EVT-104836,USR-1154,Laboratory,EXPORT_REPORT,2026-06-09 03:31:39,2026-06-09 03:31:54
EVT-104843,USR-1176,Pharmacy,DISPENSE_MED,2026-06-20 07:53:39,2026-06-20 07:53:45
EVT-101271,USR-1040,HR,RUN_TEST,2026-06-21 02:30:39,2026-06-21 02:30:43
EVT-102035,USR-1057,Billing,RUN_TEST,2026-08-10 00:19:39,2026-08-11 15:51:39
EVT-103564,USR-1113,Patient Records,LOGIN,2026-08-29 11:54:39,2026-08-29 11:54:40
EVT-100626,USR-1122,HR,VIEW_RECORD,2026-08-13 09:07:39,2026-08-13 09:08:03
EVT-102358,USR-1051,Administration,VIEW_RECORD,2026-07-19 00:18:39,2026-07-19 00:18:44
EVT-102318,USR-1073,Administration,VIEW_RECORD,2026-07-16 16:57:39,2026-07-16 16:57:42
EVT-100065,USR-1087,Billing,RUN_TEST,2026-08-20 18:47:39,2026-08-20 18:47:54
EVT-103072,USR-1197,Radiology,DISPENSE_MED,2026-06-25 19:18:39,2026-06-25 19:19:05
EVT-102703,USR-1086,Pharmacy,VIEW_RECORD,2026-07-09 02:28:39,2026-07-09 02:28:56
EVT-103158,USR-1020,Pharmacy,EXPORT_REPORT,2026-08-12 05:17:39,2026-08-12 05:17:41
EVT-101604,USR-1021,HR,VIEW_RECORD,2026-08-16 22:08:39,2026-08-19 19:34:39
EVT-100616,USR-1018,Billing,DISPENSE_MED,2026-08-13 03:47:39,2026-08-13 03:47:46
EVT-104740,USR-1199,Patient Records,DELETE_LOG,2026-06-19 04:08:39,2026-06-19 04:08:45
EVT-100448,USR-1167,Administration,LOGIN,2026-07-30 07:18:39,2026-07-30 07:18:49
EVT-100837,USR-1072,Administration,DISPENSE_MED,2026-06-20 21:07:39,2026-06-20 21:07:56
EVT-103371,USR-1129,HR,RUN_TEST,2026-08-12 06:33:39,2026-08-12 06:33:58
EVT-101655,USR-1178,Patient Records,RUN_TEST,2026-07-02 04:39:39,2026-07-02 04:39:52
EVT-103197,USR-1182,Laboratory,EXPORT_REPORT,2026-08-27 22:09:39,2026-08-27 22:10:08
EVT-101041,USR-1126,Pharmacy,RUN_TEST,2026-06-22 08:36:39,2026-06-22 08:36:50
EVT-103862,USR-1189,HR,EDIT_RECORD,2026-09-02 18:57:39,2026-09-03 11:07:39
EVT-100965,USR-1106,Laboratory,DISPENSE_MED,2026-06-29 00:02:39,2026-06-29 00:03:06
EVT-103045,USR-1142,HR,EXPORT_REPORT,2026-07-01 15:14:39,2026-07-01 15:14:53
EVT-102961,USR-1147,Billing,DELETE_LOG,2026-08-01 10:37:39,2026-08-01 10:37:48
EVT-104343,USR-1131,Patient Records,VIEW_RECORD,2026-06-21 16:13:39,2026-06-21 16:13:48
EVT-100944,USR-1068,Radiology,DELETE_LOG,2026-07-26 21:33:39,2026-07-26 21:33:59
EVT-102698,USR-1185,HR,DELETE_LOG,2026-08-04 17:33:39,2026-08-04 17:34:08
EVT-104596,USR-1134,Billing,RUN_TEST,2026-08-03 21:24:39,2026-08-03 21:24:58
EVT-102181,USR-1069,Radiology,RUN_TEST,2026-07-06 10:02:39,2026-07-06 10:02:53
EVT-103252,USR-1027,Radiology,EXPORT_REPORT,2026-09-01 02:28:39,2026-09-01 02:28:45
EVT-101805,USR-1083,Administration,VIEW_RECORD,2026-08-08 05:58:39,2026-08-08 05:58:52
EVT-104397,USR-1197,Radiology,VIEW_RECORD,2026-06-07 00:18:39,2026-06-07 00:18:49
EVT-102142,USR-1106,Pharmacy,EXPORT_REPORT,2026-06-27 15:58:39,2026-06-27 15:58:52
EVT-102419,USR-1057,Billing,LOGIN,2026-06-30 22:59:39,2026-06-30 22:59:57
EVT-102474,USR-1032,Billing,DISPENSE_MED,2026-07-12 01:34:39,2026-07-12 01:34:45
EVT-101013,USR-1005,HR,EXPORT_REPORT,2026-08-15 18:17:39,2026-08-15 18:17:56
EVT-102764,USR-1004,Laboratory,VIEW_RECORD,2026-08-27 19:05:39,2026-08-27 19:06:08
EVT-101910,USR-1150,Radiology,DELETE_LOG,2026-06-21 00:12:39,2026-06-22 05:56:39
EVT-104172,USR-1075,Laboratory,LOGIN,2026-09-01 03:15:39,2026-09-01 03:16:01
EVT-102983,USR-1198,Billing,EXPORT_REPORT,2026-06-16 11:36:39,2026-06-16 11:36:59
EVT-103803,USR-1014,Pharmacy,VIEW_RECORD,2026-08-07 16:13:39,2026-08-07 16:13:58
EVT-103572,USR-1087,Laboratory,DELETE_LOG,2026-07-13 20:55:39,2026-07-13 20:55:50
EVT-102361,USR-1178,Patient Records,EDIT_RECORD,2026-08-18 01:26:39,2026-08-18 01:26:49
EVT-100608,USR-1164,Pharmacy,DISPENSE_MED,2026-08-10 11:27:39,2026-08-10 11:27:57
EVT-102612,USR-1131,Patient Records,DISPENSE_MED,2026-08-24 02:01:39,2026-08-24 02:01:59
EVT-102070,USR-1087,Laboratory,RUN_TEST,2026-07-14 02:23:39,2026-07-14 02:24:02
EVT-102768,USR-1019,HR,EDIT_RECORD,2026-08-15 06:25:39,2026-08-15 06:25:53
EVT-104776,USR-1078,Pharmacy,LOGIN,2026-09-01 18:12:39,2026-09-01 18:13:07
EVT-101053,USR-1077,Pharmacy,EDIT_RECORD,2026-08-27 21:34:39,2026-08-27 21:34:56
EVT-104985,USR-1038,HR,EDIT_RECORD,2026-06-19 15:59:39,2026-06-19 15:59:58
EVT-103976,USR-1172,HR,DISPENSE_MED,2026-06-26 03:26:39,2026-06-26 03:27:06
EVT-102293,USR-1165,Billing,DELETE_LOG,2026-07-25 06:48:39,2026-07-25 06:48:46
EVT-102918,USR-1182,Laboratory,VIEW_RECORD,2026-08-26 13:35:39,2026-08-26 13:35:59
EVT-101629,USR-1150,Radiology,EDIT_RECORD,2026-08-05 13:32:39,2026-08-05 13:32:55
EVT-104753,USR-1187,Radiology,RUN_TEST,2026-07-04 11:22:39,2026-07-04 11:22:46
EVT-100575,USR-1018,Patient Records,EXPORT_REPORT,2026-06-17 13:16:39,2026-06-17 13:17:08
EVT-101974,USR-1100,Patient Records,LOGIN,2026-07-24 16:46:39,2026-07-24 16:46:40
EVT-102455,USR-1192,Billing,VIEW_RECORD,2026-07-25 14:01:39,2026-07-25 14:01:47
EVT-103998,USR-1181,Radiology,RUN_TEST,2026-08-31 18:27:39,2026-08-31 18:27:50
EVT-100449,USR-1176,Patient Records,LOGIN,2026-08-24 21:51:39,2026-08-24 21:51:43
EVT-100764,USR-1079,Administration,EXPORT_REPORT,2026-08-29 08:09:39,2026-08-29 08:09:53
EVT-104363,USR-1182,Laboratory,LOGIN,2026-07-24 12:30:39,2026-07-24 12:30:45
EVT-104089,USR-1142,HR,RUN_TEST,2026-08-23 06:19:39,2026-08-23 06:20:06
EVT-102578,USR-1018,Pharmacy,DISPENSE_MED,2026-07-10 02:30:39,2026-07-10 02:31:00
EVT-103216,USR-1091,Administration,EXPORT_REPORT,2026-08-30 18:00:39,2026-08-30 18:00:46
EVT-103298,USR-1032,HR,DELETE_LOG,2026-08-08 09:56:39,2026-08-08 09:57:06
EVT-101377,USR-1187,Pharmacy,EXPORT_REPORT,2026-08-22 16:53:39,2026-08-22 16:53:59
EVT-100780,USR-1088,HR,DELETE_LOG,2026-06-14 10:47:39,2026-06-14 10:48:05
EVT-103822,USR-1083,HR,EXPORT_REPORT,2026-07-22 17:24:39,2026-07-22 17:24:44
EVT-101207,USR-1168,Patient Records,DELETE_LOG,2026-06-29 04:15:39,2026-06-29 04:15:57
EVT-103549,USR-1156,Patient Records,LOGIN,2026-08-05 09:01:39,2026-08-05 09:01:41
EVT-101227,USR-1138,Patient Records,RUN_TEST,2026-06-08 23:30:39,2026-06-08 23:31:03
EVT-104900,USR-1118,Pharmacy,EXPORT_REPORT,2026-06-30 01:47:39,2026-06-30 01:47:51
EVT-100801,USR-1069,HR,DELETE_LOG,2026-07-03 18:28:39,2026-07-03 18:28:40
EVT-103961,USR-1051,Patient Records,EXPORT_REPORT,2026-06-27 07:41:39,2026-06-27 07:41:42
EVT-102675,USR-1101,Pharmacy,DELETE_LOG,2026-06-18 19:35:39,2026-06-18 19:35:52
EVT-102437,USR-1093,Patient Records,DELETE_LOG,2026-08-20 05:56:39,2026-08-20 05:57:04
EVT-104785,USR-1085,Patient Records,VIEW_RECORD,2026-08-31 04:00:39,2026-08-31 04:01:09
EVT-100669,USR-1132,HR,RUN_TEST,2026-08-24 04:24:39,2026-08-26 17:48:39
EVT-104405,USR-1075,Laboratory,VIEW_RECORD,2026-07-29 16:56:39,2026-07-29 16:57:01
EVT-103152,USR-1129,Laboratory,DISPENSE_MED,2026-06-07 05:38:39,2026-06-07 05:39:09
EVT-104631,USR-1029,HR,DISPENSE_MED,2026-06-08 09:01:39,2026-06-08 09:02:04
EVT-100490,USR-1049,Radiology,DISPENSE_MED,2026-08-22 03:52:39,2026-08-22 03:52:59
EVT-100745,USR-1057,Billing,VIEW_RECORD,2026-07-06 04:08:39,2026-07-06 04:09:02
EVT-104536,USR-1053,Radiology,EDIT_RECORD,2026-08-22 21:26:39,2026-08-22 21:26:41
EVT-102137,USR-1116,Laboratory,VIEW_RECORD,2026-06-12 05:40:39,2026-06-12 05:41:06
EVT-100532,USR-1085,HR,LOGIN,2026-07-23 04:02:39,2026-07-23 04:02:48
EVT-102685,USR-1005,HR,DISPENSE_MED,2026-07-26 11:10:39,2026-07-26 11:11:07
EVT-100868,USR-1133,Radiology,EDIT_RECORD,2026-07-31 02:15:39,2026-07-31 02:15:43
EVT-104508,USR-1085,Pharmacy,RUN_TEST,2026-07-17 06:52:39,2026-07-19 00:27:39
EVT-102755,USR-1099,Patient Records,EXPORT_REPORT,2026-08-07 16:26:39,2026-08-07 16:27:01
EVT-101609,USR-1132,Billing,EDIT_RECORD,2026-08-22 22:27:39,2026-08-22 22:27:52
EVT-105176,USR-1062,HR,DELETE_LOG,2026-07-22 00:44:39,2026-07-22 00:44:40
EVT-104329,USR-1094,Radiology,EXPORT_REPORT,2026-06-28 10:19:39,2026-06-28 10:20:07
EVT-104342,USR-1088,Pharmacy,DELETE_LOG,2026-06-23 19:58:39,2026-06-23 19:58:41
EVT-100349,USR-1001,Pharmacy,DELETE_LOG,2026-08-28 11:37:39,2026-08-28 11:38:00
EVT-104057,USR-1185,Laboratory,VIEW_RECORD,2026-07-09 18:30:39,2026-07-09 18:30:49
EVT-101905,USR-1186,Billing,EDIT_RECORD,2026-06-10 09:02:39,2026-06-10 09:02:59
EVT-INV-18,USR-INVALID-9999,Patient Records,INVALID_ACTION,2026-09-03 20:45:39,2026-09-03 20:45:39
EVT-104447,USR-1193,Patient Records,RUN_TEST,2026-07-25 05:20:39,2026-07-25 05:21:04
EVT-101682,USR-1130,Billing,RUN_TEST,2026-08-18 22:34:39,2026-08-18 22:35:01
EVT-102511,USR-1086,Patient Records,DISPENSE_MED,2026-06-11 08:11:39,2026-06-11 08:12:06
EVT-100244,USR-1108,Laboratory,EXPORT_REPORT,2026-06-12 08:58:39,2026-06-12 08:59:05
EVT-104629,USR-1091,Laboratory,LOGIN,2026-07-08 16:52:39,2026-07-08 16:52:50
EVT-104010,USR-1136,Billing,EDIT_RECORD,2026-06-24 10:03:39,2026-06-24 10:03:58
EVT-100388,USR-1087,Radiology,RUN_TEST,2026-06-09 08:48:39,2026-06-09 08:49:06
EVT-104456,USR-1066,Administration,EDIT_RECORD,2026-07-08 08:33:39,2026-07-09 11:03:39
EVT-100332,USR-1065,HR,RUN_TEST,2026-06-22 18:08:39,2026-06-22 18:09:08
EVT-104474,USR-1008,Pharmacy,DELETE_LOG,2026-07-19 14:48:39,2026-07-19 14:48:47
EVT-102916,USR-1158,Patient Records,RUN_TEST,2026-08-06 00:53:39,2026-08-06 00:53:45
EVT-105122,USR-1144,Administration,EXPORT_REPORT,2026-06-14 10:08:39,2026-06-14 10:08:51
EVT-101231,USR-1065,Laboratory,LOGIN,2026-08-23 22:37:39,2026-08-23 22:37:43
EVT-103898,USR-1031,Radiology,EXPORT_REPORT,2026-08-13 10:53:39,2026-08-13 10:53:49
EVT-100048,USR-1048,Radiology,DISPENSE_MED,2026-08-17 14:53:39,2026-08-17 14:54:01
EVT-101289,USR-1158,Patient Records,DISPENSE_MED,2026-06-22 06:54:39,2026-06-22 06:54:53
EVT-100351,USR-1104,HR,RUN_TEST,2026-06-10 18:08:39,2026-06-10 18:08:50
EVT-100564,USR-1012,Billing,LOGIN,2026-08-12 01:07:39,2026-08-12 01:07:47
EVT-102782,USR-1160,Laboratory,DISPENSE_MED,2026-08-16 09:57:39,2026-08-16 09:57:40
EVT-103594,USR-1195,Radiology,DISPENSE_MED,2026-07-10 22:09:39,2026-07-10 22:10:07
EVT-101536,USR-1094,Radiology,DISPENSE_MED,2026-08-25 10:17:39,2026-08-25 10:18:04
EVT-101039,USR-1148,HR,RUN_TEST,2026-06-30 14:57:39,2026-06-30 14:57:48
EVT-103900,USR-1139,Laboratory,RUN_TEST,2026-06-27 03:11:39,2026-06-29 23:04:49
EVT-104326,USR-1085,Patient Records,VIEW_RECORD,2026-08-27 03:51:39,2026-08-27 03:52:09
EVT-103522,USR-1142,Billing,VIEW_RECORD,2026-06-23 03:45:39,2026-06-23 03:46:07
EVT-102502,USR-1108,Laboratory,RUN_TEST,2026-08-14 23:43:39,2026-08-14 23:43:43
EVT-100209,USR-1140,Pharmacy,RUN_TEST,2026-06-19 04:30:39,2026-06-19 04:30:59
EVT-100253,USR-1179,Patient Records,EXPORT_REPORT,2026-07-12 01:46:39,2026-07-12 01:46:53
EVT-100764,USR-1079,Administration,EXPORT_REPORT,2026-08-29 08:09:39,2026-08-29 08:10:03
EVT-104917,USR-1073,Radiology,EDIT_RECORD,2026-06-18 15:06:39,2026-06-18 15:07:03
EVT-101208,USR-1177,HR,EXPORT_REPORT,2026-08-30 01:56:39,2026-08-30 01:57:04
EVT-103582,USR-1123,Patient Records,RUN_TEST,2026-08-15 09:03:39,2026-08-15 09:04:08
EVT-100035,USR-1083,Billing,EXPORT_REPORT,2026-08-05 13:17:39,2026-08-05 13:17:56
EVT-103705,USR-1158,Pharmacy,VIEW_RECORD,2026-07-06 21:07:39,2026-07-06 21:07:54
EVT-103873,USR-1030,Administration,RUN_TEST,2026-07-24 07:32:39,2026-07-24 07:32:56
EVT-103143,USR-1188,Patient Records,LOGIN,2026-08-04 10:59:39,2026-08-04 11:00:00
EVT-100716,USR-1023,Radiology,RUN_TEST,2026-06-09 05:18:39,2026-06-09 05:18:42
EVT-103827,USR-1085,Patient Records,LOGIN,2026-09-03 07:23:39,2026-09-03 07:23:57
EVT-104258,USR-1148,Radiology,LOGIN,2026-07-14 07:27:39,2026-07-14 07:27:55
EVT-101723,USR-1023,Billing,DISPENSE_MED,2026-07-09 02:21:39,2026-07-09 02:21:43
EVT-101071,USR-1045,Administration,DISPENSE_MED,2026-06-26 00:58:39,2026-06-26 00:58:47
EVT-103833,USR-1083,Billing,DELETE_LOG,2026-08-10 21:58:39,2026-08-10 21:59:00
EVT-104708,USR-1134,HR,RUN_TEST,2026-07-28 19:56:39,2026-07-28 19:56:45
EVT-104422,USR-1148,Laboratory,EXPORT_REPORT,2026-08-25 03:05:39,2026-08-25 03:05:57
EVT-103995,USR-1016,Administration,LOGIN,2026-07-30 01:12:39,2026-07-30 01:12:59
EVT-102851,USR-1032,Radiology,EXPORT_REPORT,2026-08-02 07:29:39,2026-08-02 07:29:56
EVT-101757,USR-1072,Administration,DISPENSE_MED,2026-06-11 21:48:39,2026-06-11 21:48:59
EVT-102353,USR-1162,Radiology,RUN_TEST,2026-07-25 18:39:39,2026-07-25 18:39:59
EVT-101627,USR-1101,Patient Records,DISPENSE_MED,2026-07-07 21:25:39,2026-07-07 21:25:43
EVT-103546,USR-1033,Patient Records,EXPORT_REPORT,2026-06-15 21:51:39,2026-06-15 21:51:47
EVT-100115,USR-1161,Laboratory,RUN_TEST,2026-06-09 11:23:39,2026-06-09 11:23:44
EVT-INV-43,,UnknownApp,INVALID_ACTION,2026-09-03 20:45:39,2026-09-03 20:45:39
EVT-100878,USR-1019,Pharmacy,DISPENSE_MED,2026-07-15 12:27:39,2026-07-15 12:27:55
EVT-104450,USR-1147,Patient Records,RUN_TEST,2026-07-02 07:17:39,2026-07-02 07:18:03
EVT-102478,USR-1159,Radiology,RUN_TEST,2026-08-11 22:14:39,2026-08-11 22:15:03
EVT-104893,USR-1004,HR,RUN_TEST,2026-08-24 18:08:39,2026-08-24 18:08:55
EVT-102258,USR-1058,Radiology,EXPORT_REPORT,2026-08-07 03:16:39,2026-08-07 03:17:07
EVT-102201,USR-1100,Patient Records,LOGIN,2026-07-25 22:48:39,2026-07-25 22:49:03
EVT-105008,USR-1115,Patient Records,VIEW_RECORD,2026-07-16 15:06:39,2026-07-16 15:06:45
EVT-101095,USR-1042,Radiology,VIEW_RECORD,2026-08-21 01:26:39,2026-08-21 01:27:00
EVT-104827,USR-1083,Administration,VIEW_RECORD,2026-06-14 12:09:39,2026-06-14 12:09:54
EVT-102805,USR-1152,HR,EDIT_RECORD,2026-07-21 08:08:39,2026-07-21 08:09:03
EVT-100812,USR-1034,Laboratory,RUN_TEST,2026-07-09 00:49:39,2026-07-09 00:50:00
EVT-101986,USR-1018,Billing,EDIT_RECORD,2026-07-23 20:53:39,2026-07-23 20:53:56
EVT-101209,USR-1162,Administration,DELETE_LOG,2026-07-21 11:47:39,2026-07-21 11:47:49
EVT-102903,USR-1082,Administration,DELETE_LOG,2026-06-10 20:08:39,2026-06-10 20:08:55
EVT-104244,USR-1146,Patient Records,EDIT_RECORD,2026-08-11 23:30:39,2026-08-11 23:31:05
EVT-102349,USR-1017,Laboratory,DISPENSE_MED,2026-08-30 15:11:39,2026-08-30 15:12:04
EVT-104231,USR-1116,Laboratory,EDIT_RECORD,2026-08-15 15:41:39,2026-08-15 15:41:41
EVT-101711,USR-1046,Pharmacy,EDIT_RECORD,2026-06-24 06:20:39,2026-06-24 06:20:56
EVT-104877,USR-1055,Administration,VIEW_RECORD,2026-08-25 03:09:39,2026-08-25 03:09:55
EVT-103725,USR-1124,Pharmacy,DISPENSE_MED,2026-06-08 06:06:39,2026-06-11 04:51:39
EVT-100676,USR-1117,Pharmacy,EDIT_RECORD,2026-08-13 10:20:39,2026-08-13 10:21:09
EVT-101576,USR-1100,Radiology,EXPORT_REPORT,2026-08-11 16:48:39,2026-08-11 16:48:46
EVT-104746,USR-1088,HR,EXPORT_REPORT,2026-08-02 04:19:39,2026-08-02 04:19:51
EVT-102210,USR-1025,Pharmacy,EXPORT_REPORT,2026-07-21 02:54:39,2026-07-21 02:55:04
EVT-101402,USR-1052,Billing,RUN_TEST,2026-07-02 20:58:39,2026-07-02 20:58:57
EVT-103433,USR-1028,HR,EDIT_RECORD,2026-08-06 21:54:39,2026-08-06 21:54:51
EVT-104919,USR-1185,HR,VIEW_RECORD,2026-08-08 14:24:39,2026-08-08 14:24:49
EVT-102546,USR-1080,Radiology,DELETE_LOG,2026-06-24 22:31:39,2026-06-24 22:31:59
EVT-104112,USR-1072,Laboratory,LOGIN,2026-06-09 22:19:39,2026-06-09 22:19:48
EVT-101464,USR-1181,Radiology,EDIT_RECORD,2026-06-27 10:41:39,2026-06-27 10:41:52
EVT-104807,USR-1129,Laboratory,DISPENSE_MED,2026-08-14 04:00:39,2026-08-14 04:00:51
EVT-102870,USR-1023,HR,EDIT_RECORD,2026-06-24 19:27:39,2026-06-24 19:27:46
EVT-101141,USR-1041,Billing,DELETE_LOG,2026-06-23 06:31:39,2026-06-23 06:31:44
EVT-104201,USR-1056,Radiology,EXPORT_REPORT,2026-07-08 09:57:39,2026-07-08 09:58:05
EVT-101964,USR-1157,Laboratory,LOGIN,2026-06-28 06:25:39,2026-06-28 06:25:59
EVT-100052,USR-1004,Administration,DISPENSE_MED,2026-06-15 12:12:39,2026-06-15 12:13:05
EVT-103092,USR-1087,HR,EXPORT_REPORT,2026-06-29 07:50:39,2026-06-29 07:51:01
EVT-100779,USR-1079,HR,EDIT_RECORD,2026-08-02 08:47:39,2026-08-02 08:47:45
EVT-101016,USR-1155,Patient Records,VIEW_RECORD,2026-07-26 20:03:39,2026-07-26 20:04:02
EVT-103743,USR-1070,Pharmacy,RUN_TEST,2026-08-02 14:02:39,2026-08-02 14:02:43
EVT-102697,USR-1136,Billing,DISPENSE_MED,2026-06-24 05:57:39,2026-06-24 05:57:50
EVT-100889,USR-1019,Laboratory,DISPENSE_MED,2026-08-02 21:04:39,2026-08-02 21:04:46
EVT-104272,USR-1179,Billing,DISPENSE_MED,2026-06-22 08:38:39,2026-06-22 08:38:49
EVT-100953,USR-1079,HR,EDIT_RECORD,2026-07-12 17:43:39,2026-07-12 17:44:04
EVT-100984,USR-1008,Administration,EDIT_RECORD,2026-06-16 09:59:39,2026-06-16 09:59:56
EVT-100977,USR-1120,Billing,EXPORT_REPORT,2026-08-19 06:25:39,2026-08-19 06:26:05
EVT-103980,USR-1071,Pharmacy,EXPORT_REPORT,2026-06-25 11:08:39,2026-06-25 11:08:48
EVT-103457,USR-1192,Laboratory,EXPORT_REPORT,2026-06-19 08:16:39,2026-06-19 08:16:47
EVT-100663,USR-1078,Administration,LOGIN,2026-07-28 03:17:39,2026-07-28 03:17:52
EVT-100278,USR-1005,Radiology,EXPORT_REPORT,2026-06-15 07:41:39,2026-06-15 07:41:53
EVT-104097,USR-1037,HR,LOGIN,2026-08-09 15:39:39,2026-08-09 15:40:02
EVT-102156,USR-1147,Billing,DELETE_LOG,2026-07-23 22:28:39,2026-07-23 22:29:00
EVT-102959,USR-1033,Radiology,LOGIN,2026-07-30 00:29:39,2026-07-30 00:29:41
EVT-100652,USR-1026,Administration,VIEW_RECORD,2026-07-02 06:54:39,2026-07-02 06:54:42
EVT-102012,USR-1051,Administration,DELETE_LOG,2026-07-18 07:44:39,2026-07-18 07:45:04
EVT-INV-31,,UnknownApp,INVALID_ACTION,2026-09-03 20:45:39,2026-09-03 20:45:39
EVT-104945,USR-1088,HR,RUN_TEST,2026-07-23 15:28:39,2026-07-23 15:28:52
EVT-102059,USR-1140,Pharmacy,LOGIN,2026-06-26 01:50:39,2026-06-26 01:50:40
EVT-103903,USR-1083,Billing,DELETE_LOG,2026-06-06 10:35:39,2026-06-06 10:36:06
EVT-102350,USR-1158,Radiology,EXPORT_REPORT,2026-07-18 01:26:39,2026-07-18 01:26:43
EVT-101202,USR-1088,HR,EXPORT_REPORT,2026-08-31 17:44:39,2026-08-31 17:44:59
EVT-101102,USR-1151,HR,EXPORT_REPORT,2026-07-02 11:43:39,2026-07-02 11:43:59
EVT-102650,USR-1106,Pharmacy,LOGIN,2026-08-17 23:22:39,2026-08-17 23:22:42
EVT-101313,USR-1091,Laboratory,EDIT_RECORD,2026-08-01 16:30:39,2026-08-01 16:30:45
EVT-104905,USR-1077,Pharmacy,DISPENSE_MED,2026-07-12 14:38:39,2026-07-14 21:07:39
EVT-102926,USR-1034,Laboratory,DISPENSE_MED,2026-06-18 10:37:39,2026-06-18 10:37:52
EVT-104274,USR-1174,HR,LOGIN,2026-07-01 03:38:39,2026-07-02 00:47:39
EVT-100666,USR-1060,HR,LOGIN,2026-06-07 04:45:39,2026-06-07 04:45:48
EVT-100810,USR-1088,HR,EDIT_RECORD,2026-06-13 22:13:39,2026-06-13 22:14:09
EVT-102738,USR-1178,Patient Records,DISPENSE_MED,2026-08-31 00:09:39,2026-09-01 09:54:39
EVT-100814,USR-1153,Patient Records,DISPENSE_MED,2026-06-25 06:52:39,2026-06-25 06:52:49
EVT-101475,USR-1076,Administration,DELETE_LOG,2026-08-22 22:09:39,2026-08-22 22:09:51
EVT-101970,USR-1019,Radiology,LOGIN,2026-08-14 15:14:39,2026-08-14 15:14:57
EVT-101686,USR-1058,Billing,RUN_TEST,2026-06-07 17:48:39,2026-06-07 17:48:51
EVT-102439,USR-1056,Billing,EDIT_RECORD,2026-06-24 18:42:39,2026-06-24 18:43:07
EVT-104881,USR-1087,Laboratory,DELETE_LOG,2026-06-05 23:06:39,2026-06-05 23:07:01
EVT-101866,USR-1077,Pharmacy,DELETE_LOG,2026-06-15 21:41:39,2026-06-15 21:41:41
EVT-102795,USR-1030,Radiology,VIEW_RECORD,2026-08-04 13:44:39,2026-08-04 13:45:00
EVT-102595,USR-1143,HR,LOGIN,2026-08-16 17:08:39,2026-08-16 17:08:57
EVT-100891,USR-1092,Billing,RUN_TEST,2026-07-14 14:41:39,2026-07-14 14:41:42
EVT-103397,USR-1115,Pharmacy,EDIT_RECORD,2026-06-19 02:31:39,2026-06-19 02:31:48
EVT-102083,USR-1031,Laboratory,RUN_TEST,2026-07-13 10:33:39,2026-07-13 10:34:03
EVT-103964,USR-1003,Radiology,DELETE_LOG,2026-07-06 01:39:39,2026-07-06 01:39:45
EVT-104137,USR-1057,HR,DELETE_LOG,2026-07-01 03:05:39,2026-07-01 03:05:59
EVT-102839,USR-1164,Administration,EXPORT_REPORT,2026-08-20 18:36:39,2026-08-20 18:36:42
EVT-104808,USR-1037,Laboratory,VIEW_RECORD,2026-07-28 09:38:39,2026-07-28 09:39:09
EVT-100823,USR-1188,Administration,LOGIN,2026-07-25 00:29:39,2026-07-25 00:30:03
EVT-100942,USR-1116,Laboratory,DELETE_LOG,2026-07-28 10:41:39,2026-07-28 10:41:59
EVT-101795,USR-1011,Billing,EXPORT_REPORT,2026-09-02 05:14:39,2026-09-02 05:14:41
EVT-101311,USR-1170,Radiology,LOGIN,2026-06-12 18:02:39,2026-06-12 18:02:44
EVT-105017,USR-1033,Radiology,DELETE_LOG,2026-07-16 03:43:39,2026-07-16 03:44:06
EVT-102376,USR-1162,Radiology,EDIT_RECORD,2026-06-26 09:22:39,2026-06-26 09:22:42
EVT-100180,USR-1075,Administration,LOGIN,2026-06-25 21:55:39,2026-06-25 21:55:51
EVT-102327,USR-1067,Laboratory,EXPORT_REPORT,2026-07-18 20:27:39,2026-07-18 20:28:04
EVT-103566,USR-1150,Radiology,VIEW_RECORD,2026-08-16 07:12:39,2026-08-16 07:12:54
EVT-102132,USR-1182,Laboratory,DISPENSE_MED,2026-08-05 07:35:39,2026-08-05 07:35:41
EVT-104671,USR-1085,HR,EDIT_RECORD,2026-06-23 13:42:39,2026-06-23 13:42:40
EVT-103734,USR-1003,Billing,DISPENSE_MED,2026-08-05 17:16:39,2026-08-05 17:16:42
EVT-101116,USR-1091,Pharmacy,DELETE_LOG,2026-08-27 06:56:39,2026-08-27 06:57:09
EVT-100886,USR-1033,Laboratory,LOGIN,2026-06-21 21:31:39,2026-06-21 21:32:06
EVT-100484,USR-1023,Patient Records,EDIT_RECORD,2026-07-29 16:17:39,2026-07-29 16:18:07
EVT-102286,USR-1083,Pharmacy,EDIT_RECORD,2026-06-06 22:05:39,2026-06-06 22:05:53
EVT-102082,USR-1165,Administration,DELETE_LOG,2026-09-01 21:15:39,2026-09-01 21:15:59
EVT-103160,USR-1011,Billing,DISPENSE_MED,2026-08-22 18:18:39,2026-08-22 18:18:48
EVT-104349,USR-1123,HR,VIEW_RECORD,2026-06-15 23:09:39,2026-06-16 04:08:39
EVT-103832,USR-1057,Billing,DELETE_LOG,2026-08-09 23:57:39,2026-08-09 23:58:02
EVT-105106,USR-1100,Billing,DISPENSE_MED,2026-06-18 07:09:39,2026-06-18 15:32:39
EVT-100816,USR-1160,Laboratory,EXPORT_REPORT,2026-06-15 18:38:39,2026-06-15 18:38:57
EVT-104352,USR-1019,Radiology,DELETE_LOG,2026-07-24 07:58:39,2026-07-24 07:59:06
EVT-102065,USR-1178,Patient Records,DELETE_LOG,2026-08-17 17:32:39,2026-08-17 17:32:46
EVT-101872,USR-1176,Patient Records,DISPENSE_MED,2026-08-01 22:13:39,2026-08-01 22:13:57
EVT-103954,USR-1034,Laboratory,EXPORT_REPORT,2026-06-15 06:24:39,2026-06-15 06:24:40
EVT-101827,USR-1134,HR,DISPENSE_MED,2026-06-24 15:07:39,2026-06-24 15:08:03
EVT-101715,USR-1039,Radiology,LOGIN,2026-08-27 03:49:39,2026-08-27 03:50:06
EVT-104241,USR-1193,Administration,EXPORT_REPORT,2026-07-29 12:29:39,2026-07-29 12:30:16
EVT-104720,USR-1156,Pharmacy,EDIT_RECORD,2026-07-23 13:17:39,2026-07-23 13:17:50
EVT-104805,USR-1184,Laboratory,LOGIN,2026-07-17 13:02:39,2026-07-17 13:03:08
EVT-100059,USR-1142,Administration,EDIT_RECORD,2026-08-02 02:18:39,2026-08-02 02:18:54
EVT-104271,USR-1033,Patient Records,LOGIN,2026-08-02 19:52:39,2026-08-02 19:53:04
EVT-101918,USR-1058,Billing,EXPORT_REPORT,2026-06-28 21:59:39,2026-06-28 22:00:04
EVT-100836,USR-1086,Billing,EXPORT_REPORT,2026-06-11 02:53:39,2026-06-11 02:54:03
EVT-100972,USR-1035,Billing,EDIT_RECORD,2026-06-18 17:17:39,2026-06-18 17:17:45
EVT-102168,USR-1130,Laboratory,VIEW_RECORD,2026-07-31 16:56:39,2026-07-31 16:56:54
EVT-101948,USR-1010,Billing,DELETE_LOG,2026-07-08 22:48:39,2026-07-08 22:48:59
EVT-104729,USR-1191,Radiology,DELETE_LOG,2026-06-11 22:31:39,2026-06-11 22:31:48
EVT-101367,USR-1037,Patient Records,LOGIN,2026-08-20 07:14:39,2026-08-20 07:14:58
EVT-100287,USR-1166,Laboratory,RUN_TEST,2026-07-22 00:50:39,2026-07-22 00:50:42
EVT-103186,USR-1162,Radiology,RUN_TEST,2026-07-13 13:56:39,2026-07-13 13:56:56
EVT-104434,USR-1026,Billing,RUN_TEST,2026-06-11 09:22:39,2026-06-11 09:23:09
EVT-103523,USR-1019,Pharmacy,LOGIN,2026-09-02 09:41:39,2026-09-02 09:41:48
EVT-101143,USR-1191,HR,EDIT_RECORD,2026-09-03 06:44:39,2026-09-03 06:45:06
EVT-101864,USR-1176,Patient Records,VIEW_RECORD,2026-07-14 09:37:39,2026-07-14 09:37:58
EVT-100286,USR-1038,Patient Records,LOGIN,2026-07-14 03:37:39,2026-07-14 03:37:51
EVT-103694,USR-1140,Pharmacy,RUN_TEST,2026-09-01 14:17:39,2026-09-01 14:18:05
EVT-101032,USR-1067,HR,RUN_TEST,2026-08-28 11:53:39,2026-08-28 11:53:51
EVT-104332,USR-1033,Billing,VIEW_RECORD,2026-07-05 11:47:39,2026-07-05 11:47:58
EVT-104962,USR-1053,Administration,EXPORT_REPORT,2026-07-19 23:52:39,2026-07-19 23:52:59
EVT-103931,USR-1158,Patient Records,DELETE_LOG,2026-09-03 07:59:39,2026-09-03 08:00:08
EVT-101729,USR-1078,Billing,RUN_TEST,2026-07-03 20:23:39,2026-07-03 20:24:01
EVT-105055,USR-1113,HR,VIEW_RECORD,2026-07-02 00:55:39,2026-07-04 13:02:39
EVT-102968,USR-1141,HR,DELETE_LOG,2026-07-10 17:59:39,2026-07-10 18:00:06
EVT-101256,USR-1079,HR,EDIT_RECORD,2026-08-23 04:04:39,2026-08-23 04:04:53
EVT-104568,USR-1044,Billing,DELETE_LOG,2026-08-22 00:25:39,2026-08-22 00:26:07
EVT-105050,USR-1064,Pharmacy,DISPENSE_MED,2026-08-27 22:42:39,2026-08-27 22:42:43
EVT-101440,USR-1130,Administration,VIEW_RECORD,2026-08-01 14:52:39,2026-08-01 14:52:47
EVT-102773,USR-1126,Laboratory,EXPORT_REPORT,2026-06-09 04:09:39,2026-06-09 04:09:40
EVT-INV-28,USR-INVALID-9999,UnknownApp,INVALID_ACTION,2026-09-03 20:45:39,2026-09-03 20:45:39
EVT-102363,USR-1024,Pharmacy,RUN_TEST,2026-07-13 07:55:39,2026-07-13 07:55:48
EVT-101860,USR-1076,Billing,EXPORT_REPORT,2026-06-24 18:55:39,2026-06-24 18:56:05
EVT-104592,USR-1111,Billing,RUN_TEST,2026-08-11 11:26:39,2026-08-11 11:27:00
EVT-104940,USR-1147,Patient Records,VIEW_RECORD,2026-06-29 00:33:39,2026-06-29 00:33:44
EVT-103379,USR-1087,Laboratory,DISPENSE_MED,2026-07-07 14:08:39,2026-07-07 14:09:04
EVT-101457,USR-1090,Administration,LOGIN,2026-08-01 20:25:39,2026-08-01 20:26:07
EVT-100712,USR-1154,Radiology,LOGIN,2026-07-06 03:20:39,2026-07-06 03:20:54
EVT-101481,USR-1093,Administration,LOGIN,2026-07-20 10:52:39,2026-07-20 10:52:50
EVT-103462,USR-1075,Billing,LOGIN,2026-07-18 06:36:39,2026-07-18 06:37:09
EVT-103606,USR-1125,Patient Records,RUN_TEST,2026-07-19 19:34:39,2026-07-19 19:34:54
EVT-101429,USR-1194,HR,EXPORT_REPORT,2026-08-26 22:09:39,2026-08-26 22:09:40
EVT-104221,USR-1093,Radiology,EDIT_RECORD,2026-07-17 05:56:39,2026-07-17 05:57:04
EVT-104043,USR-1154,Laboratory,DISPENSE_MED,2026-06-26 19:13:39,2026-06-26 19:13:45
EVT-103904,USR-1101,Billing,DELETE_LOG,2026-08-25 23:25:39,2026-08-27 04:31:39
EVT-103685,USR-1016,Administration,DISPENSE_MED,2026-07-11 14:26:39,2026-07-11 14:26:40
EVT-102749,USR-1143,Radiology,RUN_TEST,2026-08-11 12:55:39,2026-08-11 12:55:50
EVT-101065,USR-1093,Radiology,LOGIN,2026-07-04 05:00:39,2026-07-04 05:00:54
EVT-100879,USR-1109,Laboratory,DISPENSE_MED,2026-07-08 04:46:39,2026-07-08 04:47:08
EVT-101301,USR-1096,Radiology,RUN_TEST,2026-06-18 10:12:39,2026-06-18 10:12:43
EVT-103394,USR-1027,Radiology,DISPENSE_MED,2026-08-25 22:07:39,2026-08-25 22:08:11
EVT-100281,USR-1111,Billing,DISPENSE_MED,2026-07-09 03:15:39,2026-07-09 03:15:56
EVT-102368,USR-1039,Laboratory,DELETE_LOG,2026-08-13 05:13:39,2026-08-13 05:13:50
EVT-104007,USR-1036,Laboratory,VIEW_RECORD,2026-08-06 04:21:39,2026-08-06 04:22:09
EVT-104908,USR-1157,Laboratory,DISPENSE_MED,2026-06-22 23:17:39,2026-06-22 23:18:11
EVT-103410,USR-1193,Patient Records,EXPORT_REPORT,2026-07-18 08:51:39,2026-07-18 08:51:58
EVT-101317,USR-1119,Pharmacy,VIEW_RECORD,2026-08-24 19:00:39,2026-08-24 19:00:41
EVT-104549,USR-1200,Billing,VIEW_RECORD,2026-07-17 05:24:39,2026-07-17 05:24:40
EVT-102602,USR-1092,Billing,VIEW_RECORD,2026-06-26 10:47:39,2026-06-26 10:47:50
EVT-100807,USR-1193,Pharmacy,RUN_TEST,2026-06-07 07:57:39,2026-06-07 07:57:52
EVT-103664,USR-1200,Pharmacy,EDIT_RECORD,2026-07-09 04:00:39,2026-07-09 04:00:54
EVT-103759,USR-1062,HR,RUN_TEST,2026-06-08 11:16:39,2026-06-08 11:16:47
EVT-104437,USR-1008,Radiology,DISPENSE_MED,2026-07-07 19:27:39,2026-07-07 19:28:07
EVT-100870,USR-1108,Laboratory,EDIT_RECORD,2026-06-25 22:22:39,2026-06-25 22:22:49
EVT-104800,USR-1020,Patient Records,EXPORT_REPORT,2026-06-30 05:40:39,2026-07-01 02:40:39
EVT-101484,USR-1045,Administration,DISPENSE_MED,2026-08-11 09:16:39,2026-08-11 09:16:48
EVT-101906,USR-1056,Billing,LOGIN,2026-06-11 17:07:39,2026-06-11 17:07:48
EVT-101602,USR-1086,Administration,EXPORT_REPORT,2026-08-28 01:18:39,2026-08-28 01:19:00
EVT-104062,USR-1085,HR,EXPORT_REPORT,2026-07-11 20:02:39,2026-07-11 20:02:49
EVT-101963,USR-1033,Radiology,EXPORT_REPORT,2026-07-01 19:58:39,2026-07-01 19:58:53
EVT-101534,USR-1004,Laboratory,DELETE_LOG,2026-08-25 20:00:39,2026-08-25 20:01:05
EVT-104582,USR-1191,Radiology,EXPORT_REPORT,2026-08-29 04:01:39,2026-08-29 04:01:43
EVT-101274,USR-1132,HR,EDIT_RECORD,2026-06-09 17:05:39,2026-06-09 17:05:45
EVT-105027,USR-1188,Patient Records,VIEW_RECORD,2026-08-19 02:09:39,2026-08-20 03:03:39
EVT-101399,USR-1007,Pharmacy,DELETE_LOG,2026-07-01 11:18:39,2026-07-01 11:18:44
EVT-INV-44,USR-INVALID-9999,Patient Records,INVALID_ACTION,2026-09-03 20:45:39,2026-09-03 20:45:39
EVT-105119,USR-1037,Pharmacy,VIEW_RECORD,2026-06-10 10:09:39,2026-06-10 10:09:43
EVT-102582,USR-1020,Patient Records,VIEW_RECORD,2026-08-01 08:41:39,2026-08-01 08:41:53
EVT-102816,USR-1088,HR,DELETE_LOG,2026-07-03 22:13:39,2026-07-03 22:13:48
EVT-102255,USR-1097,Patient Records,EXPORT_REPORT,2026-07-25 19:28:39,2026-07-25 19:29:04
EVT-100133,USR-1188,HR,EDIT_RECORD,2026-08-27 15:08:39,2026-08-27 15:08:55
EVT-103719,USR-1115,Administration,VIEW_RECORD,2026-07-05 17:19:39,2026-07-05 17:19:40
EVT-101432,USR-1179,Billing,EDIT_RECORD,2026-06-18 14:38:39,2026-06-18 14:39:04
EVT-100688,USR-1081,Laboratory,EDIT_RECORD,2026-06-15 22:58:39,2026-06-15 22:58:42
EVT-103456,USR-1081,Administration,DELETE_LOG,2026-09-03 15:50:39,2026-09-03 15:50:44
EVT-101893,USR-1139,Laboratory,DELETE_LOG,2026-06-10 14:41:39,2026-06-10 14:41:44
EVT-103415,USR-1190,Radiology,DISPENSE_MED,2026-06-15 06:30:39,2026-06-15 06:30:52
EVT-100356,USR-1127,Laboratory,VIEW_RECORD,2026-08-07 15:52:39,2026-08-07 15:53:08
EVT-100092,USR-1150,Patient Records,DISPENSE_MED,2026-07-09 03:24:39,2026-07-09 03:24:41
EVT-101089,USR-1023,Patient Records,DISPENSE_MED,2026-08-28 17:16:39,2026-08-28 17:16:59
EVT-104571,USR-1044,Billing,RUN_TEST,2026-08-07 12:47:39,2026-08-07 12:47:58
EVT-100008,USR-1176,Pharmacy,DISPENSE_MED,2026-07-03 20:07:39,2026-07-03 20:08:09
EVT-104469,USR-1093,Patient Records,DISPENSE_MED,2026-08-18 18:01:39,2026-08-18 18:01:43
EVT-105194,USR-1073,Radiology,LOGIN,2026-08-16 02:12:39,2026-08-16 02:12:58
EVT-103051,USR-1193,Billing,EXPORT_REPORT,2026-08-05 17:49:39,2026-08-05 17:50:02
EVT-104599,USR-1192,Laboratory,RUN_TEST,2026-07-11 18:10:39,2026-07-11 18:10:56
EVT-104081,USR-1007,Pharmacy,VIEW_RECORD,2026-07-22 06:55:39,2026-07-22 06:56:05
EVT-105102,USR-1046,Pharmacy,LOGIN,2026-08-30 07:45:39,2026-08-30 07:45:42
EVT-104252,USR-1132,Laboratory,LOGIN,2026-08-11 18:43:39,2026-08-11 18:43:45
EVT-101219,USR-1150,Patient Records,EXPORT_REPORT,2026-08-17 01:21:39,2026-08-17 01:21:40
EVT-101078,USR-1156,Patient Records,RUN_TEST,2026-07-29 21:44:39,2026-07-29 21:44:43
EVT-103147,USR-1018,Pharmacy,RUN_TEST,2026-08-13 03:33:39,2026-08-13 03:33:40
EVT-104559,USR-1015,Administration,EXPORT_REPORT,2026-07-04 09:58:39,2026-07-04 09:58:50
EVT-104175,USR-1065,Laboratory,EXPORT_REPORT,2026-07-15 21:29:39,2026-07-15 21:30:09
EVT-105091,USR-1199,Patient Records,VIEW_RECORD,2026-07-15 13:52:39,2026-07-15 13:52:58
EVT-104158,USR-1159,Administration,RUN_TEST,2026-06-12 09:24:39,2026-06-12 09:24:56
EVT-104914,USR-1134,Laboratory,DISPENSE_MED,2026-06-11 10:04:39,2026-06-12 15:02:49
EVT-104891,USR-1158,Radiology,DELETE_LOG,2026-08-29 17:54:39,2026-08-29 17:54:54
EVT-100027,USR-1096,Radiology,RUN_TEST,2026-06-12 15:04:39,2026-06-12 15:04:45
EVT-102981,USR-1055,HR,VIEW_RECORD,2026-06-14 05:09:39,2026-06-14 05:09:43
EVT-102704,USR-1130,Laboratory,DISPENSE_MED,2026-07-11 00:22:39,2026-07-11 00:23:03
EVT-102868,USR-1039,Radiology,EXPORT_REPORT,2026-08-01 22:34:39,2026-08-01 22:35:06
EVT-103460,USR-1085,Pharmacy,EDIT_RECORD,2026-07-16 19:08:39,2026-07-16 19:09:09
EVT-102710,USR-1143,Laboratory,EDIT_RECORD,2026-07-10 19:37:39,2026-07-10 19:37:46
EVT-104630,USR-1142,Administration,RUN_TEST,2026-07-16 20:28:39,2026-07-16 20:29:04
EVT-102904,USR-1058,Billing,RUN_TEST,2026-07-12 17:54:39,2026-07-12 17:54:56
EVT-INV-8,USR-INVALID-9999,Patient Records,INVALID_ACTION,2026-09-03 20:45:39,2026-09-03 20:45:39
EVT-103340,USR-1019,Radiology,DISPENSE_MED,2026-06-07 21:52:39,2026-06-07 21:52:41
EVT-102898,USR-1086,Patient Records,VIEW_RECORD,2026-06-15 02:29:39,2026-06-15 02:29:55
EVT-101486,USR-1103,Radiology,RUN_TEST,2026-07-21 10:08:39,2026-07-23 03:16:39
EVT-101426,USR-1090,Laboratory,RUN_TEST,2026-07-21 00:39:39,2026-07-21 00:40:06
EVT-101321,USR-1150,Radiology,RUN_TEST,2026-07-20 18:10:39,2026-07-20 18:11:02
EVT-104266,USR-1025,Pharmacy,EXPORT_REPORT,2026-07-02 18:57:39,2026-07-02 18:57:43
EVT-104452,USR-1034,Patient Records,DISPENSE_MED,2026-09-01 23:01:39,2026-09-01 23:02:03
EVT-103120,USR-1044,Pharmacy,RUN_TEST,2026-07-15 15:46:39,2026-07-15 15:46:50
EVT-101335,USR-1199,Administration,EXPORT_REPORT,2026-08-21 07:52:39,2026-08-21 07:52:44
EVT-100821,USR-1164,Administration,EXPORT_REPORT,2026-08-29 09:48:39,2026-08-29 09:48:48
EVT-101634,USR-1057,Billing,EXPORT_REPORT,2026-08-15 04:36:39,2026-08-15 04:36:52
EVT-101015,USR-1179,Patient Records,DISPENSE_MED,2026-08-03 20:35:39,2026-08-03 20:35:50
EVT-INV-3,,Patient Records,INVALID_ACTION,2026-09-03 20:45:39,2026-09-03 20:45:39
EVT-102042,USR-1110,HR,EXPORT_REPORT,2026-06-28 20:31:39,2026-06-28 20:32:07
EVT-104767,USR-1165,Administration,VIEW_RECORD,2026-06-30 20:06:39,2026-06-30 20:06:45
EVT-100693,USR-1101,Administration,DELETE_LOG,2026-06-11 12:19:39,2026-06-11 12:19:50
EVT-101857,USR-1190,Radiology,EDIT_RECORD,2026-07-09 06:10:39,2026-07-11 10:27:39
EVT-100050,USR-1183,Pharmacy,RUN_TEST,2026-07-28 01:46:39,2026-07-28 01:47:04
EVT-103475,USR-1140,Pharmacy,RUN_TEST,2026-07-19 16:02:39,2026-07-19 16:03:05
EVT-102054,USR-1126,Laboratory,EXPORT_REPORT,2026-06-19 05:07:39,2026-06-19 05:07:40
EVT-101987,USR-1112,Patient Records,DELETE_LOG,2026-06-28 12:54:39,2026-06-28 12:54:42
EVT-101681,USR-1032,Radiology,EXPORT_REPORT,2026-07-04 01:54:39,2026-07-04 01:55:09
EVT-105045,USR-1072,Billing,DISPENSE_MED,2026-07-24 00:20:39,2026-07-24 00:20:51
EVT-101529,USR-1101,Administration,RUN_TEST,2026-07-27 02:29:39,2026-07-27 02:30:04
EVT-104925,USR-1100,Patient Records,RUN_TEST,2026-07-30 12:52:39,2026-07-30 12:52:52
EVT-100623,USR-1027,Billing,RUN_TEST,2026-08-07 17:49:39,2026-08-07 17:50:08
EVT-100177,USR-1147,Patient Records,EXPORT_REPORT,2026-08-08 23:31:39,2026-08-08 23:32:02
EVT-103906,USR-1074,Pharmacy,VIEW_RECORD,2026-09-03 13:06:39,2026-09-03 13:07:06
EVT-101361,USR-1081,Pharmacy,VIEW_RECORD,2026-07-11 07:53:39,2026-07-11 07:53:44
EVT-102047,USR-1061,Billing,EXPORT_REPORT,2026-06-18 15:46:39,2026-06-18 15:47:08
EVT-101119,USR-1118,Billing,DISPENSE_MED,2026-07-14 16:44:39,2026-07-14 16:44:42
EVT-102960,USR-1144,Administration,VIEW_RECORD,2026-06-18 19:28:39,2026-06-18 19:29:07
EVT-104295,USR-1190,Radiology,EDIT_RECORD,2026-06-28 00:34:39,2026-06-28 00:35:02
EVT-101348,USR-1193,Patient Records,VIEW_RECORD,2026-08-04 17:13:39,2026-08-04 17:14:05
EVT-101384,USR-1148,Laboratory,RUN_TEST,2026-07-08 12:56:39,2026-07-08 12:57:04
EVT-101505,USR-1019,HR,VIEW_RECORD,2026-06-16 20:32:39,2026-06-19 08:16:39
EVT-102244,USR-1020,Patient Records,DELETE_LOG,2026-08-30 05:10:39,2026-08-30 05:11:00
EVT-103038,USR-1012,Billing,EDIT_RECORD,2026-07-11 20:31:39,2026-07-11 20:32:06
EVT-100013,USR-1028,Pharmacy,DISPENSE_MED,2026-08-05 07:51:39,2026-08-06 23:32:49
EVT-102672,USR-1037,Pharmacy,DELETE_LOG,2026-07-21 08:20:39,2026-07-21 08:21:03
EVT-103661,USR-1045,HR,VIEW_RECORD,2026-08-29 12:38:39,2026-08-29 12:38:59
EVT-100264,USR-1006,Patient Records,RUN_TEST,2026-07-13 06:15:39,2026-07-13 06:15:46
EVT-103592,USR-1035,Radiology,DELETE_LOG,2026-08-11 18:07:39,2026-08-11 18:08:04
EVT-103220,USR-1045,Laboratory,EXPORT_REPORT,2026-06-26 23:58:39,2026-06-26 23:58:49
EVT-101476,USR-1113,Patient Records,DELETE_LOG,2026-06-10 06:59:39,2026-06-10 07:00:08
EVT-103947,USR-1062,Radiology,RUN_TEST,2026-08-21 23:34:39,2026-08-21 23:35:07
EVT-103140,USR-1134,Laboratory,LOGIN,2026-06-14 17:28:39,2026-06-14 17:28:55
EVT-102298,USR-1150,Pharmacy,DELETE_LOG,2026-08-30 11:50:39,2026-08-30 11:50:41
EVT-100683,USR-1004,Laboratory,EXPORT_REPORT,2026-06-07 19:51:39,2026-06-07 19:52:02
EVT-102153,USR-1132,Billing,RUN_TEST,2026-06-23 22:25:39,2026-06-23 22:25:50
EVT-103078,USR-1039,Laboratory,RUN_TEST,2026-08-14 13:50:39,2026-08-14 13:50:49
EVT-102648,USR-1002,Laboratory,DELETE_LOG,2026-07-05 08:11:39,2026-07-05 08:11:43
EVT-101865,USR-1199,Administration,RUN_TEST,2026-06-29 01:25:39,2026-06-29 01:26:03
EVT-101062,USR-1078,Billing,EDIT_RECORD,2026-06-19 06:20:39,2026-06-19 06:21:06
EVT-101746,USR-1172,HR,DELETE_LOG,2026-06-26 10:49:39,2026-06-26 10:50:09
EVT-103228,USR-1053,Radiology,RUN_TEST,2026-06-14 00:55:39,2026-06-14 00:55:58
EVT-102380,USR-1199,Radiology,EDIT_RECORD,2026-08-06 22:02:39,2026-08-06 22:02:57
EVT-100835,USR-1015,HR,EDIT_RECORD,2026-07-12 16:20:39,2026-07-12 16:20:53
EVT-103019,USR-1104,HR,EDIT_RECORD,2026-08-07 15:24:39,2026-08-07 15:24:45
EVT-100285,USR-1190,Administration,DISPENSE_MED,2026-06-11 12:39:39,2026-06-11 12:39:51
EVT-101419,USR-1199,Patient Records,EXPORT_REPORT,2026-06-23 08:01:39,2026-06-23 08:01:55
EVT-103274,USR-1170,Radiology,RUN_TEST,2026-06-17 22:45:39,2026-06-17 22:45:54
EVT-104117,USR-1052,Billing,EDIT_RECORD,2026-07-28 22:08:39,2026-07-28 22:08:51
EVT-103455,USR-1073,Administration,DELETE_LOG,2026-08-21 12:38:39,2026-08-21 12:38:40
EVT-101306,USR-1200,Patient Records,RUN_TEST,2026-06-18 15:30:39,2026-06-18 15:31:01
EVT-104451,USR-1035,Laboratory,LOGIN,2026-08-29 16:13:39,2026-08-29 16:13:53
EVT-100492,USR-1183,Laboratory,EDIT_RECORD,2026-08-28 20:20:39,2026-08-28 20:20:58
EVT-101391,USR-1082,Administration,LOGIN,2026-08-21 19:14:39,2026-08-21 19:14:47
EVT-102087,USR-1093,Radiology,RUN_TEST,2026-08-25 01:09:39,2026-08-25 01:10:04
EVT-100794,USR-1148,HR,DISPENSE_MED,2026-06-07 14:33:39,2026-06-07 14:34:04
EVT-104801,USR-1172,Patient Records,DELETE_LOG,2026-07-16 19:08:39,2026-07-16 19:09:02
EVT-100847,USR-1171,HR,EXPORT_REPORT,2026-07-21 08:58:39,2026-07-23 10:34:39
EVT-101035,USR-1088,Pharmacy,DISPENSE_MED,2026-07-22 08:00:39,2026-07-22 08:00:52
EVT-101456,USR-1120,Billing,EXPORT_REPORT,2026-07-27 06:02:39,2026-07-27 06:02:43
EVT-102399,USR-1080,HR,DELETE_LOG,2026-08-20 08:27:39,2026-08-20 08:27:52
EVT-104424,USR-1016,Administration,DELETE_LOG,2026-08-20 13:43:39,2026-08-20 13:44:00
EVT-102403,USR-1010,Billing,DISPENSE_MED,2026-08-21 21:40:39,2026-08-21 21:41:04
EVT-103239,USR-1071,Radiology,DELETE_LOG,2026-08-22 13:22:39,2026-08-22 13:22:45
EVT-101168,USR-1066,Administration,EXPORT_REPORT,2026-06-08 16:58:39,2026-06-08 16:58:50
EVT-101790,USR-1153,Laboratory,EXPORT_REPORT,2026-08-31 01:34:39,2026-08-31 01:34:55
EVT-103524,USR-1129,HR,DELETE_LOG,2026-08-21 05:46:39,2026-08-21 05:47:00
EVT-101169,USR-1182,Laboratory,EXPORT_REPORT,2026-08-02 01:53:39,2026-08-02 01:54:05
EVT-103370,USR-1088,Pharmacy,DELETE_LOG,2026-08-01 12:49:39,2026-08-01 12:50:00
EVT-104162,USR-1108,Laboratory,LOGIN,2026-06-18 04:22:39,2026-06-18 04:22:40
EVT-104615,USR-1037,Radiology,EDIT_RECORD,2026-06-22 01:21:39,2026-06-22 01:21:48
EVT-104314,USR-1055,HR,LOGIN,2026-08-30 23:01:39,2026-08-30 23:02:08
EVT-100183,USR-1077,Pharmacy,EXPORT_REPORT,2026-06-17 15:21:39,2026-06-17 15:21:56
EVT-104999,USR-1189,Pharmacy,RUN_TEST,2026-08-14 11:42:39,2026-08-14 11:43:07
EVT-100734,USR-1164,Laboratory,RUN_TEST,2026-08-25 01:38:39,2026-08-25 01:38:53
EVT-104880,USR-1081,Billing,EXPORT_REPORT,2026-06-26 21:36:39,2026-06-26 21:37:09
EVT-101679,USR-1165,Billing,VIEW_RECORD,2026-06-28 02:40:39,2026-06-28 02:41:09
EVT-103463,USR-1035,Billing,LOGIN,2026-06-06 12:12:39,2026-06-06 12:12:50
EVT-104673,USR-1044,Pharmacy,DISPENSE_MED,2026-08-11 04:30:39,2026-08-11 04:31:07
EVT-104402,USR-1010,HR,DELETE_LOG,2026-07-19 16:08:39,2026-07-19 16:08:42
EVT-104813,USR-1066,Laboratory,VIEW_RECORD,2026-06-24 07:03:39,2026-06-24 07:03:50
EVT-103440,USR-1087,Radiology,EXPORT_REPORT,2026-07-19 03:14:39,2026-07-19 03:14:45
EVT-102661,USR-1042,Radiology,RUN_TEST,2026-07-28 08:07:39,2026-07-28 08:07:49
EVT-103164,USR-1005,HR,EXPORT_REPORT,2026-06-24 08:36:39,2026-06-24 08:36:51
EVT-104865,USR-1108,Laboratory,LOGIN,2026-08-20 05:03:39,2026-08-20 05:03:51
EVT-104173,USR-1182,Administration,LOGIN,2026-07-20 17:55:39,2026-07-20 17:56:06
EVT-103391,USR-1096,Administration,EXPORT_REPORT,2026-08-10 15:35:39,2026-08-10 15:35:57
EVT-104837,USR-1066,Administration,RUN_TEST,2026-07-30 04:27:39,2026-07-30 04:28:02
EVT-103614,USR-1141,Patient Records,EDIT_RECORD,2026-06-19 20:16:39,2026-06-19 20:16:46
EVT-104748,USR-1056,Radiology,EXPORT_REPORT,2026-08-24 19:30:39,2026-08-24 19:31:09
EVT-INV-9,,Patient Records,INVALID_ACTION,INVALID_DATE,2026-09-03 20:45:39
EVT-102790,USR-1041,Administration,RUN_TEST,2026-08-21 14:29:39,2026-08-21 14:30:00
EVT-102069,USR-1118,HR,DELETE_LOG,2026-08-19 08:21:39,2026-08-21 15:00:39
EVT-103987,USR-1193,Patient Records,EDIT_RECORD,2026-06-06 18:04:39,2026-06-06 18:04:41
EVT-101777,USR-1016,Administration,EDIT_RECORD,2026-08-28 16:19:39,2026-08-28 16:19:45
EVT-102488,USR-1158,Administration,DELETE_LOG,2026-08-18 12:59:39,2026-08-18 12:59:40
EVT-105059,USR-1132,Laboratory,EDIT_RECORD,2026-08-29 07:19:39,2026-08-29 07:20:02
EVT-102444,USR-1158,Pharmacy,VIEW_RECORD,2026-06-27 00:01:39,2026-06-27 00:01:58
EVT-102853,USR-1115,Pharmacy,LOGIN,2026-08-20 02:52:39,2026-08-20 02:52:45
EVT-100063,USR-1162,Radiology,EDIT_RECORD,2026-09-01 21:21:39,2026-09-01 21:22:02
EVT-100019,USR-1043,Laboratory,VIEW_RECORD,2026-07-02 00:41:39,2026-07-02 00:41:43
EVT-102919,USR-1037,HR,EDIT_RECORD,2026-06-22 04:16:39,2026-06-22 04:16:43
EVT-101836,USR-1190,Administration,EXPORT_REPORT,2026-08-12 01:30:39,2026-08-12 01:31:05
EVT-103125,USR-1110,HR,EDIT_RECORD,2026-08-03 22:09:39,2026-08-03 22:09:42
EVT-INV-7,,UnknownApp,INVALID_ACTION,2026-09-03 20:45:39,2026-09-03 20:45:39
EVT-100142,USR-1147,Billing,EXPORT_REPORT,2026-06-20 19:59:39,2026-06-20 19:59:50
EVT-102157,USR-1134,Billing,EDIT_RECORD,2026-07-16 13:56:39,2026-07-16 13:57:09
EVT-102828,USR-1096,Radiology,EXPORT_REPORT,2026-07-08 09:40:39,2026-07-08 09:40:54
EVT-100844,USR-1135,Radiology,EDIT_RECORD,2026-07-21 15:14:39,2026-07-22 12:44:49
EVT-101527,USR-1062,HR,DELETE_LOG,2026-06-16 21:07:39,2026-06-16 21:07:55
EVT-102288,USR-1041,Billing,VIEW_RECORD,2026-07-14 17:24:39,2026-07-14 17:24:47
EVT-104675,USR-1168,Radiology,LOGIN,2026-07-14 00:18:39,2026-07-14 00:18:56
EVT-102848,USR-1183,Laboratory,EXPORT_REPORT,2026-08-01 08:13:39,2026-08-01 08:13:43
EVT-100235,USR-1080,HR,VIEW_RECORD,2026-07-01 17:22:39,2026-07-01 17:22:58
EVT-103907,USR-1172,HR,EDIT_RECORD,2026-06-09 04:00:39,2026-06-09 04:00:52
EVT-103439,USR-1106,Pharmacy,VIEW_RECORD,2026-06-13 11:40:39,2026-06-13 11:41:05
EVT-101835,USR-1087,Billing,DISPENSE_MED,2026-08-31 08:25:39,2026-08-31 08:25:51
EVT-102932,USR-1018,Pharmacy,DISPENSE_MED,2026-08-19 12:55:39,2026-08-19 12:55:46
EVT-104388,USR-1162,Administration,RUN_TEST,2026-08-05 21:20:39,2026-08-05 21:21:08
EVT-100234,USR-1107,Pharmacy,LOGIN,2026-07-30 22:46:39,2026-07-30 22:46:53
EVT-104166,USR-1193,Administration,LOGIN,2026-07-05 02:09:39,2026-07-05 02:10:00
EVT-101984,USR-1134,Laboratory,EDIT_RECORD,2026-07-03 00:34:39,2026-07-03 00:34:57
EVT-100863,USR-1144,HR,LOGIN,2026-08-09 20:06:39,2026-08-09 20:06:47
EVT-104792,USR-1041,Billing,DELETE_LOG,2026-08-06 17:38:39,2026-08-06 17:38:40
EVT-104771,USR-1072,Laboratory,LOGIN,2026-08-29 07:35:39,2026-08-31 13:02:39
EVT-103997,USR-1184,Pharmacy,VIEW_RECORD,2026-07-14 11:26:39,2026-07-14 11:27:06
EVT-104114,USR-1159,Radiology,LOGIN,2026-07-09 10:09:39,2026-07-09 10:09:45
EVT-104684,USR-1103,Pharmacy,DELETE_LOG,2026-08-10 04:46:39,2026-08-10 04:47:04
EVT-105168,USR-1099,Patient Records,VIEW_RECORD,2026-07-27 13:53:39,2026-07-27 13:54:07
EVT-100044,USR-1164,Pharmacy,DISPENSE_MED,2026-06-21 01:01:39,2026-06-21 01:02:02
EVT-102812,USR-1102,Billing,LOGIN,2026-07-02 14:39:39,2026-07-02 14:39:47
EVT-100028,USR-1030,Laboratory,RUN_TEST,2026-08-20 18:06:39,2026-08-20 18:07:06
EVT-103658,USR-1064,Administration,EDIT_RECORD,2026-08-05 18:56:39,2026-08-05 18:57:07
EVT-102802,USR-1032,Patient Records,LOGIN,2026-07-20 05:28:39,2026-07-20 05:28:56
EVT-102929,USR-1078,Patient Records,EDIT_RECORD,2026-09-01 23:30:39,2026-09-01 23:30:59
EVT-100530,USR-1180,Laboratory,DELETE_LOG,2026-07-21 18:53:39,2026-07-21 18:53:41
EVT-102212,USR-1152,HR,DISPENSE_MED,2026-07-02 04:33:39,2026-07-02 04:33:48
EVT-102004,USR-1160,Radiology,LOGIN,2026-07-08 23:29:39,2026-07-08 23:29:45
EVT-101917,USR-1072,Billing,EDIT_RECORD,2026-08-20 14:23:39,2026-08-20 14:23:48
EVT-100181,USR-1079,Billing,DISPENSE_MED,2026-06-21 04:52:39,2026-06-21 04:52:53
EVT-102208,USR-1184,Laboratory,VIEW_RECORD,2026-06-23 10:51:39,2026-06-23 10:51:48
EVT-102963,USR-1100,Patient Records,VIEW_RECORD,2026-08-20 02:40:39,2026-08-20 02:41:04
EVT-101423,USR-1062,Billing,DISPENSE_MED,2026-07-02 17:57:39,2026-07-02 17:57:59
EVT-102711,USR-1099,Administration,DELETE_LOG,2026-07-07 01:54:39,2026-07-07 01:55:09
EVT-101981,USR-1091,Administration,LOGIN,2026-06-26 00:20:39,2026-06-26 00:20:53
EVT-102695,USR-1171,Laboratory,VIEW_RECORD,2026-08-15 19:12:39,2026-08-15 19:13:02
EVT-101599,USR-1015,Administration,VIEW_RECORD,2026-07-14 17:50:39,2026-07-14 17:50:49
EVT-100402,USR-1140,Laboratory,EXPORT_REPORT,2026-06-14 02:14:39,2026-06-14 02:15:04
EVT-102127,USR-1015,HR,DISPENSE_MED,2026-07-26 06:44:39,2026-07-27 23:11:39
EVT-101915,USR-1132,Laboratory,EDIT_RECORD,2026-06-29 06:29:39,2026-06-29 06:29:51
EVT-101398,USR-1176,Patient Records,DELETE_LOG,2026-08-25 04:27:39,2026-08-25 04:28:06
EVT-100778,USR-1135,Radiology,VIEW_RECORD,2026-08-15 19:15:39,2026-08-15 19:15:40
EVT-104255,USR-1090,Patient Records,EDIT_RECORD,2026-08-28 04:39:39,2026-08-28 04:39:58
EVT-102296,USR-1077,HR,RUN_TEST,2026-06-27 19:29:39,2026-06-27 19:29:44
EVT-104992,USR-1101,Administration,LOGIN,2026-08-29 08:29:39,2026-08-29 08:29:40
EVT-105105,USR-1061,Billing,DISPENSE_MED,2026-08-26 08:11:39,2026-08-26 08:11:58
EVT-102827,USR-1030,Radiology,RUN_TEST,2026-08-26 11:40:39,2026-08-26 11:41:03
EVT-100751,USR-1154,Radiology,VIEW_RECORD,2026-06-17 16:13:39,2026-06-20 11:54:39
EVT-103933,USR-1084,Patient Records,DISPENSE_MED,2026-08-01 23:41:39,2026-08-01 23:41:50
EVT-101260,USR-1148,Laboratory,LOGIN,2026-07-08 13:27:39,2026-07-08 13:28:00
EVT-103412,USR-1107,Pharmacy,EXPORT_REPORT,2026-08-01 08:04:39,2026-08-01 08:04:48
EVT-103865,USR-1122,HR,DISPENSE_MED,2026-08-03 10:21:39,2026-08-03 10:21:48
EVT-104187,USR-1031,Radiology,EXPORT_REPORT,2026-06-20 13:15:39,2026-06-22 16:00:49
EVT-103013,USR-1037,Pharmacy,DISPENSE_MED,2026-06-07 07:44:39,2026-06-07 07:44:52
EVT-100589,USR-1186,Billing,LOGIN,2026-07-16 20:34:39,2026-07-16 20:34:54
EVT-102584,USR-1119,Pharmacy,RUN_TEST,2026-06-18 08:14:39,2026-06-18 08:14:52
EVT-104833,USR-1147,Laboratory,RUN_TEST,2026-06-08 09:12:39,2026-06-08 09:12:55
EVT-104743,USR-1178,Patient Records,VIEW_RECORD,2026-07-23 01:19:39,2026-07-23 01:20:00
EVT-100774,USR-1058,HR,DELETE_LOG,2026-06-07 11:42:39,2026-06-07 11:42:59
EVT-103699,USR-1017,Patient Records,EXPORT_REPORT,2026-06-17 18:36:39,2026-06-17 18:37:02
EVT-102748,USR-1091,Laboratory,RUN_TEST,2026-07-30 12:15:39,2026-07-30 12:15:46
EVT-101249,USR-1172,Radiology,EDIT_RECORD,2026-08-30 15:54:39,2026-08-30 15:54:56
EVT-101244,USR-1112,Patient Records,DISPENSE_MED,2026-06-23 00:01:39,2026-06-23 00:01:41
EVT-102513,USR-1158,Patient Records,LOGIN,2026-08-04 01:38:39,2026-08-04 01:38:44
EVT-102692,USR-1158,Radiology,VIEW_RECORD,2026-07-17 15:45:39,2026-07-17 15:46:03
EVT-102893,USR-1151,HR,DELETE_LOG,2026-07-03 05:04:39,2026-07-03 05:05:01
EVT-100933,USR-1176,Pharmacy,VIEW_RECORD,2026-06-08 14:13:39,2026-06-08 14:13:41
EVT-104194,USR-1062,Billing,LOGIN,2026-07-10 20:50:39,2026-07-10 20:50:58
EVT-103724,USR-1095,HR,DISPENSE_MED,2026-06-13 20:52:39,2026-06-13 20:52:43
EVT-100817,USR-1118,Billing,VIEW_RECORD,2026-08-26 09:59:39,2026-08-26 09:59:49
EVT-103951,USR-1053,Radiology,LOGIN,2026-07-24 01:17:39,2026-07-24 01:18:06
EVT-103422,USR-1124,Patient Records,RUN_TEST,2026-08-10 22:40:39,2026-08-10 22:40:46
EVT-105157,USR-1069,HR,EXPORT_REPORT,2026-07-10 10:32:39,2026-07-10 10:32:41
EVT-101250,USR-1113,HR,DELETE_LOG,2026-08-08 03:49:39,2026-08-08 03:49:54
EVT-102402,USR-1006,Pharmacy,EXPORT_REPORT,2026-07-12 12:47:39,2026-07-12 12:47:44
EVT-100748,USR-1165,Billing,EXPORT_REPORT,2026-07-04 12:49:39,2026-07-04 12:50:01
EVT-100771,USR-1122,HR,EXPORT_REPORT,2026-07-06 01:37:39,2026-07-06 01:38:08
EVT-100222,USR-1057,HR,LOGIN,2026-07-03 07:52:39,2026-07-03 07:53:07
EVT-102826,USR-1145,Laboratory,DISPENSE_MED,2026-06-26 18:35:39,2026-06-26 18:35:55
EVT-101293,USR-1080,Radiology,DELETE_LOG,2026-06-27 23:17:39,2026-06-30 11:18:39
EVT-102550,USR-1187,Radiology,DISPENSE_MED,2026-08-28 19:29:39,2026-08-28 19:29:50
EVT-101188,USR-1089,Radiology,EXPORT_REPORT,2026-06-28 20:56:39,2026-06-28 20:57:00
EVT-104778,USR-1066,Laboratory,VIEW_RECORD,2026-06-21 04:34:39,2026-06-21 04:35:01
EVT-100247,USR-1132,HR,EDIT_RECORD,2026-06-25 23:10:39,2026-06-25 23:10:58
EVT-100875,USR-1025,Pharmacy,LOGIN,2026-08-30 03:26:39,2026-08-30 03:27:04
EVT-105199,USR-1075,Patient Records,DISPENSE_MED,2026-07-24 22:30:39,2026-07-27 04:26:39
EVT-101606,USR-1159,Billing,VIEW_RECORD,2026-07-11 02:55:39,2026-07-11 02:55:52
EVT-102941,USR-1073,Radiology,VIEW_RECORD,2026-08-14 22:03:39,2026-08-14 22:04:00
EVT-102887,USR-1199,Administration,EDIT_RECORD,2026-06-10 20:03:39,2026-06-10 20:03:49
EVT-100349,USR-1001,Pharmacy,DELETE_LOG,2026-08-28 11:37:39,2026-08-28 11:37:50
EVT-100090,USR-1015,Administration,EDIT_RECORD,2026-07-11 19:25:39,2026-07-11 19:26:14
EVT-100962,USR-1131,Patient Records,LOGIN,2026-07-24 12:19:39,2026-07-24 12:20:09
EVT-104745,USR-1096,Patient Records,EXPORT_REPORT,2026-08-22 16:10:39,2026-08-22 16:10:51
EVT-101357,USR-1030,Radiology,DELETE_LOG,2026-06-18 04:24:39,2026-06-18 04:24:57
EVT-101417,USR-1199,Billing,DELETE_LOG,2026-09-03 16:00:39,2026-09-03 16:00:44
EVT-102237,USR-1050,Billing,DELETE_LOG,2026-06-28 13:26:39,2026-06-28 13:27:09
EVT-102817,USR-1159,Billing,LOGIN,2026-07-27 11:04:39,2026-07-27 11:05:01
EVT-102925,USR-1083,Billing,EXPORT_REPORT,2026-07-25 10:32:39,2026-07-25 10:33:03
EVT-104060,USR-1112,Patient Records,DELETE_LOG,2026-06-06 11:30:39,2026-06-06 11:30:50
EVT-100715,USR-1047,Patient Records,EDIT_RECORD,2026-08-05 10:47:39,2026-08-05 10:48:03
EVT-103269,USR-1077,Pharmacy,VIEW_RECORD,2026-07-28 06:36:39,2026-07-28 06:36:48
EVT-104279,USR-1093,Billing,EDIT_RECORD,2026-07-27 00:46:39,2026-07-27 00:46:41
EVT-105150,USR-1178,Administration,DISPENSE_MED,2026-06-29 14:59:39,2026-06-29 14:59:57
EVT-103420,USR-1058,Laboratory,EXPORT_REPORT,2026-06-10 23:43:39,2026-06-10 23:44:04
EVT-105142,USR-1199,Radiology,EDIT_RECORD,2026-07-08 21:38:39,2026-07-08 21:38:55
EVT-101383,USR-1010,Billing,DELETE_LOG,2026-07-25 14:47:39,2026-07-25 14:47:48
EVT-100605,USR-1150,HR,RUN_TEST,2026-07-18 22:55:39,2026-07-18 22:56:04
EVT-104861,USR-1005,HR,LOGIN,2026-07-17 18:49:39,2026-07-17 18:49:58
EVT-100289,USR-1028,Patient Records,DELETE_LOG,2026-06-24 23:17:39,2026-06-24 23:17:56
EVT-102441,USR-1090,Laboratory,EXPORT_REPORT,2026-06-22 13:52:39,2026-06-22 13:52:47
EVT-102792,USR-1121,Radiology,EDIT_RECORD,2026-06-26 00:32:39,2026-06-26 00:33:06
EVT-100290,USR-1028,Radiology,RUN_TEST,2026-06-14 20:42:39,2026-06-14 20:42:47
EVT-103037,USR-1137,Pharmacy,VIEW_RECORD,2026-06-14 05:07:39,2026-06-14 05:07:55
EVT-102066,USR-1026,Billing,EDIT_RECORD,2026-08-11 06:11:39,2026-08-11 06:11:48
EVT-103751,USR-1007,Laboratory,RUN_TEST,2026-06-11 13:23:39,2026-06-11 13:24:00
EVT-102249,USR-1042,Billing,DELETE_LOG,2026-07-07 08:55:39,2026-07-07 08:56:05
EVT-104969,USR-1107,Patient Records,RUN_TEST,2026-07-27 19:22:39,2026-07-27 19:23:08
EVT-104600,USR-1117,Pharmacy,EDIT_RECORD,2026-08-19 08:57:39,2026-08-19 08:57:52
EVT-103587,USR-1137,Pharmacy,RUN_TEST,2026-06-17 23:27:39,2026-06-17 23:27:46
EVT-104154,USR-1085,Pharmacy,RUN_TEST,2026-07-31 01:36:39,2026-07-31 01:36:42
EVT-102862,USR-1082,Administration,EXPORT_REPORT,2026-07-22 15:38:39,2026-07-22 15:38:46
EVT-103238,USR-1174,HR,DISPENSE_MED,2026-06-13 02:17:39,2026-06-13 02:18:02
EVT-102559,USR-1041,Radiology,RUN_TEST,2026-08-01 02:31:39,2026-08-01 02:31:44
EVT-102567,USR-1096,Patient Records,DELETE_LOG,2026-07-25 18:24:39,2026-07-25 18:24:47
EVT-100799,USR-1152,HR,VIEW_RECORD,2026-08-22 07:18:39,2026-08-22 07:18:53
EVT-103677,USR-1031,Radiology,DISPENSE_MED,2026-08-27 04:18:39,2026-08-27 04:18:51
EVT-101337,USR-1025,Billing,DISPENSE_MED,2026-09-02 06:11:39,2026-09-02 06:11:42
EVT-102494,USR-1087,Radiology,LOGIN,2026-08-18 01:34:39,2026-08-18 01:34:46
EVT-101501,USR-1172,HR,DISPENSE_MED,2026-08-31 09:08:39,2026-08-31 09:08:55
EVT-101420,USR-1105,Patient Records,LOGIN,2026-08-24 13:33:39,2026-08-24 13:34:03
EVT-103118,USR-1192,Laboratory,VIEW_RECORD,2026-06-19 03:09:39,2026-06-19 03:09:56
EVT-100654,USR-1071,Radiology,EDIT_RECORD,2026-07-24 14:36:39,2026-07-24 14:37:04
EVT-100288,USR-1184,Laboratory,EXPORT_REPORT,2026-06-29 07:13:39,2026-06-29 07:14:07
EVT-102010,USR-1148,HR,LOGIN,2026-07-11 22:07:39,2026-07-11 22:08:13
EVT-104445,USR-1143,Laboratory,RUN_TEST,2026-06-12 09:28:39,2026-06-12 09:29:04
EVT-103857,USR-1151,HR,DELETE_LOG,2026-08-28 17:48:39,2026-08-28 17:48:52
EVT-100248,USR-1029,Administration,RUN_TEST,2026-08-25 11:54:39,2026-08-25 11:55:02
EVT-100238,USR-1048,Pharmacy,EXPORT_REPORT,2026-06-22 04:49:39,2026-06-22 04:50:09
EVT-104313,USR-1095,HR,VIEW_RECORD,2026-06-17 15:56:39,2026-06-17 15:56:41
EVT-104814,USR-1098,HR,RUN_TEST,2026-09-02 05:39:39,2026-09-02 05:40:07
EVT-103323,USR-1138,Patient Records,DISPENSE_MED,2026-08-04 11:27:39,2026-08-04 11:28:02
EVT-105023,USR-1075,Laboratory,EDIT_RECORD,2026-06-25 04:11:39,2026-06-25 04:11:49
EVT-102045,USR-1142,Billing,DELETE_LOG,2026-07-16 08:11:39,2026-07-16 08:12:07
EVT-105111,USR-1023,HR,VIEW_RECORD,2026-07-30 06:47:39,2026-07-30 06:48:02
EVT-101941,USR-1118,HR,VIEW_RECORD,2026-09-01 05:29:39,2026-09-01 05:29:56
EVT-104944,USR-1042,Billing,LOGIN,2026-09-01 09:05:39,2026-09-01 09:05:41
EVT-101730,USR-1198,Pharmacy,LOGIN,2026-07-26 12:16:39,2026-07-26 12:16:40
EVT-105110,USR-1096,Radiology,DELETE_LOG,2026-08-29 20:51:39,2026-08-29 20:51:53
EVT-104879,USR-1188,Administration,RUN_TEST,2026-07-28 02:18:39,2026-07-28 18:37:39
EVT-102877,USR-1152,Administration,RUN_TEST,2026-08-27 03:25:39,2026-08-27 03:26:04
EVT-100459,USR-1132,HR,DELETE_LOG,2026-08-11 04:46:39,2026-08-11 04:46:51
EVT-INV-19,,UnknownApp,INVALID_ACTION,2026-09-03 20:45:39,2026-09-03 20:45:39
EVT-102743,USR-1141,Patient Records,LOGIN,2026-08-16 15:35:39,2026-08-16 15:35:46
EVT-100936,USR-1140,Pharmacy,DISPENSE_MED,2026-07-13 04:03:39,2026-07-13 04:03:41
EVT-102025,USR-1103,Pharmacy,EDIT_RECORD,2026-07-01 02:48:39,2026-07-01 02:48:53
EVT-103100,USR-1077,Pharmacy,RUN_TEST,2026-06-26 03:24:39,2026-06-26 03:24:57
EVT-101726,USR-1096,Patient Records,DELETE_LOG,2026-07-19 19:49:39,2026-07-19 19:49:41
EVT-101479,USR-1066,Laboratory,DISPENSE_MED,2026-08-25 23:58:39,2026-08-25 23:58:44
EVT-103627,USR-1075,Radiology,RUN_TEST,2026-06-25 15:40:39,2026-06-25 15:40:42
EVT-100967,USR-1037,Patient Records,DELETE_LOG,2026-09-03 06:04:39,2026-09-03 06:04:42
EVT-102496,USR-1007,Pharmacy,DISPENSE_MED,2026-06-27 10:24:39,2026-06-27 10:24:48
EVT-103281,USR-1144,HR,DELETE_LOG,2026-07-07 06:24:39,2026-07-07 06:24:55
EVT-100016,USR-1138,Patient Records,RUN_TEST,2026-08-20 18:10:39,2026-08-20 18:10:42
EVT-103808,USR-1193,Radiology,VIEW_RECORD,2026-09-02 13:24:39,2026-09-02 13:25:09
EVT-104205,USR-1159,HR,DELETE_LOG,2026-06-21 17:04:39,2026-06-21 17:05:02
EVT-104755,USR-1085,Billing,EDIT_RECORD,2026-08-06 11:16:39,2026-08-06 11:16:40
EVT-104229,USR-1098,Pharmacy,DELETE_LOG,2026-08-18 02:31:39,2026-08-18 02:31:51
EVT-102765,USR-1129,Patient Records,DELETE_LOG,2026-09-01 00:36:39,2026-09-01 00:37:07
EVT-103427,USR-1148,Laboratory,DELETE_LOG,2026-06-14 00:37:39,2026-06-14 00:38:01
EVT-102414,USR-1119,Billing,DELETE_LOG,2026-06-18 11:59:39,2026-06-18 12:00:06
EVT-101936,USR-1112,HR,EDIT_RECORD,2026-07-27 16:08:39,2026-07-27 16:08:50
EVT-100874,USR-1195,Radiology,EDIT_RECORD,2026-08-11 09:18:39,2026-08-11 09:19:06
EVT-104711,USR-1163,Administration,DISPENSE_MED,2026-08-25 19:00:39,2026-08-25 19:01:06
EVT-104868,USR-1013,HR,EXPORT_REPORT,2026-07-29 07:47:39,2026-07-29 07:47:59
EVT-102744,USR-1189,HR,RUN_TEST,2026-07-21 03:08:39,2026-07-21 16:08:39
EVT-101840,USR-1075,Administration,EDIT_RECORD,2026-07-22 03:44:39,2026-07-22 03:44:57
EVT-100258,USR-1194,Patient Records,VIEW_RECORD,2026-08-06 19:51:39,2026-08-06 19:51:42
EVT-102309,USR-1073,Administration,EXPORT_REPORT,2026-06-28 13:23:39,2026-06-28 13:23:53
EVT-101507,USR-1030,Laboratory,EDIT_RECORD,2026-07-28 23:52:39,2026-07-28 23:53:17
EVT-105028,USR-1055,HR,EDIT_RECORD,2026-08-28 17:53:39,2026-08-30 22:58:39
EVT-104522,USR-1118,Pharmacy,VIEW_RECORD,2026-06-11 15:04:39,2026-06-11 15:05:05
EVT-104936,USR-1004,Billing,VIEW_RECORD,2026-08-13 13:07:39,2026-08-13 13:08:04
EVT-102077,USR-1192,Billing,EDIT_RECORD,2026-07-14 13:11:39,2026-07-14 13:11:58
EVT-102815,USR-1182,Laboratory,LOGIN,2026-08-07 22:36:39,2026-08-07 22:36:45
EVT-102018,USR-1141,Radiology,DELETE_LOG,2026-09-03 20:13:39,2026-09-03 20:14:08
EVT-100143,USR-1056,Pharmacy,RUN_TEST,2026-06-10 09:11:39,2026-06-10 09:11:59
EVT-103419,USR-1176,Pharmacy,DISPENSE_MED,2026-06-11 20:14:39,2026-06-12 20:12:39
EVT-105163,USR-1086,Patient Records,LOGIN,2026-08-14 02:55:39,2026-08-14 02:55:54
EVT-103016,USR-1084,Patient Records,VIEW_RECORD,2026-06-15 16:44:39,2026-06-15 16:44:54
EVT-101326,USR-1057,Billing,DELETE_LOG,2026-07-03 13:35:39,2026-07-03 13:36:01
EVT-101662,USR-1030,Laboratory,VIEW_RECORD,2026-08-17 19:30:39,2026-08-17 19:30:54
EVT-104869,USR-1164,Pharmacy,RUN_TEST,2026-07-27 06:46:39,2026-07-28 17:29:39
EVT-104874,USR-1054,Administration,RUN_TEST,2026-06-12 19:33:39,2026-06-12 19:33:52
EVT-100881,USR-1066,Pharmacy,VIEW_RECORD,2026-06-26 10:00:39,2026-06-26 10:01:05
EVT-100787,USR-1143,Radiology,LOGIN,2026-06-07 03:35:39,2026-06-07 03:35:59
EVT-103700,USR-1153,Laboratory,RUN_TEST,2026-09-03 14:09:39,2026-09-03 14:10:01
EVT-102382,USR-1108,Laboratory,DISPENSE_MED,2026-06-21 05:23:39,2026-06-21 05:23:56
EVT-100367,USR-1023,Radiology,LOGIN,2026-06-28 22:07:39,2026-06-28 22:08:00
EVT-104068,USR-1129,Patient Records,DISPENSE_MED,2026-08-24 10:33:39,2026-08-24 10:33:51
EVT-104192,USR-1163,HR,VIEW_RECORD,2026-08-28 21:12:39,2026-08-28 21:12:50
EVT-100323,USR-1139,Laboratory,DELETE_LOG,2026-08-17 02:56:39,2026-08-17 02:57:01
EVT-104662,USR-1176,Patient Records,EDIT_RECORD,2026-07-08 02:26:39,2026-07-08 02:26:50
EVT-100699,USR-1106,Pharmacy,DISPENSE_MED,2026-08-31 03:39:39,2026-08-31 03:40:02
EVT-100921,USR-1081,Billing,DISPENSE_MED,2026-09-03 16:29:39,2026-09-03 16:30:10
EVT-101616,USR-1077,Pharmacy,DELETE_LOG,2026-07-31 19:57:39,2026-07-31 19:57:43
EVT-100311,USR-1122,HR,EDIT_RECORD,2026-08-29 22:05:39,2026-08-29 22:06:04
EVT-100014,USR-1095,HR,LOGIN,2026-07-29 20:06:39,2026-07-29 20:06:40
EVT-104649,USR-1115,Administration,DISPENSE_MED,2026-08-26 15:23:39,2026-08-26 15:23:49
EVT-104159,USR-1167,Administration,DELETE_LOG,2026-08-03 18:19:39,2026-08-03 18:20:02
EVT-102811,USR-1185,Laboratory,RUN_TEST,2026-06-23 01:16:39,2026-06-23 01:16:44
EVT-102955,USR-1040,Laboratory,LOGIN,2026-06-24 22:53:39,2026-06-24 22:54:04
EVT-101163,USR-1023,HR,EXPORT_REPORT,2026-07-29 07:00:39,2026-07-29 07:01:18
EVT-100427,USR-1171,Administration,LOGIN,2026-06-06 23:44:39,2026-06-06 23:45:04
EVT-101780,USR-1126,Pharmacy,RUN_TEST,2026-08-29 17:01:39,2026-08-29 17:02:08
EVT-104050,USR-1137,Pharmacy,VIEW_RECORD,2026-08-06 20:33:39,2026-08-06 20:33:43
EVT-103397,USR-1115,Pharmacy,EDIT_RECORD,2026-06-19 02:31:39,2026-06-19 02:31:58
EVT-104799,USR-1019,HR,LOGIN,2026-08-29 12:50:39,2026-08-29 12:50:48
EVT-100877,USR-1033,Radiology,DISPENSE_MED,2026-06-09 10:51:39,2026-06-09 10:51:41
EVT-100872,USR-1144,HR,EDIT_RECORD,2026-08-18 08:21:39,2026-08-18 18:20:39
EVT-104637,USR-1179,Billing,LOGIN,2026-08-12 17:09:39,2026-08-12 17:09:41
EVT-104336,USR-1027,Billing,EXPORT_REPORT,2026-07-01 10:27:39,2026-07-01 10:27:58
EVT-103114,USR-1065,Laboratory,VIEW_RECORD,2026-06-13 22:45:39,2026-06-16 14:35:39
EVT-102109,USR-1199,Billing,EXPORT_REPORT,2026-08-13 22:09:39,2026-08-13 22:09:46
EVT-104096,USR-1099,Patient Records,LOGIN,2026-08-23 06:03:39,2026-08-24 12:25:39
EVT-105087,USR-1186,Billing,RUN_TEST,2026-08-20 09:22:39,2026-08-20 09:23:07
EVT-102180,USR-1068,Radiology,EXPORT_REPORT,2026-08-19 04:26:39,2026-08-19 04:26:43
EVT-103611,USR-1093,Patient Records,LOGIN,2026-08-16 11:30:39,2026-08-18 06:44:39
EVT-100687,USR-1022,Patient Records,VIEW_RECORD,2026-08-11 04:09:39,2026-08-11 04:09:55
EVT-103537,USR-1132,Laboratory,DISPENSE_MED,2026-07-01 14:15:39,2026-07-01 14:15:50
EVT-104779,USR-1044,Pharmacy,VIEW_RECORD,2026-06-10 20:48:39,2026-06-10 20:49:06
EVT-103942,USR-1001,Pharmacy,EXPORT_REPORT,2026-06-15 14:47:39,2026-06-15 14:48:08
EVT-102120,USR-1113,Billing,EXPORT_REPORT,2026-08-24 07:27:39,2026-08-24 07:28:05
EVT-105038,USR-1098,HR,RUN_TEST,2026-06-27 21:44:39,2026-06-27 21:45:00
EVT-105162,USR-1081,Administration,DISPENSE_MED,2026-06-27 08:02:39,2026-06-27 08:02:41
EVT-100291,USR-1058,HR,EXPORT_REPORT,2026-06-28 08:31:39,2026-06-28 08:32:01
EVT-104747,USR-1166,Laboratory,DISPENSE_MED,2026-08-31 11:49:39,2026-08-31 11:49:53
EVT-100820,USR-1103,Pharmacy,DELETE_LOG,2026-08-07 04:47:39,2026-08-07 04:47:56
EVT-105136,USR-1002,HR,EDIT_RECORD,2026-06-16 07:09:39,2026-06-16 07:09:57
EVT-102847,USR-1045,Laboratory,DELETE_LOG,2026-07-02 05:57:39,2026-07-02 05:58:02
EVT-104145,USR-1189,Patient Records,RUN_TEST,2026-07-20 09:34:39,2026-07-20 09:34:51
EVT-104239,USR-1034,Laboratory,EXPORT_REPORT,2026-08-28 08:03:39,2026-08-28 08:03:52
EVT-103608,USR-1016,Administration,EDIT_RECORD,2026-07-05 02:55:39,2026-07-05 02:55:45
EVT-102855,USR-1091,Laboratory,RUN_TEST,2026-08-10 22:13:39,2026-08-10 22:14:05
EVT-102343,USR-1125,Patient Records,VIEW_RECORD,2026-06-28 07:54:39,2026-06-28 07:55:01
EVT-101216,USR-1019,HR,DELETE_LOG,2026-06-10 19:09:39,2026-06-10 19:09:54
EVT-104045,USR-1179,Billing,DELETE_LOG,2026-09-02 20:37:39,2026-09-02 20:37:46
EVT-104381,USR-1101,Patient Records,RUN_TEST,2026-08-31 01:05:39,2026-08-31 01:05:51
EVT-104717,USR-1073,Administration,DELETE_LOG,2026-08-13 08:14:39,2026-08-13 08:15:05
EVT-100491,USR-1167,Administration,VIEW_RECORD,2026-08-15 22:51:39,2026-08-15 22:52:07
EVT-100747,USR-1006,Pharmacy,DISPENSE_MED,2026-08-07 07:17:39,2026-08-07 07:17:59
EVT-100506,USR-1091,Laboratory,RUN_TEST,2026-06-29 03:35:39,2026-06-29 03:36:07
EVT-103406,USR-1001,HR,LOGIN,2026-08-30 12:05:39,2026-08-30 12:05:52
EVT-102671,USR-1079,HR,EXPORT_REPORT,2026-06-22 01:11:39,2026-06-22 01:11:55
EVT-102801,USR-1026,Administration,EXPORT_REPORT,2026-07-29 18:55:39,2026-07-29 18:55:53
EVT-101446,USR-1020,Patient Records,EXPORT_REPORT,2026-08-31 22:36:39,2026-08-31 22:36:45
EVT-102789,USR-1131,Patient Records,EDIT_RECORD,2026-07-05 22:01:39,2026-07-05 22:02:03
EVT-102217,USR-1086,Billing,EXPORT_REPORT,2026-08-08 00:35:39,2026-08-08 00:36:05
EVT-100865,USR-1192,Laboratory,DELETE_LOG,2026-07-17 07:13:39,2026-07-17 07:13:52
EVT-103280,USR-1112,Patient Records,RUN_TEST,2026-06-28 15:28:39,2026-06-30 04:46:39
EVT-103041,USR-1047,Patient Records,DELETE_LOG,2026-07-02 03:43:39,2026-07-02 03:43:55
EVT-100138,USR-1053,Radiology,DISPENSE_MED,2026-08-14 14:35:39,2026-08-14 14:35:46
EVT-102113,USR-1035,Radiology,DISPENSE_MED,2026-08-18 12:36:39,2026-08-18 12:37:01
EVT-101319,USR-1045,HR,VIEW_RECORD,2026-07-05 05:25:39,2026-07-05 05:25:55
EVT-100731,USR-1073,HR,EDIT_RECORD,2026-08-21 08:07:39,2026-08-21 08:08:01
EVT-100524,USR-1146,Patient Records,VIEW_RECORD,2026-06-21 11:55:39,2026-06-21 11:55:59
EVT-104706,USR-1129,HR,DISPENSE_MED,2026-09-01 07:14:39,2026-09-01 07:15:03
EVT-100768,USR-1157,Laboratory,VIEW_RECORD,2026-08-08 15:35:39,2026-08-08 15:35:55
EVT-103476,USR-1086,Pharmacy,LOGIN,2026-07-02 13:54:39,2026-07-02 13:54:42
EVT-101099,USR-1065,HR,DELETE_LOG,2026-08-08 14:37:39,2026-08-08 14:37:47
EVT-102078,USR-1136,Billing,LOGIN,2026-08-05 12:32:39,2026-08-05 12:33:00
EVT-103498,USR-1137,Pharmacy,DISPENSE_MED,2026-06-20 06:55:39,2026-06-20 06:56:07
EVT-101772,USR-1151,HR,LOGIN,2026-07-25 22:01:39,2026-07-25 22:01:52
EVT-100658,USR-1073,Radiology,VIEW_RECORD,2026-07-18 20:44:39,2026-07-18 20:45:04
EVT-101474,USR-1147,Billing,EXPORT_REPORT,2026-07-18 05:37:39,2026-07-18 05:37:50
EVT-102564,USR-1107,Patient Records,EXPORT_REPORT,2026-08-29 17:29:39,2026-08-29 17:29:44
EVT-102761,USR-1160,Laboratory,EDIT_RECORD,2026-07-24 04:30:39,2026-07-24 04:30:59
EVT-104505,USR-1133,Administration,EDIT_RECORD,2026-06-19 12:10:39,2026-06-19 12:11:00
EVT-103737,USR-1112,HR,EXPORT_REPORT,2026-07-05 01:32:39,2026-07-05 01:32:45
EVT-102074,USR-1132,Radiology,DELETE_LOG,2026-08-15 16:26:39,2026-08-15 16:26:54
EVT-102484,USR-1033,Patient Records,EDIT_RECORD,2026-06-17 08:05:39,2026-06-17 17:18:39
EVT-104387,USR-1033,Patient Records,RUN_TEST,2026-07-09 16:21:39,2026-07-09 16:21:51
EVT-102934,USR-1072,Patient Records,EDIT_RECORD,2026-06-14 02:04:39,2026-06-14 02:04:59
EVT-103325,USR-1115,Pharmacy,EXPORT_REPORT,2026-06-13 05:20:39,2026-06-13 05:20:40
EVT-102725,USR-1043,Laboratory,EDIT_RECORD,2026-07-29 20:42:39,2026-07-29 20:42:59
EVT-103254,USR-1124,Pharmacy,EXPORT_REPORT,2026-08-17 12:47:39,2026-08-17 12:48:05
EVT-101508,USR-1039,Billing,DISPENSE_MED,2026-06-16 13:24:39,2026-06-16 13:24:46
EVT-102335,USR-1189,HR,EXPORT_REPORT,2026-08-27 04:16:39,2026-08-27 04:17:05
EVT-100730,USR-1117,Pharmacy,DISPENSE_MED,2026-07-26 01:20:39,2026-07-26 01:21:05
EVT-104079,USR-1016,Administration,EXPORT_REPORT,2026-08-26 06:59:39,2026-08-26 06:59:56
EVT-104237,USR-1189,HR,DELETE_LOG,2026-07-14 23:51:39,2026-07-14 23:52:04
EVT-101704,USR-1040,HR,LOGIN,2026-08-07 19:13:39,2026-08-07 19:14:00
EVT-102649,USR-1052,Billing,EXPORT_REPORT,2026-08-22 05:44:39,2026-08-22 05:45:03
EVT-104954,USR-1133,Radiology,DISPENSE_MED,2026-06-06 13:09:39,2026-06-06 13:09:54
EVT-104882,USR-1072,Patient Records,RUN_TEST,2026-06-06 20:47:39,2026-06-06 20:47:41
EVT-101165,USR-1166,Radiology,EDIT_RECORD,2026-06-09 07:08:39,2026-06-09 07:09:06
EVT-104008,USR-1190,Administration,EXPORT_REPORT,2026-06-10 06:13:39,2026-06-10 06:13:45
EVT-104548,USR-1041,Radiology,EDIT_RECORD,2026-08-19 07:49:39,2026-08-19 07:50:06
EVT-104120,USR-1053,HR,DISPENSE_MED,2026-08-13 13:52:39,2026-08-13 13:53:09
EVT-100466,USR-1036,Laboratory,VIEW_RECORD,2026-08-16 04:35:39,2026-08-16 04:35:51
EVT-101637,USR-1048,Administration,EDIT_RECORD,2026-07-01 08:59:39,2026-07-01 08:59:44
EVT-104213,USR-1072,Pharmacy,DISPENSE_MED,2026-06-24 03:32:39,2026-06-24 03:33:04
EVT-103000,USR-1088,Administration,VIEW_RECORD,2026-07-27 20:31:39,2026-07-27 20:32:08
EVT-102417,USR-1159,Radiology,EDIT_RECORD,2026-07-07 14:05:39,2026-07-07 14:05:53
EVT-102236,USR-1052,Billing,DISPENSE_MED,2026-07-14 06:47:39,2026-07-14 06:47:47
EVT-104294,USR-1103,Radiology,EDIT_RECORD,2026-06-27 06:14:39,2026-06-27 06:15:08
EVT-103927,USR-1051,Administration,LOGIN,2026-06-10 00:09:39,2026-06-10 00:09:53
EVT-104267,USR-1186,Patient Records,LOGIN,2026-07-08 12:35:39,2026-07-08 12:35:50
EVT-102823,USR-1078,Pharmacy,DISPENSE_MED,2026-06-27 07:59:39,2026-06-27 07:59:43
EVT-102990,USR-1078,Pharmacy,RUN_TEST,2026-07-23 23:14:39,2026-07-23 23:14:50
EVT-101438,USR-1120,Billing,LOGIN,2026-07-02 00:31:39,2026-07-02 00:31:58
EVT-100991,USR-1190,Administration,RUN_TEST,2026-07-29 08:53:39,2026-07-29 08:54:05
EVT-100419,USR-1079,Billing,LOGIN,2026-07-27 20:07:39,2026-07-27 20:07:41
EVT-101441,USR-1199,Billing,LOGIN,2026-07-14 01:22:39,2026-07-14 01:22:53
EVT-102639,USR-1150,Radiology,EDIT_RECORD,2026-08-10 14:12:39,2026-08-10 14:12:54
EVT-102436,USR-1104,Patient Records,DISPENSE_MED,2026-07-02 05:32:39,2026-07-02 05:32:48
EVT-102658,USR-1056,Radiology,VIEW_RECORD,2026-07-02 03:39:39,2026-07-02 03:40:04
EVT-104471,USR-1012,Billing,LOGIN,2026-06-07 06:53:39,2026-06-07 06:53:44
EVT-104161,USR-1056,Radiology,DISPENSE_MED,2026-07-29 17:20:39,2026-07-29 17:20:54
EVT-101838,USR-1127,Laboratory,EDIT_RECORD,2026-06-19 18:29:39,2026-06-19 18:29:45
EVT-103184,USR-1064,Administration,VIEW_RECORD,2026-06-14 01:21:39,2026-06-14 01:22:05
EVT-105051,USR-1184,Billing,EDIT_RECORD,2026-08-13 17:41:39,2026-08-13 17:41:44
EVT-103154,USR-1093,Billing,LOGIN,2026-07-01 12:30:39,2026-07-01 12:31:00
EVT-104159,USR-1167,Administration,DELETE_LOG,2026-08-03 18:19:39,2026-08-03 18:19:52
EVT-101668,USR-1019,Laboratory,EDIT_RECORD,2026-06-19 19:53:39,2026-06-19 19:54:16
EVT-102159,USR-1099,Administration,DISPENSE_MED,2026-08-21 01:12:39,2026-08-21 01:13:03
EVT-103634,USR-1156,Patient Records,RUN_TEST,2026-09-02 15:28:39,2026-09-02 15:28:54
EVT-104939,USR-1164,Laboratory,DELETE_LOG,2026-07-04 17:58:39,2026-07-04 17:58:54
EVT-100077,USR-1019,HR,EDIT_RECORD,2026-07-18 03:14:39,2026-07-19 01:39:39
EVT-103625,USR-1013,HR,DELETE_LOG,2026-07-03 08:27:39,2026-07-03 08:27:54
EVT-101899,USR-1062,Radiology,DISPENSE_MED,2026-08-08 21:36:39,2026-08-08 21:36:50
EVT-104273,USR-1042,Pharmacy,EXPORT_REPORT,2026-07-24 08:24:39,2026-07-24 08:24:49
EVT-102021,USR-1048,Administration,LOGIN,2026-08-12 22:47:39,2026-08-12 22:47:52
EVT-102647,USR-1101,Patient Records,DELETE_LOG,2026-06-07 15:42:39,2026-06-07 15:43:07
EVT-104219,USR-1172,Patient Records,LOGIN,2026-06-08 03:37:39,2026-06-08 03:38:01
EVT-100924,USR-1125,Patient Records,DISPENSE_MED,2026-07-20 18:10:39,2026-07-20 18:11:04
EVT-103196,USR-1048,Radiology,EDIT_RECORD,2026-07-20 23:27:39,2026-07-20 23:27:57
EVT-102540,USR-1061,Billing,DISPENSE_MED,2026-08-30 18:59:39,2026-08-30 18:59:59
EVT-102381,USR-1028,Patient Records,LOGIN,2026-06-07 21:52:39,2026-06-07 21:52:56
EVT-102303,USR-1073,Administration,LOGIN,2026-07-17 11:06:39,2026-07-17 11:06:56
EVT-100917,USR-1142,Administration,LOGIN,2026-08-23 06:23:39,2026-08-23 06:23:58
EVT-104569,USR-1133,Radiology,EXPORT_REPORT,2026-06-28 04:53:39,2026-06-28 04:53:49
EVT-105047,USR-1108,Laboratory,RUN_TEST,2026-06-25 08:01:39,2026-06-25 08:02:00
EVT-100651,USR-1089,Radiology,DISPENSE_MED,2026-06-16 01:27:39,2026-06-16 01:27:43
EVT-101908,USR-1143,Radiology,VIEW_RECORD,2026-09-01 09:01:39,2026-09-01 09:01:41
EVT-104218,USR-1144,HR,RUN_TEST,2026-07-04 04:09:39,2026-07-04 04:09:45
EVT-100826,USR-1004,Administration,RUN_TEST,2026-06-18 23:56:39,2026-06-18 23:56:51
EVT-101889,USR-1029,HR,LOGIN,2026-08-28 03:39:39,2026-08-28 03:39:51
EVT-103742,USR-1167,HR,DISPENSE_MED,2026-07-05 08:57:39,2026-07-05 08:57:48
EVT-100025,USR-1016,Radiology,DISPENSE_MED,2026-08-17 14:11:39,2026-08-17 14:11:57
EVT-103374,USR-1121,Pharmacy,VIEW_RECORD,2026-06-14 19:21:39,2026-06-14 19:21:45
EVT-103470,USR-1135,Pharmacy,DELETE_LOG,2026-07-16 12:07:39,2026-07-16 12:08:03
EVT-100087,USR-1188,Patient Records,VIEW_RECORD,2026-08-28 08:15:39,2026-08-28 08:15:53
EVT-100404,USR-1143,HR,DELETE_LOG,2026-08-16 15:57:39,2026-08-16 15:57:47
EVT-102591,USR-1081,Administration,DISPENSE_MED,2026-07-15 23:11:39,2026-07-15 23:12:05
EVT-103534,USR-1171,Laboratory,LOGIN,2026-06-08 21:20:39,2026-06-08 21:21:04
EVT-104751,USR-1148,Pharmacy,EDIT_RECORD,2026-06-29 04:34:39,2026-06-29 04:34:57
EVT-102258,USR-1058,Radiology,EXPORT_REPORT,2026-08-07 03:16:39,2026-08-07 03:17:17
EVT-104433,USR-1061,Billing,EXPORT_REPORT,2026-09-03 18:40:39,2026-09-06 01:40:39
EVT-100636,USR-1018,Pharmacy,VIEW_RECORD,2026-06-08 04:22:39,2026-06-08 04:23:05
EVT-104393,USR-1166,Laboratory,DISPENSE_MED,2026-08-18 19:57:39,2026-08-18 19:57:50
EVT-100445,USR-1048,Radiology,EXPORT_REPORT,2026-06-20 17:41:39,2026-06-20 17:41:49
EVT-104012,USR-1086,Administration,DISPENSE_MED,2026-06-26 17:30:39,2026-06-26 17:31:09
EVT-103673,USR-1150,Radiology,VIEW_RECORD,2026-07-27 06:56:39,2026-07-27 06:56:57
EVT-104333,USR-1195,Administration,RUN_TEST,2026-06-28 09:02:39,2026-06-28 09:03:05
EVT-103479,USR-1103,Radiology,EXPORT_REPORT,2026-08-17 20:46:39,2026-08-20 12:28:39
EVT-101341,USR-1178,Administration,EDIT_RECORD,2026-08-24 20:20:39,2026-08-24 20:20:48
EVT-101300,USR-1091,Laboratory,LOGIN,2026-08-04 02:29:39,2026-08-04 02:29:47
EVT-102922,USR-1032,HR,LOGIN,2026-09-03 13:50:39,2026-09-03 13:50:49
EVT-102615,USR-1150,Laboratory,LOGIN,2026-07-05 10:31:39,2026-07-05 10:32:09
EVT-100677,USR-1172,Radiology,EDIT_RECORD,2026-07-12 19:23:39,2026-07-12 19:23:54
EVT-101708,USR-1079,HR,DISPENSE_MED,2026-08-02 15:01:39,2026-08-02 15:01:53
EVT-104966,USR-1083,HR,EDIT_RECORD,2026-06-24 20:27:39,2026-06-24 20:27:47
EVT-101408,USR-1099,Administration,LOGIN,2026-07-21 02:22:39,2026-07-21 02:22:43
EVT-100156,USR-1079,Billing,EXPORT_REPORT,2026-06-14 07:52:39,2026-06-14 07:52:54
EVT-100697,USR-1019,HR,VIEW_RECORD,2026-08-18 04:41:39,2026-08-19 18:12:39
EVT-103805,USR-1189,Pharmacy,EXPORT_REPORT,2026-06-17 02:44:39,2026-06-17 02:45:08
EVT-101831,USR-1104,HR,DELETE_LOG,2026-07-18 15:11:39,2026-07-18 15:11:52
EVT-102260,USR-1108,Laboratory,VIEW_RECORD,2026-06-24 23:28:39,2026-06-24 23:28:47
EVT-105177,USR-1113,Billing,DELETE_LOG,2026-08-06 04:49:39,2026-08-06 04:50:00
EVT-103868,USR-1168,Patient Records,DELETE_LOG,2026-07-17 03:51:39,2026-07-17 03:52:02
EVT-104070,USR-1178,Billing,VIEW_RECORD,2026-08-17 15:47:39,2026-08-17 15:47:45
EVT-100496,USR-1117,Pharmacy,RUN_TEST,2026-07-21 05:03:39,2026-07-23 00:16:39
EVT-100557,USR-1037,Radiology,VIEW_RECORD,2026-08-28 23:24:39,2026-08-28 23:24:46
EVT-105167,USR-1187,Radiology,LOGIN,2026-07-15 23:39:39,2026-07-15 23:39:45
EVT-100578,USR-1124,Patient Records,DISPENSE_MED,2026-07-05 18:48:39,2026-07-05 18:48:57
EVT-102775,USR-1006,Pharmacy,VIEW_RECORD,2026-07-24 10:16:39,2026-07-24 10:16:58
EVT-104323,USR-1103,Radiology,DELETE_LOG,2026-08-27 16:26:39,2026-08-27 16:26:59
EVT-102574,USR-1162,Radiology,VIEW_RECORD,2026-06-26 11:46:39,2026-06-26 11:46:58
EVT-103071,USR-1093,Billing,RUN_TEST,2026-07-12 02:49:39,2026-07-12 02:49:59
EVT-103459,USR-1056,Pharmacy,EXPORT_REPORT,2026-06-16 08:41:39,2026-06-16 08:41:40
EVT-INV-39,,Patient Records,INVALID_ACTION,2026-09-03 20:45:39,2026-09-03 20:45:39
EVT-INV-36,USR-INVALID-9999,Patient Records,INVALID_ACTION,2026-09-03 20:45:39,2026-09-03 20:45:39
EVT-102762,USR-1056,Billing,VIEW_RECORD,2026-06-12 01:12:39,2026-06-12 01:12:57
EVT-104686,USR-1155,Billing,RUN_TEST,2026-06-26 16:30:39,2026-06-26 16:30:42
EVT-102158,USR-1018,Patient Records,LOGIN,2026-08-03 15:34:39,2026-08-03 15:34:51
EVT-103214,USR-1092,Billing,LOGIN,2026-06-06 14:23:39,2026-06-06 14:23:40
EVT-101044,USR-1020,Patient Records,DISPENSE_MED,2026-08-03 07:12:39,2026-08-03 07:13:02
EVT-101503,USR-1187,Laboratory,DELETE_LOG,2026-07-31 06:01:39,2026-07-31 06:02:05
EVT-101073,USR-1109,Laboratory,LOGIN,2026-08-04 04:19:39,2026-08-04 04:20:01
EVT-104110,USR-1034,HR,DISPENSE_MED,2026-06-17 02:43:39,2026-06-17 02:44:07
EVT-102050,USR-1171,Laboratory,DELETE_LOG,2026-07-05 02:06:39,2026-07-05 02:06:42
EVT-104485,USR-1067,Laboratory,DELETE_LOG,2026-07-17 07:53:39,2026-07-17 07:53:57
EVT-101798,USR-1013,HR,RUN_TEST,2026-06-06 10:23:39,2026-06-06 10:23:51
EVT-101108,USR-1169,Patient Records,LOGIN,2026-07-27 01:37:39,2026-07-27 01:37:49
EVT-100123,USR-1183,Laboratory,VIEW_RECORD,2026-07-26 17:16:39,2026-07-26 17:17:04
EVT-102306,USR-1011,Billing,DISPENSE_MED,2026-06-21 10:21:39,2026-06-21 10:21:54
EVT-101451,USR-1010,HR,VIEW_RECORD,2026-06-28 05:21:39,2026-06-28 05:21:59
EVT-102163,USR-1156,Patient Records,EXPORT_REPORT,2026-06-06 05:17:39,2026-06-06 05:17:49
EVT-101416,USR-1094,Radiology,EDIT_RECORD,2026-06-22 01:43:39,2026-06-22 01:44:05
EVT-104763,USR-1103,Pharmacy,VIEW_RECORD,2026-06-24 08:59:39,2026-06-24 08:59:47
EVT-102975,USR-1158,Administration,EXPORT_REPORT,2026-06-27 13:36:39,2026-06-27 13:37:07
EVT-103740,USR-1075,Laboratory,RUN_TEST,2026-08-21 04:07:39,2026-08-21 04:08:04
EVT-103858,USR-1144,HR,VIEW_RECORD,2026-06-20 14:48:39,2026-06-22 13:42:39
EVT-100707,USR-1034,Laboratory,EDIT_RECORD,2026-09-01 12:03:39,2026-09-01 12:04:01
EVT-101330,USR-1163,HR,RUN_TEST,2026-08-17 20:33:39,2026-08-17 20:34:14
EVT-100225,USR-1185,HR,DELETE_LOG,2026-08-06 10:52:39,2026-08-06 10:52:46
EVT-100802,USR-1042,Billing,VIEW_RECORD,2026-06-25 18:20:39,2026-06-26 05:50:39
EVT-102931,USR-1005,Radiology,EXPORT_REPORT,2026-08-27 19:46:39,2026-08-27 19:47:02
EVT-102573,USR-1126,Patient Records,DELETE_LOG,2026-07-30 14:12:39,2026-07-30 14:12:43
EVT-100444,USR-1070,HR,RUN_TEST,2026-06-20 08:33:39,2026-06-20 08:34:02
EVT-103449,USR-1019,Laboratory,EDIT_RECORD,2026-07-28 16:32:39,2026-07-30 01:47:39
EVT-104257,USR-1074,Pharmacy,DISPENSE_MED,2026-07-17 10:38:39,2026-07-17 10:38:54
EVT-100205,USR-1039,Laboratory,RUN_TEST,2026-08-07 14:50:39,2026-08-07 14:51:01
EVT-101533,USR-1019,Laboratory,DISPENSE_MED,2026-07-08 03:32:39,2026-07-08 03:32:59
EVT-103048,USR-1016,Administration,VIEW_RECORD,2026-08-31 12:22:39,2026-08-31 12:22:58
EVT-102122,USR-1039,Billing,EDIT_RECORD,2026-06-19 00:39:39,2026-06-19 00:39:51
EVT-103222,USR-1103,Pharmacy,VIEW_RECORD,2026-07-22 17:53:39,2026-07-22 17:53:45
EVT-104466,USR-1024,HR,DELETE_LOG,2026-07-21 20:12:39,2026-07-21 20:13:03
EVT-102652,USR-1107,Pharmacy,EXPORT_REPORT,2026-08-27 15:17:39,2026-08-27 15:18:00
EVT-104610,USR-1079,Billing,EXPORT_REPORT,2026-06-18 21:14:39,2026-06-18 21:14:42
EVT-103007,USR-1138,Laboratory,EDIT_RECORD,2026-07-13 08:11:39,2026-07-13 08:12:08
EVT-103362,USR-1117,Pharmacy,EDIT_RECORD,2026-07-13 14:39:39,2026-07-13 14:39:40
EVT-104247,USR-1061,Patient Records,EXPORT_REPORT,2026-08-03 17:10:39,2026-08-03 17:10:48
EVT-102988,USR-1153,Laboratory,LOGIN,2026-09-01 14:50:39,2026-09-01 14:51:00
EVT-101518,USR-1111,Administration,DISPENSE_MED,2026-06-10 20:48:39,2026-06-10 20:49:07
EVT-102290,USR-1018,Patient Records,RUN_TEST,2026-06-21 11:19:39,2026-06-21 11:19:40
EVT-104389,USR-1112,HR,LOGIN,2026-07-20 21:37:39,2026-07-20 21:37:45
EVT-101782,USR-1137,Billing,LOGIN,2026-08-31 22:15:39,2026-08-31 22:15:48
EVT-102263,USR-1116,HR,VIEW_RECORD,2026-07-13 21:22:39,2026-07-13 21:22:50
EVT-104933,USR-1188,Patient Records,RUN_TEST,2026-08-04 04:39:39,2026-08-04 04:40:04
EVT-103198,USR-1132,Laboratory,VIEW_RECORD,2026-07-28 11:30:39,2026-07-28 11:30:46
EVT-104732,USR-1176,Pharmacy,DELETE_LOG,2026-09-03 07:01:39,2026-09-03 07:01:49
EVT-101562,USR-1137,Billing,VIEW_RECORD,2026-08-07 20:07:39,2026-08-07 20:08:06
EVT-100848,USR-1141,Patient Records,DELETE_LOG,2026-08-30 19:09:39,2026-08-30 19:09:58
EVT-103471,USR-1158,Radiology,EXPORT_REPORT,2026-07-02 22:21:39,2026-07-02 22:21:49
EVT-103883,USR-1130,Radiology,VIEW_RECORD,2026-06-20 04:01:39,2026-06-20 04:01:47
EVT-105121,USR-1055,Administration,EXPORT_REPORT,2026-08-16 23:13:39,2026-08-16 23:13:54
EVT-100682,USR-1081,Laboratory,VIEW_RECORD,2026-07-22 23:59:39,2026-07-22 23:59:59
EVT-104413,USR-1193,Administration,LOGIN,2026-08-28 08:55:39,2026-08-28 08:56:17
EVT-101561,USR-1028,Pharmacy,EXPORT_REPORT,2026-06-25 02:05:39,2026-06-25 02:05:47
EVT-102323,USR-1188,HR,DISPENSE_MED,2026-06-16 21:36:39,2026-06-16 21:37:03
EVT-101733,USR-1141,Radiology,DISPENSE_MED,2026-08-08 11:10:39,2026-08-08 11:10:43
EVT-102549,USR-1023,Radiology,EXPORT_REPORT,2026-08-24 10:53:39,2026-08-24 10:54:08
EVT-105185,USR-1185,HR,EXPORT_REPORT,2026-06-14 06:44:39,2026-06-14 06:44:55
EVT-104804,USR-1020,Pharmacy,LOGIN,2026-08-21 06:38:39,2026-08-21 06:38:52
EVT-101037,USR-1097,Patient Records,DISPENSE_MED,2026-06-21 10:02:39,2026-06-21 10:02:55
EVT-104518,USR-1033,Laboratory,EDIT_RECORD,2026-07-21 22:48:39,2026-07-21 22:49:06
EVT-100519,USR-1096,Radiology,VIEW_RECORD,2026-06-23 11:49:39,2026-06-23 11:49:59
EVT-101100,USR-1155,Patient Records,EXPORT_REPORT,2026-08-04 17:05:39,2026-08-04 17:05:46
EVT-102062,USR-1190,Radiology,DELETE_LOG,2026-08-17 11:19:39,2026-08-17 11:20:03
EVT-103653,USR-1147,Patient Records,DISPENSE_MED,2026-08-13 20:33:39,2026-08-13 20:33:48
EVT-105024,USR-1020,Patient Records,DELETE_LOG,2026-08-13 04:25:39,2026-08-13 04:25:48
EVT-103635,USR-1188,Administration,EXPORT_REPORT,2026-06-22 00:32:39,2026-06-22 00:32:56
EVT-103720,USR-1199,Administration,DELETE_LOG,2026-07-05 18:00:39,2026-07-05 18:00:43
EVT-104296,USR-1050,Billing,DELETE_LOG,2026-08-28 05:18:39,2026-08-28 05:18:49
EVT-100276,USR-1171,Laboratory,VIEW_RECORD,2026-08-08 14:35:39,2026-08-08 14:36:01
EVT-100463,USR-1072,Administration,VIEW_RECORD,2026-06-19 11:13:39,2026-06-19 11:14:08
EVT-102145,USR-1058,Radiology,LOGIN,2026-06-23 15:01:39,2026-06-23 15:01:48
EVT-104346,USR-1184,Pharmacy,VIEW_RECORD,2026-08-16 13:35:39,2026-08-16 13:35:44
EVT-103915,USR-1200,Billing,RUN_TEST,2026-08-10 09:25:39,2026-08-10 09:25:55
EVT-100576,USR-1172,Patient Records,VIEW_RECORD,2026-07-21 03:06:39,2026-07-21 03:06:49
EVT-100900,USR-1163,Administration,DISPENSE_MED,2026-07-15 06:37:39,2026-07-15 06:38:02
EVT-101668,USR-1019,Laboratory,EDIT_RECORD,2026-06-19 19:53:39,2026-06-19 19:53:56
EVT-100808,USR-1007,Laboratory,EXPORT_REPORT,2026-07-02 01:52:39,2026-07-02 01:52:49
EVT-103938,USR-1041,Administration,VIEW_RECORD,2026-08-09 08:22:39,2026-08-09 08:23:02
EVT-104820,USR-1035,Billing,VIEW_RECORD,2026-06-06 08:02:39,2026-06-06 08:02:58
EVT-102211,USR-1035,Radiology,EDIT_RECORD,2026-08-07 23:41:39,2026-08-07 23:41:50
EVT-104976,USR-1119,Billing,DELETE_LOG,2026-06-24 18:05:39,2026-06-24 18:05:44
EVT-103656,USR-1193,Patient Records,RUN_TEST,2026-09-01 19:52:39,2026-09-01 19:52:44
EVT-101617,USR-1109,Laboratory,VIEW_RECORD,2026-08-30 12:16:39,2026-08-30 12:16:44
EVT-104176,USR-1094,Radiology,RUN_TEST,2026-08-09 07:14:39,2026-08-09 07:14:46
EVT-103505,USR-1100,Billing,DELETE_LOG,2026-07-02 15:23:39,2026-07-02 15:23:56
EVT-101105,USR-1036,Pharmacy,VIEW_RECORD,2026-08-30 02:56:39,2026-08-30 02:56:44
EVT-100230,USR-1035,Laboratory,EDIT_RECORD,2026-08-10 04:38:39,2026-08-10 04:39:02
EVT-102753,USR-1166,Laboratory,LOGIN,2026-07-30 14:21:39,2026-07-30 14:22:03
EVT-104482,USR-1072,Billing,RUN_TEST,2026-08-23 06:22:39,2026-08-23 06:22:54
EVT-100791,USR-1165,Radiology,EDIT_RECORD,2026-07-01 09:45:39,2026-07-01 09:45:56
EVT-100996,USR-1112,Radiology,DELETE_LOG,2026-08-27 05:12:39,2026-08-27 05:12:56
EVT-102528,USR-1163,Administration,EXPORT_REPORT,2026-08-06 07:34:39,2026-08-06 07:34:57
EVT-101855,USR-1096,Patient Records,EDIT_RECORD,2026-07-10 14:49:39,2026-07-10 14:49:50
EVT-102141,USR-1191,Patient Records,RUN_TEST,2026-06-06 15:20:39,2026-06-06 15:20:50
EVT-103996,USR-1139,Pharmacy,EDIT_RECORD,2026-08-27 13:52:39,2026-08-27 13:52:52
EVT-103502,USR-1048,Radiology,DELETE_LOG,2026-08-04 02:38:39,2026-08-04 02:39:09
EVT-100943,USR-1152,HR,EXPORT_REPORT,2026-07-09 01:36:39,2026-07-11 08:01:39
EVT-103744,USR-1057,Pharmacy,DELETE_LOG,2026-08-26 19:34:39,2026-08-26 19:34:53
EVT-104293,USR-1080,Billing,DISPENSE_MED,2026-07-06 00:31:39,2026-07-06 00:31:49
EVT-101880,USR-1098,Pharmacy,DELETE_LOG,2026-08-16 20:00:39,2026-08-16 20:01:08
EVT-103581,USR-1104,Patient Records,VIEW_RECORD,2026-08-19 03:50:39,2026-08-19 03:50:58
EVT-101194,USR-1185,HR,EXPORT_REPORT,2026-09-03 17:05:39,2026-09-03 17:05:58
EVT-102129,USR-1107,Pharmacy,RUN_TEST,2026-07-03 09:19:39,2026-07-03 09:19:53
EVT-100477,USR-1136,Patient Records,LOGIN,2026-07-29 07:23:39,2026-07-29 07:23:47
EVT-105153,USR-1121,Radiology,VIEW_RECORD,2026-07-04 00:30:39,2026-07-04 00:31:04
EVT-100561,USR-1119,Radiology,DELETE_LOG,2026-06-24 00:05:39,2026-06-24 00:05:52
EVT-101900,USR-1017,Patient Records,VIEW_RECORD,2026-06-09 01:47:39,2026-06-09 01:48:06
EVT-102019,USR-1154,Radiology,LOGIN,2026-08-22 09:32:39,2026-08-22 09:32:54
EVT-101413,USR-1110,Patient Records,DISPENSE_MED,2026-08-21 04:36:39,2026-08-21 04:37:01
EVT-101176,USR-1162,Radiology,EXPORT_REPORT,2026-07-19 22:22:39,2026-07-22 20:21:39
EVT-100026,USR-1179,Billing,EDIT_RECORD,2026-06-29 04:48:39,2026-06-29 04:49:07
EVT-103126,USR-1150,Laboratory,RUN_TEST,2026-08-01 18:03:39,2026-08-01 18:04:09
EVT-102970,USR-1111,Patient Records,VIEW_RECORD,2026-07-20 01:36:39,2026-07-20 01:36:44
EVT-101199,USR-1191,Radiology,VIEW_RECORD,2026-06-21 13:51:39,2026-06-21 13:52:06
EVT-103311,USR-1001,Laboratory,RUN_TEST,2026-08-30 11:11:39,2026-08-30 11:11:46
EVT-103864,USR-1176,Pharmacy,RUN_TEST,2026-08-08 18:40:39,2026-08-08 18:40:42
EVT-100763,USR-1147,Pharmacy,EXPORT_REPORT,2026-06-13 11:36:39,2026-06-13 11:36:55
EVT-103866,USR-1077,HR,EDIT_RECORD,2026-06-12 10:00:39,2026-06-12 10:00:51
EVT-102534,USR-1200,Patient Records,VIEW_RECORD,2026-07-01 00:28:39,2026-07-01 00:29:02
EVT-101791,USR-1169,Patient Records,VIEW_RECORD,2026-07-06 16:05:39,2026-07-06 16:05:55
EVT-103437,USR-1019,HR,VIEW_RECORD,2026-07-24 17:55:39,2026-07-24 17:55:48
EVT-100452,USR-1141,Administration,VIEW_RECORD,2026-07-22 17:30:39,2026-07-22 17:30:54
EVT-102422,USR-1054,Pharmacy,RUN_TEST,2026-06-19 15:24:39,2026-06-19 15:24:59
EVT-103741,USR-1080,HR,RUN_TEST,2026-06-10 00:09:39,2026-06-10 00:10:09
EVT-100568,USR-1054,Administration,RUN_TEST,2026-08-26 02:19:39,2026-08-26 02:20:01
EVT-102504,USR-1041,Billing,VIEW_RECORD,2026-06-14 17:23:39,2026-06-14 17:24:07
EVT-104430,USR-1195,Radiology,LOGIN,2026-08-25 09:36:39,2026-08-25 09:36:43
EVT-102400,USR-1155,Billing,VIEW_RECORD,2026-08-12 05:45:39,2026-08-12 05:45:42
EVT-103718,USR-1062,Radiology,VIEW_RECORD,2026-08-25 05:52:39,2026-08-25 05:52:41
EVT-104839,USR-1093,Administration,DISPENSE_MED,2026-06-09 03:33:39,2026-06-09 03:33:44
EVT-103354,USR-1119,Billing,EDIT_RECORD,2026-06-14 06:38:39,2026-06-14 06:39:05
EVT-100948,USR-1085,HR,DELETE_LOG,2026-06-19 08:03:39,2026-06-19 08:03:58
EVT-103414,USR-1158,Radiology,EDIT_RECORD,2026-07-30 07:11:39,2026-07-30 07:12:02
EVT-102360,USR-1074,Pharmacy,EDIT_RECORD,2026-06-15 03:15:39,2026-06-15 03:15:47
EVT-104494,USR-1096,Administration,EXPORT_REPORT,2026-07-07 22:23:39,2026-07-10 13:03:39
EVT-101833,USR-1118,Pharmacy,EDIT_RECORD,2026-06-23 02:02:39,2026-06-23 02:02:48
EVT-103136,USR-1060,HR,RUN_TEST,2026-07-05 23:33:39,2026-07-05 23:34:08
EVT-101728,USR-1171,HR,VIEW_RECORD,2026-06-19 05:59:39,2026-06-19 05:59:48
EVT-103404,USR-1062,HR,VIEW_RECORD,2026-08-28 00:48:39,2026-08-28 00:48:46
EVT-102840,USR-1078,Administration,DISPENSE_MED,2026-07-21 14:32:39,2026-07-21 14:32:52
EVT-104770,USR-1075,Laboratory,EDIT_RECORD,2026-09-03 17:30:39,2026-09-03 17:31:04
EVT-101368,USR-1016,Radiology,LOGIN,2026-06-15 20:13:39,2026-06-15 20:13:56
EVT-103389,USR-1035,Laboratory,DELETE_LOG,2026-06-18 14:09:39,2026-06-18 14:09:52
EVT-101340,USR-1091,Pharmacy,DISPENSE_MED,2026-08-29 06:44:39,2026-08-29 06:45:00
EVT-101716,USR-1153,Patient Records,LOGIN,2026-08-04 12:15:39,2026-08-04 12:16:06
EVT-104131,USR-1168,Radiology,DELETE_LOG,2026-06-28 14:44:39,2026-06-28 14:45:00
EVT-105095,USR-1035,Billing,RUN_TEST,2026-09-02 19:45:39,2026-09-02 19:45:59
EVT-100024,USR-1143,Laboratory,EXPORT_REPORT,2026-07-26 01:01:39,2026-07-26 01:01:57
EVT-104990,USR-1185,Laboratory,RUN_TEST,2026-09-02 14:22:39,2026-09-02 14:23:08
EVT-102274,USR-1108,Administration,LOGIN,2026-06-21 08:39:39,2026-06-21 08:39:46
EVT-103005,USR-1028,Radiology,EXPORT_REPORT,2026-07-24 00:44:39,2026-07-24 00:44:50
EVT-104996,USR-1034,Laboratory,EDIT_RECORD,2026-07-03 11:48:39,2026-07-03 18:17:39
EVT-104782,USR-1085,Patient Records,LOGIN,2026-07-16 13:14:39,2026-07-16 13:14:50
EVT-103638,USR-1140,Pharmacy,RUN_TEST,2026-08-22 01:35:39,2026-08-22 01:36:07
EVT-102978,USR-1136,Billing,VIEW_RECORD,2026-06-13 14:40:39,2026-06-13 14:40:55
EVT-102333,USR-1066,Pharmacy,EDIT_RECORD,2026-08-02 01:28:39,2026-08-02 01:29:06
EVT-101142,USR-1190,Administration,EXPORT_REPORT,2026-08-15 19:03:39,2026-08-15 19:03:52
EVT-103399,USR-1045,Administration,EDIT_RECORD,2026-06-18 12:25:39,2026-06-18 12:26:00
EVT-104691,USR-1091,Administration,EXPORT_REPORT,2026-09-03 02:21:39,2026-09-03 02:21:59
EVT-102784,USR-1004,HR,DISPENSE_MED,2026-06-22 02:31:39,2026-06-22 10:32:39
EVT-104920,USR-1062,HR,LOGIN,2026-08-14 19:18:39,2026-08-16 14:27:39
EVT-105131,USR-1186,Billing,EDIT_RECORD,2026-07-14 20:38:39,2026-07-14 20:38:49
EVT-101808,USR-1179,Patient Records,EDIT_RECORD,2026-06-14 03:50:39,2026-06-14 03:50:47
EVT-102167,USR-1081,Pharmacy,DELETE_LOG,2026-06-07 06:26:39,2026-06-07 06:27:03
EVT-101066,USR-1079,HR,VIEW_RECORD,2026-08-15 03:26:39,2026-08-15 03:27:08
EVT-103156,USR-1155,Billing,VIEW_RECORD,2026-06-27 21:23:39,2026-06-27 21:23:44
EVT-104760,USR-1074,Pharmacy,RUN_TEST,2026-06-28 18:48:39,2026-06-28 18:48:56
EVT-101581,USR-1108,Administration,DISPENSE_MED,2026-08-16 17:31:39,2026-08-16 17:31:51
EVT-101287,USR-1028,Radiology,LOGIN,2026-06-29 10:09:39,2026-06-29 10:09:42
EVT-103598,USR-1152,Patient Records,EXPORT_REPORT,2026-08-24 14:58:39,2026-08-24 14:59:12
EVT-105195,USR-1088,Pharmacy,EXPORT_REPORT,2026-06-09 01:25:39,2026-06-09 01:26:08
EVT-102003,USR-1107,Patient Records,EXPORT_REPORT,2026-08-26 07:45:39,2026-08-26 07:45:50
EVT-101020,USR-1039,Laboratory,EDIT_RECORD,2026-08-03 22:24:39,2026-08-03 22:24:53
EVT-104071,USR-1004,Billing,EXPORT_REPORT,2026-06-23 11:29:39,2026-06-23 11:30:01
EVT-103800,USR-1170,Radiology,EXPORT_REPORT,2026-07-06 22:01:39,2026-07-06 22:01:56
EVT-104824,USR-1096,Administration,DELETE_LOG,2026-08-05 06:34:39,2026-08-05 06:35:06
EVT-101146,USR-1053,Administration,VIEW_RECORD,2026-08-18 19:24:39,2026-08-18 19:25:02
EVT-100750,USR-1118,Pharmacy,VIEW_RECORD,2026-08-24 16:17:39,2026-08-24 16:18:02
EVT-103240,USR-1090,Laboratory,VIEW_RECORD,2026-06-23 03:26:39,2026-06-23 03:27:09
EVT-102450,USR-1016,Radiology,LOGIN,2026-08-16 18:52:39,2026-08-16 18:53:02
EVT-103503,USR-1024,Laboratory,VIEW_RECORD,2026-06-12 16:12:39,2026-06-12 16:12:52
EVT-101511,USR-1002,HR,VIEW_RECORD,2026-08-03 01:45:39,2026-08-03 01:45:55
EVT-100903,USR-1200,Patient Records,DELETE_LOG,2026-06-21 14:03:39,2026-06-21 14:04:01
EVT-103727,USR-1027,Laboratory,LOGIN,2026-06-21 15:40:39,2026-06-21 15:40:42
EVT-101766,USR-1038,Patient Records,DELETE_LOG,2026-08-22 01:42:39,2026-08-22 01:42:51
EVT-103946,USR-1021,HR,DISPENSE_MED,2026-06-24 21:55:39,2026-06-24 21:55:40
EVT-101200,USR-1194,HR,DISPENSE_MED,2026-07-03 23:19:39,2026-07-03 23:19:59
EVT-105130,USR-1163,Administration,EDIT_RECORD,2026-07-02 09:25:39,2026-07-02 09:26:08
EVT-102555,USR-1053,Radiology,LOGIN,2026-07-15 08:53:39,2026-07-15 08:53:46
EVT-103839,USR-1158,Patient Records,EDIT_RECORD,2026-06-07 05:40:39,2026-06-07 05:40:45
EVT-101447,USR-1062,HR,VIEW_RECORD,2026-09-02 21:01:39,2026-09-02 21:01:53
EVT-101589,USR-1105,Patient Records,EDIT_RECORD,2026-07-09 03:59:39,2026-07-09 03:59:52
EVT-100125,USR-1019,Pharmacy,LOGIN,2026-07-15 03:14:39,2026-07-15 03:15:03
EVT-105127,USR-1176,Pharmacy,EDIT_RECORD,2026-06-17 17:40:39,2026-06-17 17:40:56
EVT-104666,USR-1028,HR,LOGIN,2026-08-22 13:02:39,2026-08-22 13:02:46
EVT-100387,USR-1116,HR,EXPORT_REPORT,2026-08-31 10:34:39,2026-08-31 10:35:02
EVT-100169,USR-1087,Radiology,RUN_TEST,2026-06-22 08:51:39,2026-06-25 06:13:39
EVT-103688,USR-1074,Pharmacy,VIEW_RECORD,2026-06-20 23:48:39,2026-06-20 23:48:54
EVT-102146,USR-1135,Radiology,RUN_TEST,2026-07-19 01:49:39,2026-07-19 01:50:05
EVT-100862,USR-1180,Laboratory,LOGIN,2026-07-05 22:47:39,2026-07-05 22:47:45
EVT-101397,USR-1005,Radiology,EXPORT_REPORT,2026-07-11 06:50:39,2026-07-11 10:06:39
EVT-102275,USR-1127,Laboratory,EXPORT_REPORT,2026-08-11 13:40:39,2026-08-11 13:40:51
EVT-104160,USR-1046,Billing,VIEW_RECORD,2026-08-05 10:57:39,2026-08-05 10:57:51
EVT-101691,USR-1053,HR,VIEW_RECORD,2026-08-09 02:30:39,2026-08-09 02:30:43
EVT-104585,USR-1024,Laboratory,DELETE_LOG,2026-06-22 12:31:39,2026-06-22 12:31:41
EVT-104842,USR-1162,Radiology,DELETE_LOG,2026-08-10 07:53:39,2026-08-10 07:53:49
EVT-103752,USR-1080,Billing,DELETE_LOG,2026-07-10 08:35:39,2026-07-10 08:35:57
EVT-100424,USR-1053,Radiology,VIEW_RECORD,2026-08-22 18:51:39,2026-08-22 18:51:47
EVT-105072,USR-1115,Patient Records,LOGIN,2026-07-26 14:18:39,2026-07-26 14:18:52
EVT-102193,USR-1186,Patient Records,DISPENSE_MED,2026-08-12 20:21:39,2026-08-12 20:21:54
EVT-101961,USR-1010,HR,EXPORT_REPORT,2026-07-29 09:18:39,2026-07-29 09:19:03
EVT-100520,USR-1004,HR,DELETE_LOG,2026-06-09 04:00:39,2026-06-09 04:00:57
EVT-104461,USR-1147,Pharmacy,LOGIN,2026-08-29 10:28:39,2026-08-29 10:28:57
EVT-102242,USR-1135,Radiology,LOGIN,2026-08-15 22:58:39,2026-08-15 22:58:58
EVT-101557,USR-1148,Laboratory,LOGIN,2026-08-26 09:01:39,2026-08-26 12:35:39
EVT-103402,USR-1187,Laboratory,DISPENSE_MED,2026-06-13 06:39:39,2026-06-13 06:39:42
EVT-102316,USR-1185,HR,VIEW_RECORD,2026-08-17 16:13:39,2026-08-17 16:13:46
EVT-103273,USR-1140,Pharmacy,DISPENSE_MED,2026-08-30 00:54:39,2026-08-30 00:54:47
EVT-101064,USR-1040,Laboratory,EXPORT_REPORT,2026-07-30 06:56:39,2026-07-30 06:57:01
EVT-100587,USR-1018,Billing,EXPORT_REPORT,2026-08-06 10:58:39,2026-08-06 10:59:09
EVT-100849,USR-1097,Patient Records,RUN_TEST,2026-07-24 16:32:39,2026-07-24 16:33:05
EVT-100300,USR-1027,Radiology,EXPORT_REPORT,2026-07-09 00:55:39,2026-07-11 21:06:39
EVT-103312,USR-1119,Billing,RUN_TEST,2026-08-26 13:03:39,2026-08-26 13:03:46
EVT-100609,USR-1027,Radiology,RUN_TEST,2026-06-18 05:51:39,2026-06-18 05:51:53
EVT-102204,USR-1106,Pharmacy,RUN_TEST,2026-07-08 14:06:39,2026-07-08 14:06:53
EVT-101007,USR-1172,Patient Records,RUN_TEST,2026-08-22 07:35:39,2026-08-22 07:36:04
EVT-104208,USR-1004,HR,EXPORT_REPORT,2026-06-20 11:18:39,2026-06-20 11:19:06
EVT-101858,USR-1070,Pharmacy,EDIT_RECORD,2026-06-11 04:28:39,2026-06-11 04:28:58
EVT-103111,USR-1191,HR,LOGIN,2026-06-07 00:21:39,2026-06-07 00:21:47
EVT-100119,USR-1110,HR,DISPENSE_MED,2026-06-07 12:35:39,2026-06-07 12:35:59
EVT-100165,USR-1178,Administration,DISPENSE_MED,2026-08-06 19:47:39,2026-08-06 19:48:04
EVT-102371,USR-1148,Radiology,DISPENSE_MED,2026-08-15 07:26:39,2026-08-15 07:26:48
EVT-103755,USR-1152,Administration,DISPENSE_MED,2026-09-02 19:23:39,2026-09-02 19:23:50
EVT-104651,USR-1086,Administration,DISPENSE_MED,2026-06-21 04:33:39,2026-06-21 04:33:58
EVT-100624,USR-1138,Laboratory,DISPENSE_MED,2026-06-14 05:44:39,2026-06-14 05:45:01
EVT-101172,USR-1179,Billing,DISPENSE_MED,2026-06-10 09:18:39,2026-06-10 09:19:09
EVT-102952,USR-1190,Radiology,DISPENSE_MED,2026-06-14 09:46:39,2026-06-14 09:46:40
EVT-104318,USR-1044,Billing,LOGIN,2026-08-22 10:52:39,2026-08-22 10:52:46
EVT-102040,USR-1199,Radiology,EXPORT_REPORT,2026-06-27 13:05:39,2026-06-27 13:05:43
EVT-103018,USR-1033,Radiology,EDIT_RECORD,2026-07-28 07:19:39,2026-07-28 07:19:53
EVT-101697,USR-1058,Radiology,RUN_TEST,2026-06-12 06:47:39,2026-06-12 06:47:47
EVT-104495,USR-1071,Radiology,EDIT_RECORD,2026-06-15 03:58:39,2026-06-15 03:59:07
EVT-102100,USR-1017,Laboratory,DISPENSE_MED,2026-07-05 00:32:39,2026-07-05 00:32:54
EVT-101166,USR-1172,Radiology,EDIT_RECORD,2026-07-24 17:32:39,2026-07-24 17:33:01
EVT-102117,USR-1029,Administration,RUN_TEST,2026-07-19 17:16:39,2026-07-19 17:16:54
EVT-101551,USR-1094,Radiology,RUN_TEST,2026-07-26 19:22:39,2026-07-26 19:23:00
EVT-103392,USR-1191,Patient Records,RUN_TEST,2026-07-31 10:21:39,2026-07-31 10:22:00
EVT-105158,USR-1090,Patient Records,DISPENSE_MED,2026-07-22 14:17:39,2026-07-22 14:17:45
EVT-100637,USR-1159,Administration,VIEW_RECORD,2026-08-01 19:47:39,2026-08-01 19:47:51
EVT-101458,USR-1139,Pharmacy,LOGIN,2026-08-13 01:30:39,2026-08-13 01:30:57
EVT-102209,USR-1142,Billing,EDIT_RECORD,2026-07-07 10:13:39,2026-07-07 10:13:54
EVT-103697,USR-1183,Pharmacy,EXPORT_REPORT,2026-08-10 22:54:39,2026-08-10 22:54:57
EVT-INV-5,,Patient Records,INVALID_ACTION,INVALID_DATE,2026-09-03 20:45:39
EVT-103953,USR-1062,HR,VIEW_RECORD,2026-06-12 03:59:39,2026-06-12 03:59:50
EVT-103497,USR-1018,Pharmacy,RUN_TEST,2026-06-28 13:36:39,2026-06-28 13:36:48
EVT-104366,USR-1143,HR,DELETE_LOG,2026-08-11 07:05:39,2026-08-11 07:05:57
EVT-104245,USR-1035,Billing,EXPORT_REPORT,2026-07-05 19:39:39,2026-07-05 19:39:42
EVT-103849,USR-1090,Laboratory,RUN_TEST,2026-06-26 04:50:39,2026-06-26 04:50:55
EVT-100838,USR-1029,Administration,DISPENSE_MED,2026-07-01 03:14:39,2026-07-01 03:15:02
EVT-104699,USR-1178,Billing,EDIT_RECORD,2026-06-26 20:58:39,2026-06-26 20:58:40
EVT-105139,USR-1138,Patient Records,DISPENSE_MED,2026-08-19 02:56:39,2026-08-19 02:56:53
EVT-101583,USR-1027,Radiology,DISPENSE_MED,2026-07-26 04:10:39,2026-07-26 04:10:52
EVT-103816,USR-1071,Pharmacy,DISPENSE_MED,2026-08-04 05:39:39,2026-08-04 05:39:41
EVT-101810,USR-1041,Administration,EDIT_RECORD,2026-06-16 18:28:39,2026-06-16 18:28:56
EVT-103901,USR-1159,Radiology,DISPENSE_MED,2026-06-24 14:11:39,2026-06-24 14:12:07
EVT-103994,USR-1019,HR,DISPENSE_MED,2026-06-21 13:31:39,2026-06-21 13:31:48
EVT-101601,USR-1172,HR,EXPORT_REPORT,2026-07-10 12:46:39,2026-07-10 12:47:05
EVT-103334,USR-1033,Radiology,VIEW_RECORD,2026-08-28 04:12:39,2026-08-28 04:12:48
EVT-102521,USR-1129,Laboratory,DISPENSE_MED,2026-06-26 08:49:39,2026-06-26 08:50:00
EVT-101008,USR-1072,Patient Records,EXPORT_REPORT,2026-07-16 10:17:39,2026-07-16 10:17:40
EVT-104080,USR-1070,Pharmacy,EXPORT_REPORT,2026-08-30 06:47:39,2026-08-30 06:48:04
EVT-102921,USR-1116,HR,VIEW_RECORD,2026-06-14 16:24:39,2026-06-14 16:24:47
EVT-104874,USR-1054,Administration,RUN_TEST,2026-06-12 19:33:39,2026-06-12 19:33:42
EVT-105058,USR-1032,Patient Records,RUN_TEST,2026-06-13 17:28:39,2026-06-13 17:29:07
EVT-101667,USR-1058,HR,LOGIN,2026-08-30 18:04:39,2026-08-30 18:04:58
EVT-100226,USR-1015,Administration,VIEW_RECORD,2026-08-17 08:08:39,2026-08-17 08:08:57
EVT-103569,USR-1026,Billing,DELETE_LOG,2026-08-18 10:05:39,2026-08-18 10:05:55
EVT-104613,USR-1014,Administration,DISPENSE_MED,2026-09-02 13:20:39,2026-09-02 13:21:04
EVT-101316,USR-1140,Laboratory,DISPENSE_MED,2026-09-03 08:04:39,2026-09-03 08:05:07
EVT-100355,USR-1065,HR,VIEW_RECORD,2026-08-18 18:56:39,2026-08-18 18:56:52
EVT-104681,USR-1058,Billing,EDIT_RECORD,2026-06-15 00:19:39,2026-06-15 00:20:00
EVT-100656,USR-1187,Radiology,EXPORT_REPORT,2026-08-22 11:28:39,2026-08-23 16:47:39
EVT-102676,USR-1068,Radiology,DELETE_LOG,2026-06-14 00:40:39,2026-06-14 00:40:44
EVT-100513,USR-1192,Billing,DELETE_LOG,2026-08-06 01:59:39,2026-08-06 02:00:01
EVT-100275,USR-1112,Patient Records,DISPENSE_MED,2026-06-19 02:29:39,2026-06-19 02:30:06
EVT-103590,USR-1164,Pharmacy,DISPENSE_MED,2026-08-14 22:38:39,2026-08-14 22:38:52
EVT-103807,USR-1152,Patient Records,DISPENSE_MED,2026-08-30 07:32:39,2026-08-30 07:32:53
EVT-104075,USR-1096,Administration,LOGIN,2026-06-25 12:33:39,2026-06-25 12:33:53
EVT-101412,USR-1162,Administration,DISPENSE_MED,2026-07-17 13:54:39,2026-07-17 13:54:45
EVT-104144,USR-1199,Billing,LOGIN,2026-07-01 13:35:39,2026-07-01 13:36:07
EVT-101393,USR-1085,Billing,VIEW_RECORD,2026-06-29 17:07:39,2026-06-29 17:07:40
EVT-103291,USR-1132,Billing,DELETE_LOG,2026-08-31 03:41:39,2026-08-31 03:41:49
EVT-104047,USR-1037,Patient Records,EDIT_RECORD,2026-08-25 05:42:39,2026-08-25 05:42:48
EVT-103425,USR-1148,HR,EDIT_RECORD,2026-06-12 12:07:39,2026-06-12 12:07:43
EVT-102463,USR-1034,Laboratory,DISPENSE_MED,2026-06-27 21:22:39,2026-06-27 21:23:05
EVT-101849,USR-1150,Laboratory,EDIT_RECORD,2026-09-02 09:33:39,2026-09-02 09:34:07
EVT-100329,USR-1195,Radiology,DELETE_LOG,2026-08-15 03:06:39,2026-08-15 03:07:00
EVT-104234,USR-1141,Patient Records,DELETE_LOG,2026-07-06 21:43:39,2026-07-06 21:43:41
EVT-100803,USR-1192,Laboratory,EDIT_RECORD,2026-08-06 05:03:39,2026-08-06 05:04:04
EVT-101445,USR-1083,HR,LOGIN,2026-08-08 18:18:39,2026-08-08 18:18:41
EVT-102505,USR-1032,Patient Records,DELETE_LOG,2026-08-18 17:01:39,2026-08-18 17:02:06
EVT-100485,USR-1091,Pharmacy,EDIT_RECORD,2026-07-30 17:17:39,2026-07-30 17:17:49
EVT-100053,USR-1093,Pharmacy,RUN_TEST,2026-07-29 07:33:39,2026-07-29 07:34:01
EVT-102533,USR-1196,Billing,VIEW_RECORD,2026-08-25 21:15:39,2026-08-25 21:15:45
EVT-101004,USR-1023,Radiology,EDIT_RECORD,2026-08-31 09:08:39,2026-08-31 09:08:50
EVT-105025,USR-1057,Pharmacy,RUN_TEST,2026-07-13 18:17:39,2026-07-13 18:17:58
EVT-101807,USR-1150,HR,RUN_TEST,2026-08-16 03:03:39,2026-08-16 03:04:03
EVT-103212,USR-1129,Patient Records,DISPENSE_MED,2026-07-02 11:30:39,2026-07-02 11:30:51
EVT-102837,USR-1130,Laboratory,VIEW_RECORD,2026-06-13 17:44:39,2026-06-13 17:45:07
EVT-102822,USR-1147,Laboratory,LOGIN,2026-08-11 14:00:39,2026-08-11 14:01:07
EVT-101167,USR-1023,HR,DISPENSE_MED,2026-07-18 23:55:39,2026-07-18 23:55:46
EVT-103335,USR-1139,Pharmacy,EDIT_RECORD,2026-07-27 19:02:39,2026-07-27 19:02:48
EVT-104034,USR-1146,Radiology,DISPENSE_MED,2026-07-14 00:54:39,2026-07-14 00:54:40
EVT-101907,USR-1184,Laboratory,LOGIN,2026-08-16 00:54:39,2026-08-16 00:54:56
EVT-101920,USR-1145,Laboratory,DISPENSE_MED,2026-08-25 17:21:39,2026-08-25 17:22:05
EVT-105060,USR-1064,Administration,LOGIN,2026-08-02 15:48:39,2026-08-02 15:49:07
EVT-103930,USR-1015,HR,VIEW_RECORD,2026-07-31 06:20:39,2026-07-31 19:04:39
EVT-100960,USR-1187,Laboratory,EXPORT_REPORT,2026-08-04 17:22:39,2026-08-04 17:22:58
EVT-102866,USR-1141,Patient Records,DISPENSE_MED,2026-07-19 03:15:39,2026-07-19 03:15:42
EVT-100890,USR-1095,HR,DELETE_LOG,2026-07-19 09:56:39,2026-07-19 09:56:45
EVT-101410,USR-1199,Billing,RUN_TEST,2026-08-04 11:44:39,2026-08-04 11:45:09
EVT-104477,USR-1004,Laboratory,DELETE_LOG,2026-06-28 20:19:39,2026-06-28 20:19:40
EVT-104608,USR-1178,Administration,VIEW_RECORD,2026-08-21 19:22:39,2026-08-21 19:23:03
EVT-104591,USR-1134,Patient Records,VIEW_RECORD,2026-06-21 19:21:39,2026-06-21 19:21:58
EVT-103426,USR-1121,Radiology,RUN_TEST,2026-06-11 11:20:39,2026-06-11 11:20:40
EVT-101842,USR-1159,Radiology,RUN_TEST,2026-07-15 16:06:39,2026-07-15 16:06:42
EVT-103567,USR-1060,Radiology,LOGIN,2026-07-17 09:28:39,2026-07-17 09:28:55
EVT-101267,USR-1146,Patient Records,EDIT_RECORD,2026-06-25 01:02:39,2026-06-25 01:03:07
EVT-103826,USR-1105,Patient Records,EDIT_RECORD,2026-07-17 07:31:39,2026-07-17 07:32:10
EVT-102857,USR-1053,HR,VIEW_RECORD,2026-08-16 10:30:39,2026-08-16 10:30:44
EVT-102106,USR-1188,HR,VIEW_RECORD,2026-06-15 06:10:39,2026-06-15 06:11:04
EVT-100263,USR-1030,Administration,EXPORT_REPORT,2026-08-21 06:47:39,2026-08-21 06:47:49
EVT-102017,USR-1137,Laboratory,DELETE_LOG,2026-07-09 21:26:39,2026-07-09 21:26:45
EVT-101151,USR-1113,Patient Records,LOGIN,2026-06-16 19:48:39,2026-06-16 19:48:42
EVT-101543,USR-1178,Billing,EDIT_RECORD,2026-06-24 16:01:39,2026-06-24 16:01:49
EVT-101395,USR-1088,HR,LOGIN,2026-06-26 08:59:39,2026-06-26 09:00:09
EVT-102495,USR-1004,Pharmacy,EDIT_RECORD,2026-06-06 03:36:39,2026-06-06 03:36:42
EVT-100599,USR-1150,Patient Records,VIEW_RECORD,2026-07-09 00:22:39,2026-07-09 00:22:42
EVT-104644,USR-1017,Patient Records,DISPENSE_MED,2026-08-22 03:14:39,2026-08-22 03:14:42
EVT-100408,USR-1121,Pharmacy,EXPORT_REPORT,2026-08-02 05:24:39,2026-08-02 05:24:46
EVT-101763,USR-1178,Patient Records,VIEW_RECORD,2026-06-28 07:30:39,2026-06-28 07:31:06
EVT-101400,USR-1174,HR,DELETE_LOG,2026-07-14 15:11:39,2026-07-14 15:12:06
EVT-102431,USR-1189,Patient Records,LOGIN,2026-08-15 04:49:39,2026-08-15 04:49:40
EVT-103894,USR-1027,Laboratory,DELETE_LOG,2026-07-08 09:29:39,2026-07-08 09:30:07
EVT-100239,USR-1143,Radiology,DELETE_LOG,2026-07-23 11:26:39,2026-07-23 11:26:42
EVT-102800,USR-1041,Billing,VIEW_RECORD,2026-06-06 21:58:39,2026-06-06 21:58:46
EVT-105191,USR-1068,Radiology,LOGIN,2026-07-24 05:15:39,2026-07-24 05:16:09
EVT-100348,USR-1073,HR,DISPENSE_MED,2026-07-29 02:24:39,2026-07-29 02:25:04
EVT-101996,USR-1153,Patient Records,VIEW_RECORD,2026-08-21 23:37:39,2026-08-21 23:38:01
EVT-104632,USR-1061,Billing,EXPORT_REPORT,2026-08-05 21:10:39,2026-08-05 21:11:01
EVT-100925,USR-1070,Pharmacy,EXPORT_REPORT,2026-08-14 10:14:39,2026-08-16 21:35:39
EVT-104626,USR-1090,Administration,DISPENSE_MED,2026-07-23 06:22:39,2026-07-23 06:22:51
EVT-100867,USR-1137,HR,DISPENSE_MED,2026-08-18 10:26:39,2026-08-18 10:27:07
EVT-100998,USR-1054,Administration,EDIT_RECORD,2026-07-27 01:55:39,2026-07-27 01:55:53
EVT-100981,USR-1075,Patient Records,EXPORT_REPORT,2026-08-12 14:32:39,2026-08-12 14:33:04
EVT-103191,USR-1150,HR,EXPORT_REPORT,2026-06-22 15:06:39,2026-06-22 15:06:46
EVT-100436,USR-1069,Radiology,EDIT_RECORD,2026-07-23 12:11:39,2026-07-23 12:11:51
EVT-100200,USR-1103,Pharmacy,VIEW_RECORD,2026-08-17 04:55:39,2026-08-17 04:55:50
EVT-103099,USR-1101,Patient Records,VIEW_RECORD,2026-08-24 13:06:39,2026-08-24 13:06:50
EVT-105011,USR-1042,Pharmacy,DELETE_LOG,2026-07-26 19:04:39,2026-07-26 19:05:06
EVT-103601,USR-1001,Pharmacy,EXPORT_REPORT,2026-06-27 08:21:39,2026-06-27 08:21:44
EVT-100620,USR-1057,Pharmacy,DELETE_LOG,2026-06-22 17:24:39,2026-06-22 17:24:57
EVT-103403,USR-1052,Billing,LOGIN,2026-06-19 23:29:39,2026-06-19 23:29:52
EVT-103711,USR-1093,Radiology,EDIT_RECORD,2026-07-26 02:21:39,2026-07-26 02:22:03
EVT-101468,USR-1158,Administration,VIEW_RECORD,2026-09-01 17:01:39,2026-09-01 17:01:52
EVT-103293,USR-1091,Laboratory,DELETE_LOG,2026-08-08 09:54:39,2026-08-08 09:54:41
EVT-103905,USR-1075,Billing,DELETE_LOG,2026-09-02 07:50:39,2026-09-02 07:51:04
EVT-103932,USR-1087,Billing,EDIT_RECORD,2026-06-10 19:16:39,2026-06-10 19:16:42
EVT-104468,USR-1098,Pharmacy,RUN_TEST,2026-06-12 18:10:39,2026-06-12 18:11:06
EVT-102907,USR-1085,Patient Records,EDIT_RECORD,2026-08-23 23:50:39,2026-08-23 23:50:43
EVT-100945,USR-1066,Pharmacy,EDIT_RECORD,2026-07-06 14:48:39,2026-07-06 14:49:05
EVT-100497,USR-1039,Laboratory,RUN_TEST,2026-08-07 04:51:39,2026-08-07 04:52:03
EVT-102991,USR-1118,Billing,EDIT_RECORD,2026-08-30 05:32:39,2026-08-30 05:32:58
EVT-104368,USR-1063,Patient Records,DISPENSE_MED,2026-07-07 09:52:39,2026-07-07 09:52:55
EVT-101454,USR-1159,HR,DISPENSE_MED,2026-07-22 09:50:39,2026-07-22 09:51:00
EVT-102482,USR-1002,Laboratory,VIEW_RECORD,2026-07-13 23:53:39,2026-07-13 23:53:56
EVT-100907,USR-1036,Laboratory,VIEW_RECORD,2026-07-25 09:34:39,2026-07-25 14:16:39
EVT-101623,USR-1072,Billing,EDIT_RECORD,2026-08-04 21:20:39,2026-08-04 21:21:05
EVT-102731,USR-1103,Radiology,EDIT_RECORD,2026-08-04 02:02:39,2026-08-04 02:02:50
EVT-103174,USR-1176,Pharmacy,DELETE_LOG,2026-06-26 10:46:39,2026-06-26 10:46:58
EVT-100860,USR-1141,Administration,RUN_TEST,2026-06-26 21:43:39,2026-06-26 21:43:58
EVT-100666,USR-1060,HR,LOGIN,2026-06-07 04:45:39,2026-06-07 04:45:58
EVT-101664,USR-1157,Laboratory,VIEW_RECORD,2026-06-07 04:13:39,2026-06-07 04:13:42
EVT-103746,USR-1026,Billing,DISPENSE_MED,2026-08-09 00:06:39,2026-08-09 00:07:05
EVT-100987,USR-1152,Administration,VIEW_RECORD,2026-07-19 13:40:39,2026-07-19 13:41:08
EVT-105026,USR-1178,Patient Records,VIEW_RECORD,2026-06-14 01:24:39,2026-06-14 01:24:46
EVT-102873,USR-1029,Administration,DISPENSE_MED,2026-07-09 21:30:39,2026-07-09 21:30:56
EVT-100725,USR-1034,Patient Records,LOGIN,2026-06-27 00:11:39,2026-06-27 00:11:51
EVT-102219,USR-1069,Radiology,EDIT_RECORD,2026-07-07 21:44:39,2026-07-07 21:45:07
EVT-102883,USR-1139,Laboratory,EXPORT_REPORT,2026-07-14 21:01:39,2026-07-14 21:01:59
EVT-103656,USR-1193,Patient Records,RUN_TEST,2026-09-01 19:52:39,2026-09-01 19:52:54
EVT-100357,USR-1064,Administration,EXPORT_REPORT,2026-07-03 03:58:39,2026-07-03 03:58:42
EVT-101238,USR-1037,Patient Records,DISPENSE_MED,2026-06-21 21:01:39,2026-06-21 21:01:52
EVT-100109,USR-1090,Pharmacy,VIEW_RECORD,2026-08-16 18:19:39,2026-08-16 18:19:54
EVT-100537,USR-1054,Billing,RUN_TEST,2026-08-03 04:54:39,2026-08-03 04:55:07
EVT-104027,USR-1169,Patient Records,RUN_TEST,2026-07-02 06:22:39,2026-07-02 06:22:49
EVT-105064,USR-1107,Pharmacy,RUN_TEST,2026-06-18 08:57:39,2026-06-18 08:58:09
EVT-101211,USR-1011,Patient Records,DISPENSE_MED,2026-08-04 03:40:39,2026-08-04 03:40:55
EVT-101989,USR-1029,Administration,DELETE_LOG,2026-09-02 15:00:39,2026-09-02 15:01:03
EVT-102070,USR-1087,Laboratory,RUN_TEST,2026-07-14 02:23:39,2026-07-14 02:24:12
EVT-103588,USR-1021,HR,RUN_TEST,2026-06-10 07:58:39,2026-06-10 07:58:53
EVT-101813,USR-1053,Radiology,RUN_TEST,2026-07-21 14:37:39,2026-07-21 14:37:46
EVT-100372,USR-1047,Billing,DELETE_LOG,2026-06-21 10:58:39,2026-06-21 10:58:55
EVT-104947,USR-1051,Patient Records,DELETE_LOG,2026-08-13 22:35:39,2026-08-13 22:36:03
EVT-101607,USR-1065,Radiology,RUN_TEST,2026-09-01 22:18:39,2026-09-01 22:19:00
EVT-100158,USR-1039,Billing,DELETE_LOG,2026-08-19 22:30:39,2026-08-19 22:30:53
EVT-104889,USR-1133,Radiology,EXPORT_REPORT,2026-06-16 22:16:39,2026-06-16 22:16:56
EVT-100083,USR-1126,Pharmacy,EDIT_RECORD,2026-08-27 02:54:39,2026-08-27 02:54:53
EVT-101145,USR-1171,Laboratory,RUN_TEST,2026-07-27 22:09:39,2026-07-27 22:10:03
EVT-100189,USR-1113,Patient Records,EDIT_RECORD,2026-06-11 11:28:39,2026-06-11 11:28:58
EVT-102995,USR-1094,Radiology,DELETE_LOG,2026-07-31 11:10:39,2026-07-31 11:11:02
EVT-105108,USR-1143,Laboratory,EXPORT_REPORT,2026-08-31 11:20:39,2026-08-31 11:20:48
EVT-102152,USR-1093,Administration,DISPENSE_MED,2026-07-06 01:03:39,2026-07-06 01:03:48
EVT-100571,USR-1035,Radiology,RUN_TEST,2026-08-03 14:07:39,2026-08-03 14:07:57
EVT-103928,USR-1020,Patient Records,EXPORT_REPORT,2026-06-26 07:46:39,2026-06-26 07:46:54
EVT-103496,USR-1142,HR,VIEW_RECORD,2026-07-07 18:22:39,2026-07-07 18:22:44
EVT-100339,USR-1086,Billing,LOGIN,2026-07-21 02:35:39,2026-07-21 02:35:46
EVT-100911,USR-1020,Pharmacy,EDIT_RECORD,2026-08-31 12:23:39,2026-08-31 12:24:08
EVT-100743,USR-1140,Laboratory,RUN_TEST,2026-08-11 06:16:39,2026-08-11 06:16:43
EVT-102299,USR-1017,Laboratory,RUN_TEST,2026-07-31 20:53:39,2026-08-03 10:34:49
EVT-101193,USR-1065,Laboratory,VIEW_RECORD,2026-06-18 04:38:39,2026-06-18 04:38:52
EVT-102471,USR-1004,Pharmacy,EXPORT_REPORT,2026-08-03 03:48:39,2026-08-03 03:49:00
EVT-104091,USR-1003,Administration,EDIT_RECORD,2026-08-26 19:02:39,2026-08-26 19:02:55
EVT-100908,USR-1048,Pharmacy,EDIT_RECORD,2026-07-03 22:04:39,2026-07-03 22:04:51
EVT-103484,USR-1033,Radiology,DISPENSE_MED,2026-06-30 11:05:39,2026-06-30 11:06:06
EVT-100980,USR-1010,HR,EXPORT_REPORT,2026-07-31 19:11:39,2026-07-31 19:11:53
EVT-102914,USR-1116,Laboratory,RUN_TEST,2026-07-13 22:14:39,2026-07-13 22:15:09
EVT-102536,USR-1118,Pharmacy,LOGIN,2026-06-11 22:26:39,2026-06-11 22:27:08
EVT-103869,USR-1152,Administration,DISPENSE_MED,2026-07-11 00:00:39,2026-07-11 00:01:04
EVT-103065,USR-1060,HR,VIEW_RECORD,2026-06-30 06:11:39,2026-06-30 06:11:41
EVT-101137,USR-1034,Patient Records,VIEW_RECORD,2026-06-20 08:09:39,2026-06-20 08:10:02
EVT-100665,USR-1134,Patient Records,LOGIN,2026-06-09 13:35:39,2026-06-10 22:48:39
EVT-100062,USR-1033,Billing,LOGIN,2026-08-07 12:40:39,2026-08-07 12:40:46
EVT-104507,USR-1014,Pharmacy,RUN_TEST,2026-08-25 03:25:39,2026-08-25 03:25:49
EVT-104794,USR-1057,Billing,LOGIN,2026-08-01 19:44:39,2026-08-01 19:45:04
EVT-102501,USR-1138,Laboratory,VIEW_RECORD,2026-08-17 17:01:39,2026-08-17 17:01:55
EVT-102491,USR-1085,Patient Records,DELETE_LOG,2026-07-28 18:24:39,2026-07-28 18:24:55
EVT-101574,USR-1001,HR,LOGIN,2026-08-24 04:43:39,2026-08-24 04:43:51
EVT-103722,USR-1018,Billing,EDIT_RECORD,2026-07-03 13:47:39,2026-07-03 13:47:59
EVT-102396,USR-1147,Pharmacy,RUN_TEST,2026-06-08 13:11:39,2026-06-08 13:12:04
EVT-101155,USR-1086,Pharmacy,LOGIN,2026-07-05 07:20:39,2026-07-05 07:20:41
EVT-101879,USR-1106,HR,RUN_TEST,2026-06-06 08:49:39,2026-06-06 08:49:55
EVT-101292,USR-1048,Radiology,EXPORT_REPORT,2026-08-23 12:22:39,2026-08-23 12:22:59
EVT-104852,USR-1111,Billing,EXPORT_REPORT,2026-06-27 11:43:39,2026-06-27 11:43:51
EVT-104223,USR-1193,Radiology,VIEW_RECORD,2026-08-21 15:41:39,2026-08-21 15:41:46
EVT-103645,USR-1060,Radiology,VIEW_RECORD,2026-06-24 22:32:39,2026-06-24 22:32:55
EVT-104722,USR-1193,Billing,DELETE_LOG,2026-07-14 14:41:39,2026-07-14 14:41:40
EVT-102969,USR-1183,Pharmacy,DISPENSE_MED,2026-06-27 10:48:39,2026-06-27 10:49:09
EVT-103607,USR-1179,Billing,EXPORT_REPORT,2026-08-15 16:44:39,2026-08-15 16:45:03
EVT-104768,USR-1152,Administration,VIEW_RECORD,2026-08-16 17:23:39,2026-08-16 17:23:55
EVT-101401,USR-1131,Patient Records,EDIT_RECORD,2026-08-04 16:02:39,2026-08-04 16:02:47
EVT-101356,USR-1070,Pharmacy,VIEW_RECORD,2026-08-17 09:58:39,2026-08-17 09:59:02
EVT-100454,USR-1081,Pharmacy,DELETE_LOG,2026-06-22 20:47:39,2026-06-22 20:47:56
EVT-104427,USR-1076,Billing,EXPORT_REPORT,2026-06-12 21:08:39,2026-06-12 21:09:02
EVT-100517,USR-1051,Pharmacy,DISPENSE_MED,2026-07-28 08:45:39,2026-07-28 08:46:09
EVT-101862,USR-1096,Radiology,RUN_TEST,2026-08-31 21:33:39,2026-08-31 21:33:44
EVT-104751,USR-1148,Pharmacy,EDIT_RECORD,2026-06-29 04:34:39,2026-06-29 04:35:07
EVT-103098,USR-1152,Administration,DELETE_LOG,2026-06-25 17:56:39,2026-06-25 17:56:48
EVT-102673,USR-1080,Radiology,VIEW_RECORD,2026-07-12 09:56:39,2026-07-12 09:57:02
EVT-104513,USR-1109,Administration,DISPENSE_MED,2026-08-08 11:31:39,2026-08-08 11:32:08
EVT-103914,USR-1199,Patient Records,RUN_TEST,2026-08-05 09:07:39,2026-08-05 09:07:59
EVT-102503,USR-1015,HR,EXPORT_REPORT,2026-06-12 19:07:39,2026-06-12 19:07:51
EVT-103159,USR-1079,Administration,VIEW_RECORD,2026-06-28 01:33:39,2026-06-28 13:24:39
EVT-103321,USR-1139,Pharmacy,DELETE_LOG,2026-07-28 02:08:39,2026-07-28 02:08:44
EVT-100984,USR-1008,Administration,EDIT_RECORD,2026-06-16 09:59:39,2026-06-16 10:00:06
EVT-102707,USR-1167,HR,DELETE_LOG,2026-08-29 11:49:39,2026-08-29 11:49:47
EVT-103596,USR-1086,Billing,LOGIN,2026-08-20 02:40:39,2026-08-20 02:40:47
EVT-104285,USR-1153,Patient Records,EDIT_RECORD,2026-08-22 08:42:39,2026-08-22 08:42:52
EVT-101156,USR-1142,Billing,VIEW_RECORD,2026-07-18 07:42:39,2026-07-18 07:42:52
EVT-102178,USR-1130,Billing,VIEW_RECORD,2026-06-11 18:27:39,2026-06-11 18:27:52
EVT-100038,USR-1143,Billing,LOGIN,2026-08-31 23:15:39,2026-08-31 23:16:06
EVT-100728,USR-1134,Patient Records,EXPORT_REPORT,2026-07-03 09:39:39,2026-07-03 09:40:19
EVT-104728,USR-1165,Administration,LOGIN,2026-09-01 14:15:39,2026-09-01 14:15:48
EVT-102044,USR-1052,Billing,DISPENSE_MED,2026-07-07 20:10:39,2026-07-07 20:10:50
EVT-101884,USR-1096,Patient Records,EXPORT_REPORT,2026-08-19 16:05:39,2026-08-19 16:05:44
EVT-104697,USR-1023,HR,VIEW_RECORD,2026-06-14 10:50:39,2026-06-14 10:50:41
EVT-101104,USR-1199,Administration,LOGIN,2026-08-28 23:36:39,2026-08-28 23:36:42
EVT-101212,USR-1179,Billing,DELETE_LOG,2026-07-30 05:49:39,2026-07-30 05:49:56
EVT-101630,USR-1178,Patient Records,LOGIN,2026-08-10 20:27:39,2026-08-10 20:28:02
EVT-100659,USR-1096,Radiology,EXPORT_REPORT,2026-06-26 09:36:39,2026-06-26 09:36:59
EVT-101633,USR-1199,Billing,LOGIN,2026-06-07 09:54:39,2026-06-07 09:54:46
EVT-101962,USR-1193,Pharmacy,EDIT_RECORD,2026-06-17 09:44:39,2026-06-17 09:44:42
EVT-100797,USR-1072,Patient Records,DELETE_LOG,2026-07-28 02:09:39,2026-07-28 02:10:01
EVT-101149,USR-1003,Administration,EXPORT_REPORT,2026-08-18 05:35:39,2026-08-18 05:35:46
EVT-103285,USR-1016,Radiology,DISPENSE_MED,2026-07-09 12:22:39,2026-07-09 12:23:03
EVT-100084,USR-1158,Administration,EXPORT_REPORT,2026-08-22 23:57:39,2026-08-22 23:57:55
EVT-100901,USR-1150,Radiology,DELETE_LOG,2026-07-30 02:42:39,2026-07-30 02:43:05
EVT-101466,USR-1044,Billing,VIEW_RECORD,2026-07-01 21:47:39,2026-07-01 21:47:50
EVT-104017,USR-1045,HR,DISPENSE_MED,2026-08-09 03:35:39,2026-08-12 00:48:39
EVT-102776,USR-1083,HR,RUN_TEST,2026-08-10 00:05:39,2026-08-10 00:06:02
EVT-103965,USR-1091,Pharmacy,LOGIN,2026-06-27 19:45:39,2026-06-27 19:46:03
EVT-105101,USR-1118,Billing,EXPORT_REPORT,2026-08-31 06:49:39,2026-09-01 16:26:39
EVT-101225,USR-1154,Radiology,VIEW_RECORD,2026-07-08 19:07:39,2026-07-08 19:07:47
EVT-104540,USR-1051,Administration,LOGIN,2026-08-05 09:50:39,2026-08-05 09:50:59
EVT-102295,USR-1193,Billing,VIEW_RECORD,2026-07-04 04:22:39,2026-07-04 04:22:48
EVT-103167,USR-1025,Billing,VIEW_RECORD,2026-07-30 10:31:39,2026-07-30 10:32:07
EVT-104927,USR-1159,Administration,RUN_TEST,2026-06-17 08:36:39,2026-06-17 08:36:49
EVT-100382,USR-1182,Laboratory,DISPENSE_MED,2026-08-27 12:25:39,2026-08-28 14:54:39
EVT-101698,USR-1045,HR,DISPENSE_MED,2026-06-10 22:44:39,2026-06-10 22:45:05
EVT-101820,USR-1003,Administration,EDIT_RECORD,2026-06-18 01:55:39,2026-06-18 01:55:55
EVT-104073,USR-1200,Pharmacy,LOGIN,2026-07-18 07:53:39,2026-07-18 07:53:55
EVT-104004,USR-1196,Radiology,DELETE_LOG,2026-08-08 00:28:39,2026-08-08 00:28:54
EVT-101635,USR-1082,Administration,DISPENSE_MED,2026-08-25 08:24:39,2026-08-25 08:25:06
EVT-102737,USR-1018,Patient Records,LOGIN,2026-08-30 02:06:39,2026-08-30 02:07:02
EVT-104611,USR-1171,HR,VIEW_RECORD,2026-08-07 15:04:39,2026-08-07 15:04:46
EVT-105140,USR-1075,Billing,EXPORT_REPORT,2026-08-10 15:11:39,2026-08-10 15:11:40
EVT-104654,USR-1056,Pharmacy,EXPORT_REPORT,2026-07-10 00:40:39,2026-07-10 20:57:39
EVT-104614,USR-1022,Patient Records,RUN_TEST,2026-08-07 15:02:39,2026-08-07 15:02:48
EVT-102666,USR-1029,Radiology,DELETE_LOG,2026-06-21 10:27:39,2026-06-21 10:28:01
EVT-103536,USR-1090,Laboratory,DISPENSE_MED,2026-08-09 10:06:39,2026-08-09 10:06:45
EVT-104378,USR-1143,Laboratory,VIEW_RECORD,2026-07-08 18:37:39,2026-07-08 18:37:58
EVT-INV-34,USR-INVALID-9999,UnknownApp,INVALID_ACTION,2026-09-03 20:45:39,2026-09-03 20:45:39
EVT-104968,USR-1183,Laboratory,DELETE_LOG,2026-07-10 21:20:39,2026-07-10 21:20:55
EVT-101405,USR-1129,Patient Records,VIEW_RECORD,2026-09-01 16:20:39,2026-09-01 16:21:02
EVT-102814,USR-1037,Laboratory,LOGIN,2026-06-09 06:04:39,2026-06-09 06:04:40
EVT-100199,USR-1064,Pharmacy,EXPORT_REPORT,2026-07-14 01:56:39,2026-07-14 01:56:40
EVT-100274,USR-1082,Pharmacy,EXPORT_REPORT,2026-08-19 01:56:39,2026-08-19 01:56:46
EVT-101546,USR-1123,Patient Records,DISPENSE_MED,2026-08-31 21:23:39,2026-09-01 20:19:39
EVT-103453,USR-1058,Billing,DISPENSE_MED,2026-07-02 03:20:39,2026-07-02 03:21:07
EVT-103151,USR-1085,Patient Records,VIEW_RECORD,2026-06-20 18:28:39,2026-06-20 18:28:51
EVT-102226,USR-1184,Billing,VIEW_RECORD,2026-07-21 19:27:39,2026-07-21 19:27:40
EVT-104475,USR-1179,Billing,VIEW_RECORD,2026-07-23 21:30:39,2026-07-23 21:31:03
EVT-102130,USR-1086,Patient Records,EXPORT_REPORT,2026-08-07 21:49:39,2026-08-07 21:49:40
EVT-100628,USR-1053,Radiology,DELETE_LOG,2026-06-11 01:45:39,2026-06-11 01:45:55
EVT-101472,USR-1123,HR,DELETE_LOG,2026-07-03 20:05:39,2026-07-03 20:06:04
EVT-103482,USR-1044,Pharmacy,RUN_TEST,2026-07-17 10:09:39,2026-07-17 10:09:57
EVT-104407,USR-1019,Pharmacy,DISPENSE_MED,2026-08-13 15:23:39,2026-08-13 15:23:54
EVT-102321,USR-1091,Administration,VIEW_RECORD,2026-06-25 13:33:39,2026-06-25 13:33:44
EVT-INV-50,USR-INVALID-9999,Patient Records,INVALID_ACTION,2026-09-03 20:45:39,2026-09-03 20:45:39
EVT-102469,USR-1003,Radiology,DELETE_LOG,2026-06-06 03:53:39,2026-06-06 03:53:55
EVT-101717,USR-1117,Pharmacy,RUN_TEST,2026-07-22 00:59:39,2026-07-22 01:00:07
EVT-100003,USR-1093,Pharmacy,VIEW_RECORD,2026-06-14 08:04:39,2026-06-14 08:05:06
EVT-102607,USR-1136,Billing,EDIT_RECORD,2026-08-16 09:17:39,2026-08-16 09:17:46
EVT-100765,USR-1185,HR,EDIT_RECORD,2026-07-15 12:09:39,2026-07-15 12:10:08
EVT-101140,USR-1193,Pharmacy,EXPORT_REPORT,2026-06-16 17:29:39,2026-06-16 17:30:00
EVT-103795,USR-1165,Billing,VIEW_RECORD,2026-07-02 10:10:39,2026-07-02 10:11:08
EVT-104750,USR-1023,Billing,DISPENSE_MED,2026-07-16 16:02:39,2026-07-16 16:03:04
EVT-101254,USR-1075,Administration,VIEW_RECORD,2026-08-21 23:17:39,2026-08-21 23:18:06
EVT-102344,USR-1093,Pharmacy,EDIT_RECORD,2026-06-15 20:23:39,2026-06-15 20:24:05
EVT-103179,USR-1143,Laboratory,DISPENSE_MED,2026-08-14 22:37:39,2026-08-14 22:37:57
EVT-104476,USR-1162,Radiology,LOGIN,2026-07-17 18:33:39,2026-07-17 18:34:02
EVT-102020,USR-1062,Billing,EXPORT_REPORT,2026-07-22 22:20:39,2026-07-22 22:20:56
EVT-102594,USR-1037,Pharmacy,DELETE_LOG,2026-06-08 20:56:39,2026-06-08 20:56:59
EVT-102806,USR-1061,Billing,DELETE_LOG,2026-07-31 21:13:39,2026-07-31 21:13:52
EVT-102225,USR-1106,Pharmacy,DISPENSE_MED,2026-07-06 20:21:39,2026-07-06 20:22:06
EVT-101360,USR-1003,Billing,RUN_TEST,2026-06-11 02:14:39,2026-06-11 02:15:05
EVT-104620,USR-1167,HR,RUN_TEST,2026-08-24 11:33:39,2026-08-24 11:33:58
EVT-104358,USR-1112,Patient Records,DELETE_LOG,2026-08-11 08:28:39,2026-08-11 08:28:45
EVT-103926,USR-1079,Billing,DISPENSE_MED,2026-09-01 17:42:39,2026-09-01 17:42:47
EVT-102443,USR-1020,HR,EXPORT_REPORT,2026-07-28 21:42:39,2026-07-28 21:42:55
EVT-101649,USR-1153,Patient Records,DISPENSE_MED,2026-06-29 05:41:39,2026-06-29 05:41:46
EVT-100982,USR-1198,Pharmacy,RUN_TEST,2026-08-17 15:40:39,2026-08-17 15:40:49
EVT-101027,USR-1141,Radiology,LOGIN,2026-08-04 22:24:39,2026-08-04 22:24:54
EVT-104949,USR-1037,HR,VIEW_RECORD,2026-07-17 14:47:39,2026-07-18 18:08:39
EVT-103029,USR-1008,Administration,EXPORT_REPORT,2026-09-03 02:13:39,2026-09-03 02:13:53
EVT-100909,USR-1143,Billing,LOGIN,2026-06-21 13:34:39,2026-06-21 13:34:49
EVT-103446,USR-1072,Pharmacy,DISPENSE_MED,2026-08-13 13:52:39,2026-08-13 13:53:07
EVT-100598,USR-1024,HR,EDIT_RECORD,2026-08-10 17:31:39,2026-08-13 02:24:39
EVT-102660,USR-1004,Pharmacy,VIEW_RECORD,2026-07-29 22:36:39,2026-07-29 22:36:58
EVT-104739,USR-1182,Laboratory,RUN_TEST,2026-08-10 03:27:39,2026-08-10 03:28:06
EVT-102287,USR-1026,Administration,VIEW_RECORD,2026-06-16 07:35:39,2026-06-16 07:35:49
EVT-101904,USR-1038,HR,EDIT_RECORD,2026-07-21 13:41:39,2026-07-21 13:42:08
EVT-104228,USR-1110,HR,EXPORT_REPORT,2026-06-21 14:52:39,2026-06-21 14:53:01
EVT-102951,USR-1190,Radiology,EXPORT_REPORT,2026-08-18 20:24:39,2026-08-18 20:24:55
EVT-103846,USR-1092,Billing,VIEW_RECORD,2026-06-16 16:30:39,2026-06-16 16:31:08
EVT-105040,USR-1190,Administration,DELETE_LOG,2026-08-10 06:27:39,2026-08-10 06:28:08
EVT-INV-41,,Patient Records,INVALID_ACTION,INVALID_DATE,2026-09-03 20:45:39
EVT-100910,USR-1014,Pharmacy,EXPORT_REPORT,2026-08-14 17:39:39,2026-08-14 17:39:55
EVT-104400,USR-1002,Laboratory,LOGIN,2026-08-10 04:50:39,2026-08-10 04:51:05
EVT-104876,USR-1168,Patient Records,EDIT_RECORD,2026-06-12 05:12:39,2026-06-12 05:13:06
EVT-100915,USR-1121,Pharmacy,EXPORT_REPORT,2026-06-28 14:48:39,2026-06-28 14:49:01
EVT-102500,USR-1027,Patient Records,RUN_TEST,2026-07-14 14:04:39,2026-07-14 14:04:42
EVT-103036,USR-1124,Pharmacy,LOGIN,2026-07-09 22:40:39,2026-07-11 02:54:39
EVT-102089,USR-1132,Radiology,VIEW_RECORD,2026-06-11 21:51:39,2026-06-11 21:51:59
EVT-104961,USR-1079,HR,RUN_TEST,2026-08-23 10:52:39,2026-08-23 10:52:56
EVT-105070,USR-1187,Radiology,LOGIN,2026-07-12 02:21:39,2026-07-12 02:22:09
EVT-100150,USR-1158,Administration,DELETE_LOG,2026-08-08 20:10:39,2026-08-08 20:10:53
EVT-103022,USR-1148,Radiology,DELETE_LOG,2026-07-26 12:40:39,2026-07-26 12:40:55
EVT-103360,USR-1083,HR,LOGIN,2026-07-10 17:38:39,2026-07-10 17:38:56
EVT-104617,USR-1184,Pharmacy,RUN_TEST,2026-07-30 06:08:39,2026-07-30 06:08:43
EVT-102624,USR-1008,Radiology,EXPORT_REPORT,2026-08-16 22:07:39,2026-08-16 22:07:50
EVT-105123,USR-1073,HR,DISPENSE_MED,2026-06-14 11:08:39,2026-06-14 11:08:41
EVT-103339,USR-1187,Radiology,EDIT_RECORD,2026-08-13 05:36:39,2026-08-13 05:36:52
EVT-102277,USR-1018,Patient Records,RUN_TEST,2026-06-28 14:21:39,2026-06-28 14:21:46
EVT-101924,USR-1190,Radiology,VIEW_RECORD,2026-07-04 13:48:39,2026-07-04 13:48:55
EVT-101180,USR-1132,HR,DELETE_LOG,2026-06-09 22:06:39,2026-06-09 22:06:42
EVT-101076,USR-1083,Patient Records,LOGIN,2026-07-28 00:41:39,2026-07-28 00:42:06
EVT-101595,USR-1192,Billing,DISPENSE_MED,2026-06-23 21:01:39,2026-06-23 21:01:57
EVT-104341,USR-1156,Patient Records,DELETE_LOG,2026-08-05 20:54:39,2026-08-05 20:54:47
EVT-103303,USR-1096,Radiology,EXPORT_REPORT,2026-08-29 06:21:39,2026-08-29 06:21:50
EVT-105068,USR-1028,HR,VIEW_RECORD,2026-07-01 09:41:39,2026-07-01 09:42:00
EVT-103888,USR-1168,Patient Records,VIEW_RECORD,2026-07-18 19:11:39,2026-07-18 19:12:09
EVT-103128,USR-1079,Laboratory,VIEW_RECORD,2026-07-01 01:48:39,2026-07-01 01:48:44
EVT-101235,USR-1093,Pharmacy,DISPENSE_MED,2026-07-21 19:02:39,2026-07-21 19:03:02
EVT-104113,USR-1188,Patient Records,DELETE_LOG,2026-06-07 23:54:39,2026-06-07 23:55:06
EVT-101350,USR-1120,Billing,VIEW_RECORD,2026-07-06 16:16:39,2026-07-06 16:16:58
EVT-103739,USR-1187,Radiology,VIEW_RECORD,2026-07-11 06:15:39,2026-07-11 06:15:57
EVT-103257,USR-1188,HR,EXPORT_REPORT,2026-08-21 05:34:39,2026-08-21 05:34:50
EVT-103963,USR-1162,Administration,DELETE_LOG,2026-07-23 15:31:39,2026-07-23 15:31:43
EVT-103760,USR-1044,HR,RUN_TEST,2026-07-29 10:40:39,2026-07-29 10:40:56
EVT-100098,USR-1058,HR,LOGIN,2026-08-04 15:46:39,2026-08-04 15:46:57
EVT-100299,USR-1186,Billing,RUN_TEST,2026-08-30 04:00:39,2026-08-30 04:00:49
EVT-100071,USR-1185,HR,DELETE_LOG,2026-06-13 05:57:39,2026-06-13 05:58:00
EVT-104525,USR-1074,Pharmacy,LOGIN,2026-07-11 23:08:39,2026-07-11 23:09:04
EVT-100523,USR-1130,Radiology,LOGIN,2026-07-22 05:14:39,2026-07-22 05:15:02
EVT-103112,USR-1039,Laboratory,EXPORT_REPORT,2026-06-10 20:51:39,2026-06-10 20:51:55
EVT-100985,USR-1020,Pharmacy,RUN_TEST,2026-06-15 05:37:39,2026-06-15 05:38:03
EVT-102148,USR-1123,HR,DELETE_LOG,2026-06-10 17:10:39,2026-06-10 17:11:03
EVT-101903,USR-1027,Billing,LOGIN,2026-08-03 05:58:39,2026-08-03 05:58:43
EVT-102453,USR-1076,Patient Records,DISPENSE_MED,2026-08-25 10:23:39,2026-08-25 10:24:03
EVT-100168,USR-1112,HR,EDIT_RECORD,2026-09-02 18:05:39,2026-09-02 18:06:07
EVT-102280,USR-1190,Radiology,EXPORT_REPORT,2026-07-11 21:28:39,2026-07-11 21:28:41
EVT-104790,USR-1057,Administration,EXPORT_REPORT,2026-07-10 21:01:39,2026-07-10 21:01:51
EVT-104886,USR-1066,Laboratory,LOGIN,2026-08-27 20:28:39,2026-08-27 20:28:54
EVT-103233,USR-1075,Billing,DELETE_LOG,2026-06-25 14:43:39,2026-06-25 14:43:46
EVT-INV-32,USR-INVALID-9999,Patient Records,INVALID_ACTION,2026-09-03 20:45:39,2026-09-03 20:45:39
EVT-103386,USR-1088,HR,LOGIN,2026-06-14 04:41:39,2026-06-14 04:41:53
EVT-101357,USR-1030,Radiology,DELETE_LOG,2026-06-18 04:24:39,2026-06-18 04:25:07
EVT-102706,USR-1187,Radiology,DELETE_LOG,2026-08-09 17:22:39,2026-08-09 17:22:51
EVT-100538,USR-1070,HR,DELETE_LOG,2026-06-29 13:12:39,2026-06-29 13:12:56
EVT-103077,USR-1068,Radiology,RUN_TEST,2026-07-13 19:26:39,2026-07-13 19:26:50
EVT-104659,USR-1024,Pharmacy,LOGIN,2026-07-31 11:38:39,2026-07-31 11:38:48
EVT-102635,USR-1085,Patient Records,LOGIN,2026-07-02 13:53:39,2026-07-02 13:54:02
EVT-100675,USR-1003,Billing,VIEW_RECORD,2026-07-28 16:19:39,2026-07-28 16:19:40
EVT-104260,USR-1024,Laboratory,VIEW_RECORD,2026-08-27 14:12:39,2026-08-27 14:13:04
EVT-101815,USR-1040,HR,EXPORT_REPORT,2026-07-15 12:47:39,2026-07-15 12:47:51
EVT-101306,USR-1200,Patient Records,RUN_TEST,2026-06-18 15:30:39,2026-06-18 15:30:51
EVT-103955,USR-1126,Patient Records,LOGIN,2026-07-21 16:13:39,2026-07-21 16:14:09
EVT-101288,USR-1002,HR,RUN_TEST,2026-08-29 15:20:39,2026-08-29 15:20:49
EVT-103714,USR-1199,Patient Records,DELETE_LOG,2026-09-02 12:44:39,2026-09-02 12:45:06
EVT-103826,USR-1105,Patient Records,EDIT_RECORD,2026-07-17 07:31:39,2026-07-17 07:32:00
EVT-103234,USR-1148,Radiology,EDIT_RECORD,2026-07-31 16:25:39,2026-07-31 16:25:54
EVT-100473,USR-1154,Radiology,DELETE_LOG,2026-06-06 14:25:39,2026-06-06 14:26:01
EVT-100417,USR-1015,HR,VIEW_RECORD,2026-08-12 07:22:39,2026-08-12 07:22:58
EVT-103829,USR-1184,Billing,EXPORT_REPORT,2026-07-20 20:26:39,2026-07-20 20:26:44
EVT-100935,USR-1085,Pharmacy,RUN_TEST,2026-07-09 11:18:39,2026-07-09 11:18:43
EVT-100475,USR-1042,Billing,EDIT_RECORD,2026-07-03 03:18:39,2026-07-03 03:18:55
EVT-102480,USR-1112,HR,VIEW_RECORD,2026-06-06 02:21:39,2026-06-06 02:22:01
EVT-103648,USR-1079,HR,RUN_TEST,2026-08-05 03:12:39,2026-08-05 03:12:52
EVT-101098,USR-1200,Pharmacy,DELETE_LOG,2026-08-31 06:14:39,2026-08-31 06:14:53
EVT-102271,USR-1062,Billing,RUN_TEST,2026-07-30 01:03:39,2026-07-30 01:03:40
EVT-100160,USR-1192,Laboratory,RUN_TEST,2026-07-01 11:41:39,2026-07-01 11:42:05
EVT-103251,USR-1188,HR,DELETE_LOG,2026-07-05 08:18:39,2026-07-05 08:19:07
EVT-101118,USR-1035,Billing,EDIT_RECORD,2026-07-31 05:39:39,2026-07-31 05:39:54
EVT-100006,USR-1188,Patient Records,EXPORT_REPORT,2026-08-31 19:33:39,2026-08-31 19:34:03
EVT-100131,USR-1093,Radiology,RUN_TEST,2026-07-09 17:01:39,2026-07-09 17:01:58
EVT-101218,USR-1024,Laboratory,EDIT_RECORD,2026-06-14 04:45:39,2026-06-14 04:45:46
EVT-102440,USR-1087,Radiology,DELETE_LOG,2026-08-26 18:37:39,2026-08-26 18:37:59
EVT-102772,USR-1034,Laboratory,DELETE_LOG,2026-06-12 14:51:39,2026-06-12 14:52:09
EVT-102483,USR-1009,Radiology,DISPENSE_MED,2026-08-21 17:41:39,2026-08-21 17:42:01
EVT-103655,USR-1160,Laboratory,EXPORT_REPORT,2026-06-08 02:53:39,2026-06-08 02:53:53
EVT-103681,USR-1036,Pharmacy,EDIT_RECORD,2026-07-21 01:54:39,2026-07-21 01:55:05
EVT-104155,USR-1053,Administration,VIEW_RECORD,2026-06-13 09:42:39,2026-06-13 09:42:42
EVT-100638,USR-1078,Billing,EDIT_RECORD,2026-09-01 22:43:39,2026-09-01 22:44:08
EVT-104449,USR-1172,HR,RUN_TEST,2026-07-03 00:00:39,2026-07-03 00:01:00
EVT-104171,USR-1154,Laboratory,VIEW_RECORD,2026-08-25 09:01:39,2026-08-25 09:02:01
EVT-101138,USR-1033,Billing,RUN_TEST,2026-06-07 18:49:39,2026-06-07 18:50:08
EVT-103474,USR-1152,Administration,EXPORT_REPORT,2026-08-27 05:14:39,2026-08-27 05:14:54
EVT-104489,USR-1016,Radiology,DELETE_LOG,2026-07-29 12:35:39,2026-07-29 12:36:04
EVT-101163,USR-1023,HR,EXPORT_REPORT,2026-07-29 07:00:39,2026-07-29 07:01:08
EVT-104138,USR-1087,Billing,EXPORT_REPORT,2026-07-31 06:03:39,2026-07-31 06:03:46
EVT-103090,USR-1107,Patient Records,LOGIN,2026-07-03 12:10:39,2026-07-03 12:10:50
EVT-100717,USR-1126,Pharmacy,EDIT_RECORD,2026-08-18 15:53:39,2026-08-18 15:54:04
EVT-104789,USR-1124,Pharmacy,LOGIN,2026-07-18 05:24:39,2026-07-18 05:24:50
EVT-100607,USR-1185,HR,DISPENSE_MED,2026-08-15 11:33:39,2026-08-15 11:34:06
EVT-102262,USR-1166,Radiology,DISPENSE_MED,2026-08-25 11:56:39,2026-08-25 11:57:09
EVT-100586,USR-1170,Radiology,EDIT_RECORD,2026-08-29 17:27:39,2026-08-29 17:27:47
EVT-100940,USR-1058,Radiology,LOGIN,2026-08-25 14:19:39,2026-08-25 14:19:57
EVT-104629,USR-1091,Laboratory,LOGIN,2026-07-08 16:52:39,2026-07-08 16:53:00
EVT-100661,USR-1073,HR,DELETE_LOG,2026-06-28 22:45:39,2026-06-28 22:45:45
EVT-101439,USR-1083,Pharmacy,DISPENSE_MED,2026-06-19 15:21:39,2026-06-19 15:21:45
EVT-100499,USR-1193,Radiology,EDIT_RECORD,2026-06-08 20:17:39,2026-06-08 20:18:00
EVT-105117,USR-1075,Radiology,LOGIN,2026-07-07 08:17:39,2026-07-07 08:17:59
EVT-102055,USR-1057,HR,EDIT_RECORD,2026-07-14 20:12:39,2026-07-14 20:12:50
EVT-100788,USR-1116,HR,DELETE_LOG,2026-06-17 17:35:39,2026-06-17 17:36:06
EVT-100691,USR-1015,HR,DELETE_LOG,2026-08-09 06:54:39,2026-08-09 06:55:09
EVT-104557,USR-1073,Radiology,DISPENSE_MED,2026-06-25 13:25:39,2026-06-25 13:26:00
EVT-103810,USR-1017,Patient Records,DISPENSE_MED,2026-08-03 22:12:39,2026-08-03 22:12:40
EVT-100032,USR-1106,Laboratory,EDIT_RECORD,2026-06-30 05:42:39,2026-06-30 05:42:57
EVT-103361,USR-1065,Laboratory,RUN_TEST,2026-07-12 23:53:39,2026-07-12 23:54:05
EVT-103097,USR-1199,Radiology,LOGIN,2026-06-18 05:17:39,2026-06-18 05:17:47
EVT-103359,USR-1019,HR,LOGIN,2026-07-05 03:37:39,2026-07-05 03:38:02
EVT-103452,USR-1126,Laboratory,DISPENSE_MED,2026-07-29 04:52:39,2026-07-29 04:52:43
EVT-104013,USR-1107,Pharmacy,LOGIN,2026-08-05 18:47:39,2026-08-05 18:47:46
EVT-104737,USR-1024,HR,RUN_TEST,2026-08-10 07:12:39,2026-08-10 07:12:44
EVT-103104,USR-1161,Laboratory,EDIT_RECORD,2026-06-29 20:17:39,2026-06-30 10:04:39
EVT-102456,USR-1011,Patient Records,VIEW_RECORD,2026-07-05 02:32:39,2026-07-05 02:32:40
EVT-102218,USR-1083,HR,VIEW_RECORD,2026-08-21 12:40:39,2026-08-21 12:41:07
EVT-101676,USR-1158,Pharmacy,LOGIN,2026-08-21 09:40:39,2026-08-21 09:41:07
EVT-103024,USR-1136,Patient Records,VIEW_RECORD,2026-07-21 13:56:39,2026-07-21 13:56:55
EVT-102756,USR-1024,HR,RUN_TEST,2026-06-21 10:07:39,2026-06-21 10:07:54
EVT-100015,USR-1154,Radiology,LOGIN,2026-07-12 23:23:39,2026-07-12 23:23:55
EVT-100022,USR-1032,Billing,EXPORT_REPORT,2026-08-17 07:13:39,2026-08-19 12:47:39
EVT-100421,USR-1166,Radiology,DISPENSE_MED,2026-07-22 05:47:39,2026-07-22 05:48:02
EVT-101824,USR-1093,Radiology,EDIT_RECORD,2026-06-10 13:22:39,2026-06-12 13:16:39
EVT-102097,USR-1055,HR,VIEW_RECORD,2026-07-03 12:59:39,2026-07-03 13:00:04
EVT-100166,USR-1144,HR,DISPENSE_MED,2026-08-08 13:54:39,2026-08-08 13:54:43
EVT-103515,USR-1024,Laboratory,VIEW_RECORD,2026-08-30 14:20:39,2026-08-30 14:21:06
EVT-105196,USR-1167,Administration,EXPORT_REPORT,2026-06-25 16:18:39,2026-06-25 16:18:50
EVT-104354,USR-1073,HR,RUN_TEST,2026-07-10 08:17:39,2026-07-10 08:18:06
EVT-102656,USR-1042,Billing,VIEW_RECORD,2026-07-19 15:55:39,2026-07-20 17:55:39
EVT-103859,USR-1100,Patient Records,EXPORT_REPORT,2026-08-17 04:10:39,2026-08-18 13:30:39
EVT-104361,USR-1154,Laboratory,LOGIN,2026-06-09 17:00:39,2026-06-09 17:00:58
EVT-103289,USR-1029,HR,EXPORT_REPORT,2026-06-18 22:44:39,2026-06-18 22:44:46
EVT-103988,USR-1142,Administration,DISPENSE_MED,2026-07-25 02:31:39,2026-07-25 02:31:57
EVT-102841,USR-1085,Pharmacy,EXPORT_REPORT,2026-06-22 10:16:39,2026-06-22 10:16:45
EVT-101125,USR-1083,Billing,LOGIN,2026-06-11 23:29:39,2026-06-11 23:30:09
EVT-102679,USR-1098,Pharmacy,VIEW_RECORD,2026-07-29 12:13:39,2026-07-29 12:13:53
EVT-101205,USR-1044,Pharmacy,EDIT_RECORD,2026-07-01 18:32:39,2026-07-01 18:32:41
EVT-100340,USR-1116,HR,DISPENSE_MED,2026-08-18 14:57:39,2026-08-18 14:57:43
EVT-100176,USR-1076,Patient Records,LOGIN,2026-08-30 09:39:39,2026-08-30 09:39:45
EVT-103394,USR-1027,Radiology,DISPENSE_MED,2026-08-25 22:07:39,2026-08-25 22:08:01
EVT-105030,USR-1072,Administration,LOGIN,2026-08-24 12:46:39,2026-08-24 12:47:03
EVT-103168,USR-1004,Administration,DELETE_LOG,2026-06-09 16:31:39,2026-06-09 16:31:55
EVT-100033,USR-1171,HR,DISPENSE_MED,2026-08-17 13:59:39,2026-08-17 13:59:55
EVT-101568,USR-1199,Billing,DISPENSE_MED,2026-06-18 23:39:39,2026-06-18 23:40:06
EVT-101061,USR-1133,Administration,EXPORT_REPORT,2026-06-09 09:25:39,2026-06-09 09:25:55
EVT-100107,USR-1198,Billing,VIEW_RECORD,2026-06-06 16:22:39,2026-06-06 16:23:02
EVT-101504,USR-1146,Patient Records,DELETE_LOG,2026-07-26 17:10:39,2026-07-26 17:10:46
EVT-103814,USR-1093,Administration,EDIT_RECORD,2026-08-11 08:57:39,2026-08-11 08:58:08
EVT-101482,USR-1186,Billing,EDIT_RECORD,2026-08-20 04:01:39,2026-08-20 04:01:58
EVT-104884,USR-1118,Billing,DELETE_LOG,2026-06-06 19:53:39,2026-06-06 19:54:06
EVT-100546,USR-1048,Administration,EDIT_RECORD,2026-08-23 14:43:39,2026-08-23 14:43:56
EVT-102939,USR-1062,Billing,LOGIN,2026-07-26 01:20:39,2026-07-26 01:20:47
EVT-101597,USR-1073,Administration,EDIT_RECORD,2026-08-23 17:35:39,2026-08-23 21:04:39
EVT-100640,USR-1053,Laboratory,LOGIN,2026-07-02 23:56:39,2026-07-02 23:57:01
EVT-101867,USR-1072,Pharmacy,DISPENSE_MED,2026-07-05 20:43:39,2026-07-05 20:43:54
EVT-102896,USR-1013,HR,EXPORT_REPORT,2026-06-30 01:54:39,2026-06-30 01:55:00
EVT-INV-46,USR-INVALID-9999,UnknownApp,INVALID_ACTION,2026-09-03 20:45:39,2026-09-03 20:45:39
EVT-101837,USR-1045,Administration,RUN_TEST,2026-09-02 17:48:39,2026-09-02 17:48:58
EVT-103350,USR-1041,Radiology,RUN_TEST,2026-08-24 23:08:39,2026-08-24 23:09:07
EVT-100597,USR-1072,Administration,DELETE_LOG,2026-08-28 00:13:39,2026-08-28 00:13:57
EVT-101214,USR-1177,HR,DELETE_LOG,2026-07-15 23:37:39,2026-07-15 23:37:44
EVT-102068,USR-1045,Administration,EXPORT_REPORT,2026-07-18 06:09:39,2026-07-18 06:10:00
EVT-101492,USR-1137,Pharmacy,VIEW_RECORD,2026-07-02 04:08:39,2026-07-02 04:08:40
EVT-101498,USR-1008,Radiology,DISPENSE_MED,2026-06-25 22:34:39,2026-06-25 22:34:52
EVT-103108,USR-1187,Radiology,DELETE_LOG,2026-07-26 12:10:39,2026-07-26 12:10:56
EVT-101647,USR-1111,Administration,DISPENSE_MED,2026-07-20 03:42:39,2026-07-20 03:42:50
EVT-102818,USR-1074,Pharmacy,LOGIN,2026-07-02 08:21:39,2026-07-02 08:21:50
EVT-103716,USR-1138,Laboratory,EXPORT_REPORT,2026-08-22 03:52:39,2026-08-24 21:39:39
EVT-103529,USR-1111,Billing,EXPORT_REPORT,2026-06-19 20:52:39,2026-06-19 20:52:55
EVT-103819,USR-1094,Radiology,EXPORT_REPORT,2026-07-27 03:15:39,2026-07-27 03:15:45
EVT-101396,USR-1070,Pharmacy,VIEW_RECORD,2026-08-12 06:15:39,2026-08-12 06:15:48
EVT-102576,USR-1141,Radiology,RUN_TEST,2026-07-07 04:12:39,2026-07-07 04:13:01
EVT-102421,USR-1044,HR,LOGIN,2026-06-24 18:49:39,2026-06-24 18:49:55
EVT-100435,USR-1009,Radiology,EXPORT_REPORT,2026-08-01 17:37:39,2026-08-01 17:37:43
EVT-101513,USR-1041,Radiology,EDIT_RECORD,2026-06-12 19:09:39,2026-06-12 19:09:52
EVT-100126,USR-1013,HR,VIEW_RECORD,2026-08-05 22:57:39,2026-08-05 22:57:44
EVT-104094,USR-1106,HR,EDIT_RECORD,2026-07-13 07:41:39,2026-07-13 07:41:46
EVT-104520,USR-1176,Pharmacy,EDIT_RECORD,2026-06-20 00:09:39,2026-06-20 00:09:43
EVT-104332,USR-1033,Billing,VIEW_RECORD,2026-07-05 11:47:39,2026-07-05 11:48:08
EVT-105031,USR-1178,Patient Records,EDIT_RECORD,2026-08-09 01:03:39,2026-08-09 01:04:02
EVT-102076,USR-1098,Pharmacy,VIEW_RECORD,2026-07-22 14:39:39,2026-07-22 14:39:58
EVT-101157,USR-1186,Patient Records,RUN_TEST,2026-06-06 00:51:39,2026-06-06 00:51:48
EVT-102477,USR-1047,Billing,EXPORT_REPORT,2026-08-02 14:32:39,2026-08-02 14:33:03
EVT-101600,USR-1186,Patient Records,VIEW_RECORD,2026-07-17 20:56:39,2026-07-17 20:56:57
EVT-101745,USR-1007,Pharmacy,DISPENSE_MED,2026-06-30 18:25:39,2026-06-30 18:25:44
EVT-101471,USR-1140,Pharmacy,LOGIN,2026-06-09 03:18:39,2026-06-09 03:19:08
EVT-102154,USR-1142,Billing,VIEW_RECORD,2026-08-14 09:37:39,2026-08-16 07:56:39
EVT-102133,USR-1046,Billing,LOGIN,2026-08-02 08:21:39,2026-08-02 08:21:57
EVT-104040,USR-1093,Billing,VIEW_RECORD,2026-07-05 14:08:39,2026-07-05 14:09:07
EVT-103096,USR-1011,Patient Records,EXPORT_REPORT,2026-08-28 14:55:39,2026-08-28 14:55:44
EVT-102447,USR-1192,Billing,LOGIN,2026-08-24 17:14:39,2026-08-24 17:14:49
EVT-102224,USR-1070,HR,EDIT_RECORD,2026-07-18 05:31:39,2026-07-18 05:32:07
EVT-102392,USR-1042,Radiology,DISPENSE_MED,2026-06-13 20:35:39,2026-06-13 20:35:53
EVT-104250,USR-1015,Administration,DISPENSE_MED,2026-07-16 01:33:39,2026-07-16 01:34:05
EVT-100267,USR-1089,Radiology,EDIT_RECORD,2026-08-26 17:42:39,2026-08-26 17:42:59
EVT-101993,USR-1003,Billing,DISPENSE_MED,2026-09-03 00:32:39,2026-09-03 00:32:53
EVT-101160,USR-1191,Radiology,DELETE_LOG,2026-08-13 01:21:39,2026-08-13 01:22:01
EVT-101489,USR-1129,HR,EDIT_RECORD,2026-07-31 20:26:39,2026-07-31 20:26:53
EVT-104668,USR-1034,Patient Records,VIEW_RECORD,2026-06-10 21:13:39,2026-06-10 21:14:07
EVT-100570,USR-1148,HR,EDIT_RECORD,2026-07-05 14:24:39,2026-07-05 14:24:56
EVT-104256,USR-1133,Administration,DELETE_LOG,2026-06-30 15:39:39,2026-06-30 15:39:59
EVT-104899,USR-1064,Administration,LOGIN,2026-08-18 07:02:39,2026-08-18 07:02:57
EVT-101278,USR-1132,Radiology,EXPORT_REPORT,2026-08-20 17:05:39,2026-08-20 17:05:44
EVT-102036,USR-1051,Patient Records,DISPENSE_MED,2026-07-29 14:40:39,2026-07-31 03:12:39
EVT-103676,USR-1101,Radiology,EXPORT_REPORT,2026-08-25 00:26:39,2026-08-25 00:27:02
EVT-101901,USR-1161,Laboratory,EXPORT_REPORT,2026-06-15 13:10:39,2026-06-15 13:10:56
EVT-104660,USR-1030,Laboratory,DELETE_LOG,2026-07-01 17:07:39,2026-07-01 17:07:42
EVT-100685,USR-1029,Radiology,DISPENSE_MED,2026-08-07 07:55:39,2026-08-07 07:56:01
EVT-101381,USR-1029,HR,EXPORT_REPORT,2026-07-03 05:33:39,2026-07-03 05:34:00
EVT-103061,USR-1104,HR,DELETE_LOG,2026-07-02 03:54:39,2026-07-02 03:55:07
EVT-101038,USR-1184,Pharmacy,RUN_TEST,2026-07-13 12:27:39,2026-07-13 12:27:58
EVT-103429,USR-1166,Laboratory,VIEW_RECORD,2026-06-27 13:37:39,2026-06-27 13:38:06
EVT-103431,USR-1028,HR,RUN_TEST,2026-06-06 23:42:39,2026-06-06 23:42:43
EVT-103603,USR-1193,Patient Records,LOGIN,2026-07-15 23:41:39,2026-07-15 23:41:41
EVT-103188,USR-1066,Administration,VIEW_RECORD,2026-06-08 14:37:39,2026-06-11 01:55:39
EVT-104952,USR-1163,Laboratory,VIEW_RECORD,2026-07-30 23:23:39,2026-08-01 00:58:39
EVT-104552,USR-1148,Pharmacy,DELETE_LOG,2026-06-17 10:01:39,2026-06-17 10:01:41
EVT-103461,USR-1090,Administration,EXPORT_REPORT,2026-08-10 18:03:39,2026-08-10 18:03:44
EVT-102718,USR-1030,Administration,DISPENSE_MED,2026-07-08 21:29:39,2026-07-08 21:29:45
EVT-102445,USR-1162,Radiology,EXPORT_REPORT,2026-07-21 16:18:39,2026-07-21 16:19:05
EVT-101684,USR-1097,Patient Records,VIEW_RECORD,2026-08-31 02:58:39,2026-08-31 02:59:02
EVT-103967,USR-1086,Billing,LOGIN,2026-06-21 03:40:39,2026-06-21 03:40:46
EVT-103847,USR-1199,Billing,LOGIN,2026-08-22 03:03:39,2026-08-22 03:03:44
EVT-103891,USR-1118,Pharmacy,VIEW_RECORD,2026-08-13 22:16:39,2026-08-13 22:16:40
EVT-103308,USR-1077,Pharmacy,DISPENSE_MED,2026-06-29 13:26:39,2026-06-29 13:26:44
EVT-104134,USR-1007,Laboratory,LOGIN,2026-07-17 06:39:39,2026-07-17 06:39:59
EVT-100973,USR-1197,Radiology,LOGIN,2026-08-18 20:07:39,2026-08-18 20:08:09
EVT-100312,USR-1171,HR,LOGIN,2026-08-30 02:01:39,2026-08-30 02:01:52
EVT-100197,USR-1141,Patient Records,EDIT_RECORD,2026-08-07 12:47:39,2026-08-07 12:47:50
EVT-101164,USR-1037,Radiology,VIEW_RECORD,2026-09-01 12:40:39,2026-09-01 12:41:07
EVT-101094,USR-1029,Radiology,LOGIN,2026-08-29 09:51:39,2026-08-29 09:52:05
EVT-102940,USR-1190,Administration,EDIT_RECORD,2026-06-12 21:20:39,2026-06-12 21:20:55
EVT-100622,USR-1093,Administration,LOGIN,2026-08-29 19:54:39,2026-08-29 19:54:42
EVT-102628,USR-1127,HR,EDIT_RECORD,2026-08-17 09:17:39,2026-08-17 09:17:56
EVT-101022,USR-1090,Laboratory,EDIT_RECORD,2026-08-05 04:26:39,2026-08-05 04:26:58
EVT-100938,USR-1083,HR,LOGIN,2026-06-24 15:02:39,2026-06-24 15:03:19
EVT-104830,USR-1065,Radiology,LOGIN,2026-08-01 13:20:39,2026-08-01 13:21:03
EVT-102366,USR-1140,Laboratory,DELETE_LOG,2026-07-30 19:39:39,2026-07-30 19:40:05
EVT-100501,USR-1171,Laboratory,VIEW_RECORD,2026-07-21 02:13:39,2026-07-21 02:14:00
EVT-101553,USR-1069,HR,VIEW_RECORD,2026-07-26 01:14:39,2026-07-26 01:15:02
EVT-102953,USR-1014,Pharmacy,VIEW_RECORD,2026-07-11 00:17:39,2026-07-11 00:17:42
EVT-104151,USR-1126,Laboratory,EDIT_RECORD,2026-06-09 16:02:39,2026-06-09 16:02:47
EVT-105149,USR-1033,Radiology,RUN_TEST,2026-08-11 00:35:39,2026-08-11 00:35:54
EVT-101236,USR-1096,Administration,EDIT_RECORD,2026-07-13 20:28:39,2026-07-13 20:28:50
EVT-102046,USR-1121,Pharmacy,EXPORT_REPORT,2026-07-09 23:27:39,2026-07-09 23:27:50
EVT-103261,USR-1185,HR,RUN_TEST,2026-07-22 11:13:39,2026-07-22 11:13:56
EVT-104136,USR-1081,Laboratory,DISPENSE_MED,2026-08-21 10:30:39,2026-08-21 10:31:03
EVT-105006,USR-1191,HR,RUN_TEST,2026-08-14 22:23:39,2026-08-14 22:23:47
EVT-102270,USR-1141,HR,DELETE_LOG,2026-06-28 00:49:39,2026-06-28 00:49:49
EVT-100979,USR-1005,Radiology,VIEW_RECORD,2026-06-23 12:17:39,2026-06-23 12:17:57
EVT-100294,USR-1051,Pharmacy,LOGIN,2026-07-23 04:30:39,2026-07-23 04:31:08
EVT-104127,USR-1065,HR,RUN_TEST,2026-07-31 13:21:39,2026-07-31 13:21:46
EVT-100769,USR-1060,Radiology,DISPENSE_MED,2026-08-13 17:43:39,2026-08-13 17:43:58
EVT-101756,USR-1032,Patient Records,VIEW_RECORD,2026-06-29 14:04:39,2026-06-29 14:05:04
EVT-101207,USR-1168,Patient Records,DELETE_LOG,2026-06-29 04:15:39,2026-06-29 04:15:47
EVT-101559,USR-1049,Administration,RUN_TEST,2026-06-12 01:41:39,2026-06-12 01:41:58
EVT-104046,USR-1162,HR,EDIT_RECORD,2026-08-11 15:29:39,2026-08-11 15:29:52
EVT-105073,USR-1101,Administration,RUN_TEST,2026-08-16 19:37:39,2026-08-16 19:38:08
EVT-102090,USR-1101,Patient Records,EXPORT_REPORT,2026-06-10 01:05:39,2026-06-10 01:05:58
EVT-101952,USR-1061,Patient Records,RUN_TEST,2026-08-29 02:07:39,2026-08-29 02:07:56
EVT-101787,USR-1116,HR,EXPORT_REPORT,2026-06-19 20:40:39,2026-06-19 20:40:41
EVT-104339,USR-1103,Radiology,DISPENSE_MED,2026-07-25 23:36:39,2026-07-25 23:36:42
EVT-104766,USR-1041,Billing,RUN_TEST,2026-07-28 12:37:39,2026-07-28 12:37:53
EVT-104531,USR-1174,HR,EXPORT_REPORT,2026-06-12 19:53:39,2026-06-13 14:02:39
EVT-102856,USR-1160,Administration,VIEW_RECORD,2026-07-12 21:06:39,2026-07-12 21:06:57
EVT-INV-23,,Patient Records,INVALID_ACTION,2026-09-03 20:45:39,2026-09-03 20:45:39
EVT-103358,USR-1091,Administration,EXPORT_REPORT,2026-07-31 19:05:39,2026-07-31 19:05:43
EVT-101299,USR-1129,HR,LOGIN,2026-07-27 09:18:39,2026-07-27 09:18:45
EVT-104182,USR-1180,HR,DELETE_LOG,2026-07-04 06:28:39,2026-07-06 16:34:39
EVT-104894,USR-1150,Laboratory,DELETE_LOG,2026-08-20 18:58:39,2026-08-20 18:58:46
EVT-101882,USR-1112,HR,RUN_TEST,2026-07-01 02:43:39,2026-07-01 02:44:03
EVT-102982,USR-1042,Radiology,EDIT_RECORD,2026-08-30 00:43:39,2026-08-30 00:44:09
EVT-104897,USR-1088,Pharmacy,VIEW_RECORD,2026-07-21 16:54:39,2026-07-21 16:54:47
EVT-100489,USR-1023,Billing,EXPORT_REPORT,2026-06-07 12:58:39,2026-06-07 12:59:03
EVT-100377,USR-1024,HR,DELETE_LOG,2026-08-30 17:10:39,2026-08-30 17:10:50
EVT-103499,USR-1053,Laboratory,VIEW_RECORD,2026-07-16 03:36:39,2026-07-16 03:37:09
EVT-100362,USR-1001,Pharmacy,DISPENSE_MED,2026-06-07 21:15:39,2026-06-07 21:15:41
EVT-102684,USR-1035,Laboratory,EDIT_RECORD,2026-08-14 03:15:39,2026-08-14 03:15:59
EVT-105173,USR-1164,Laboratory,DISPENSE_MED,2026-07-23 00:26:39,2026-07-23 00:26:58
EVT-102134,USR-1092,Billing,DISPENSE_MED,2026-08-12 05:37:39,2026-08-12 05:37:57
EVT-102947,USR-1200,Administration,DISPENSE_MED,2026-08-09 12:20:39,2026-08-09 12:20:45
EVT-100018,USR-1007,Pharmacy,DELETE_LOG,2026-07-08 23:08:39,2026-07-08 23:08:51
EVT-102741,USR-1064,Pharmacy,LOGIN,2026-07-19 10:06:39,2026-07-19 10:06:55
EVT-101901,USR-1161,Laboratory,EXPORT_REPORT,2026-06-15 13:10:39,2026-06-15 13:10:46
EVT-101243,USR-1093,Pharmacy,DELETE_LOG,2026-07-11 08:00:39,2026-07-11 08:00:40
EVT-100555,USR-1067,HR,EXPORT_REPORT,2026-08-27 03:04:39,2026-08-27 03:04:52
EVT-103652,USR-1081,Laboratory,LOGIN,2026-07-27 09:53:39,2026-07-27 09:53:59
EVT-104101,USR-1033,Laboratory,DELETE_LOG,2026-06-26 18:02:39,2026-06-26 18:02:42
EVT-102793,USR-1094,Laboratory,DELETE_LOG,2026-06-14 21:46:39,2026-06-14 21:46:57
EVT-103936,USR-1042,Radiology,DISPENSE_MED,2026-07-11 01:24:39,2026-07-11 01:24:42
EVT-100255,USR-1163,Administration,EXPORT_REPORT,2026-07-04 21:59:39,2026-07-04 22:00:19
EVT-104132,USR-1112,Patient Records,EXPORT_REPORT,2026-08-05 16:29:39,2026-08-05 16:29:44
EVT-100554,USR-1130,Laboratory,EXPORT_REPORT,2026-08-25 07:00:39,2026-08-25 07:00:56
EVT-100833,USR-1024,HR,DISPENSE_MED,2026-08-27 18:12:39,2026-08-27 18:12:56
EVT-104128,USR-1087,HR,DELETE_LOG,2026-08-19 11:42:39,2026-08-19 11:42:53
EVT-103492,USR-1083,Patient Records,EDIT_RECORD,2026-06-13 23:11:39,2026-06-13 23:12:04
EVT-100354,USR-1014,Administration,DELETE_LOG,2026-07-24 00:40:39,2026-07-24 00:40:49
EVT-102875,USR-1073,Radiology,VIEW_RECORD,2026-07-11 08:16:39,2026-07-11 08:16:55
EVT-103762,USR-1057,Pharmacy,DISPENSE_MED,2026-07-22 05:13:39,2026-07-22 05:14:04
EVT-101969,USR-1154,Radiology,EXPORT_REPORT,2026-07-13 10:02:39,2026-07-13 10:02:49
EVT-101327,USR-1101,Administration,EDIT_RECORD,2026-07-26 18:08:39,2026-07-26 18:09:03
EVT-104514,USR-1031,Radiology,LOGIN,2026-06-19 10:02:39,2026-06-19 10:02:48
EVT-102692,USR-1158,Radiology,VIEW_RECORD,2026-07-17 15:45:39,2026-07-17 15:46:13
EVT-101566,USR-1164,Administration,DISPENSE_MED,2026-06-11 11:16:39,2026-06-11 11:16:43
EVT-102227,USR-1189,Patient Records,LOGIN,2026-08-03 16:51:39,2026-08-03 16:51:46
EVT-100842,USR-1115,Pharmacy,EDIT_RECORD,2026-07-13 19:43:39,2026-07-13 19:43:56
EVT-100409,USR-1139,Pharmacy,VIEW_RECORD,2026-08-31 22:39:39,2026-08-31 22:39:41
EVT-102424,USR-1186,Patient Records,LOGIN,2026-07-12 03:08:39,2026-07-12 03:09:00
EVT-104664,USR-1083,Billing,DELETE_LOG,2026-08-10 16:33:39,2026-08-12 21:31:39
EVT-INV-2,USR-INVALID-9999,Patient Records,INVALID_ACTION,2026-09-03 20:45:39,2026-09-03 20:45:39
EVT-102750,USR-1079,Billing,EDIT_RECORD,2026-07-30 03:02:39,2026-07-30 03:02:49
EVT-103139,USR-1132,Laboratory,LOGIN,2026-08-26 06:43:39,2026-08-26 06:43:58
EVT-101959,USR-1073,Radiology,EDIT_RECORD,2026-08-07 10:12:39,2026-08-08 21:57:39
EVT-103396,USR-1027,Billing,RUN_TEST,2026-08-04 04:54:39,2026-08-04 04:55:04
EVT-100252,USR-1072,Administration,DISPENSE_MED,2026-07-30 22:18:39,2026-07-30 22:18:46
EVT-104643,USR-1008,Administration,DELETE_LOG,2026-07-17 12:55:39,2026-07-17 12:55:52
EVT-103939,USR-1085,HR,DISPENSE_MED,2026-06-10 07:22:39,2026-06-10 07:22:48
EVT-104196,USR-1093,Radiology,DISPENSE_MED,2026-07-17 16:57:39,2026-07-17 16:58:02
EVT-103887,USR-1076,Patient Records,DELETE_LOG,2026-08-20 13:32:39,2026-08-20 13:32:58
EVT-100859,USR-1047,Patient Records,RUN_TEST,2026-08-27 02:44:39,2026-08-27 02:44:59
EVT-100246,USR-1141,Radiology,LOGIN,2026-08-02 21:01:39,2026-08-02 21:02:07
EVT-100639,USR-1072,Pharmacy,LOGIN,2026-06-19 06:32:39,2026-06-19 06:33:05
EVT-101070,USR-1136,Patient Records,DISPENSE_MED,2026-08-30 02:15:39,2026-08-30 02:15:41
EVT-102268,USR-1094,Radiology,EDIT_RECORD,2026-07-22 21:42:39,2026-07-22 21:43:06
EVT-101239,USR-1112,Patient Records,DELETE_LOG,2026-07-17 00:56:39,2026-07-17 00:56:56
EVT-104011,USR-1044,Billing,DELETE_LOG,2026-06-08 07:17:39,2026-06-08 07:17:45
EVT-104254,USR-1152,Patient Records,LOGIN,2026-08-22 11:46:39,2026-08-22 11:46:42
EVT-104715,USR-1076,Administration,EXPORT_REPORT,2026-07-06 10:42:39,2026-07-06 10:43:09
EVT-104656,USR-1108,Laboratory,DISPENSE_MED,2026-09-01 07:13:39,2026-09-01 07:13:57
EVT-100500,USR-1058,HR,LOGIN,2026-07-06 08:29:39,2026-07-06 08:29:49
EVT-100592,USR-1081,Pharmacy,EDIT_RECORD,2026-07-31 11:35:39,2026-07-31 11:35:50
EVT-103913,USR-1200,Patient Records,VIEW_RECORD,2026-06-06 01:06:39,2026-06-06 01:07:05
EVT-104418,USR-1163,Administration,DELETE_LOG,2026-07-09 05:03:39,2026-07-09 05:04:01
EVT-103666,USR-1118,Billing,DISPENSE_MED,2026-06-19 02:06:39,2026-06-19 02:06:47
EVT-100938,USR-1083,HR,LOGIN,2026-06-24 15:02:39,2026-06-24 15:03:29
EVT-105120,USR-1006,Patient Records,EDIT_RECORD,2026-08-09 17:47:39,2026-08-09 17:47:59
EVT-103665,USR-1155,Billing,EXPORT_REPORT,2026-06-25 00:22:39,2026-06-25 00:22:51
EVT-100136,USR-1176,Pharmacy,VIEW_RECORD,2026-08-19 22:58:39,2026-08-19 22:58:41
EVT-104178,USR-1049,Radiology,VIEW_RECORD,2026-07-26 10:58:39,2026-07-26 10:58:56
EVT-104855,USR-1171,HR,LOGIN,2026-06-26 02:30:39,2026-06-26 02:31:01
EVT-103878,USR-1184,Billing,RUN_TEST,2026-07-01 20:52:39,2026-07-01 20:52:55
EVT-102942,USR-1069,HR,RUN_TEST,2026-07-17 12:55:39,2026-07-17 12:56:07
EVT-101709,USR-1144,HR,DISPENSE_MED,2026-07-23 21:04:39,2026-07-24 02:40:39
EVT-102302,USR-1141,Patient Records,EXPORT_REPORT,2026-08-27 23:43:39,2026-08-27 23:43:57
EVT-102170,USR-1064,Pharmacy,VIEW_RECORD,2026-08-15 15:09:39,2026-08-15 15:09:58
EVT-100617,USR-1109,Laboratory,VIEW_RECORD,2026-06-23 07:35:39,2026-06-23 07:35:54
EVT-100159,USR-1020,HR,LOGIN,2026-07-01 13:59:39,2026-07-01 13:59:51
EVT-103777,USR-1104,HR,DISPENSE_MED,2026-07-29 06:26:39,2026-07-29 06:26:55
EVT-102688,USR-1073,HR,RUN_TEST,2026-08-08 12:44:39,2026-08-08 12:44:56
EVT-101277,USR-1073,HR,RUN_TEST,2026-08-23 06:04:39,2026-08-23 06:05:01
EVT-100195,USR-1147,Laboratory,RUN_TEST,2026-06-22 11:56:39,2026-06-22 11:56:40
EVT-100103,USR-1016,Radiology,RUN_TEST,2026-08-10 04:08:39,2026-08-10 04:09:00
EVT-104856,USR-1119,Pharmacy,RUN_TEST,2026-07-20 23:39:39,2026-07-20 23:39:57
EVT-102694,USR-1058,Laboratory,DISPENSE_MED,2026-08-29 02:52:39,2026-08-31 07:23:39
EVT-102716,USR-1042,Radiology,LOGIN,2026-09-01 05:48:39,2026-09-01 05:49:04
EVT-103137,USR-1074,Pharmacy,DELETE_LOG,2026-06-11 03:25:39,2026-06-13 14:47:39
EVT-102910,USR-1190,Administration,VIEW_RECORD,2026-06-24 12:22:39,2026-06-24 12:23:03
EVT-100445,USR-1048,Radiology,EXPORT_REPORT,2026-06-20 17:41:39,2026-06-20 17:41:59
EVT-104734,USR-1026,Administration,VIEW_RECORD,2026-06-26 17:26:39,2026-06-26 17:27:07
EVT-101159,USR-1019,Radiology,EDIT_RECORD,2026-08-01 02:46:39,2026-08-01 02:46:50
EVT-105082,USR-1129,Laboratory,DISPENSE_MED,2026-06-24 02:10:39,2026-06-24 02:11:03
EVT-103952,USR-1129,Laboratory,EDIT_RECORD,2026-06-18 17:06:39,2026-06-18 17:06:45
EVT-105066,USR-1111,Billing,VIEW_RECORD,2026-07-31 18:57:39,2026-07-31 18:57:48
EVT-105159,USR-1185,HR,DELETE_LOG,2026-08-24 20:28:39,2026-08-26 16:31:39
EVT-103667,USR-1150,HR,DISPENSE_MED,2026-06-19 06:18:39,2026-06-19 06:19:06
EVT-101029,USR-1158,Patient Records,VIEW_RECORD,2026-08-31 22:43:39,2026-08-31 22:43:59
EVT-100303,USR-1200,Administration,EDIT_RECORD,2026-09-02 13:44:39,2026-09-02 13:44:59
EVT-103852,USR-1010,Billing,VIEW_RECORD,2026-07-05 09:08:39,2026-07-05 09:09:00
EVT-103573,USR-1184,Laboratory,RUN_TEST,2026-08-26 15:38:39,2026-08-26 15:39:04
EVT-104443,USR-1164,Laboratory,EDIT_RECORD,2026-08-20 00:28:39,2026-08-20 00:28:57
EVT-102022,USR-1158,Administration,DISPENSE_MED,2026-07-01 13:57:39,2026-07-01 13:57:49
EVT-103208,USR-1083,Patient Records,EXPORT_REPORT,2026-06-26 22:21:39,2026-06-26 22:21:40
EVT-100292,USR-1199,Billing,EXPORT_REPORT,2026-07-08 04:27:39,2026-07-08 04:27:58
EVT-100255,USR-1163,Administration,EXPORT_REPORT,2026-07-04 21:59:39,2026-07-04 22:00:09
EVT-104023,USR-1038,HR,EXPORT_REPORT,2026-07-09 05:53:39,2026-07-09 05:53:49
EVT-101087,USR-1110,Patient Records,DELETE_LOG,2026-07-02 17:18:39,2026-07-02 17:18:45
EVT-103732,USR-1091,Laboratory,DISPENSE_MED,2026-06-10 23:40:39,2026-06-12 01:13:39
EVT-104153,USR-1153,Laboratory,DISPENSE_MED,2026-07-30 16:05:39,2026-07-30 16:05:59
EVT-102308,USR-1108,Laboratory,EXPORT_REPORT,2026-07-13 12:10:39,2026-07-13 12:10:56
EVT-100187,USR-1180,HR,DELETE_LOG,2026-06-06 02:12:39,2026-06-06 02:12:53
EVT-104390,USR-1184,Laboratory,DISPENSE_MED,2026-06-09 19:37:39,2026-06-09 19:37:48
EVT-100412,USR-1042,Radiology,RUN_TEST,2026-08-20 14:15:39,2026-08-20 14:16:00
EVT-102186,USR-1058,HR,EXPORT_REPORT,2026-08-26 14:02:39,2026-08-26 14:02:40
EVT-103756,USR-1166,Pharmacy,DISPENSE_MED,2026-08-21 21:49:39,2026-08-21 21:50:09
EVT-102809,USR-1178,Patient Records,EXPORT_REPORT,2026-07-07 06:08:39,2026-07-07 06:09:06
EVT-103686,USR-1148,Laboratory,LOGIN,2026-07-14 18:40:39,2026-07-15 23:49:39
EVT-102691,USR-1057,HR,EXPORT_REPORT,2026-07-09 13:40:39,2026-07-09 13:40:43
EVT-104270,USR-1091,Administration,LOGIN,2026-08-21 16:35:39,2026-08-22 11:06:39
EVT-101718,USR-1031,Radiology,LOGIN,2026-06-28 11:10:39,2026-06-28 11:10:56
EVT-102728,USR-1052,Billing,EXPORT_REPORT,2026-06-30 13:51:39,2026-06-30 13:51:55
EVT-104542,USR-1094,Radiology,DISPENSE_MED,2026-06-25 22:47:39,2026-06-25 22:48:07
EVT-100883,USR-1155,Patient Records,EXPORT_REPORT,2026-07-20 07:33:39,2026-07-20 07:33:44
EVT-101114,USR-1116,HR,EXPORT_REPORT,2026-07-26 09:55:39,2026-07-26 09:56:06
EVT-103001,USR-1111,Administration,DISPENSE_MED,2026-07-16 01:42:39,2026-07-16 01:43:09
EVT-100949,USR-1051,Administration,EXPORT_REPORT,2026-07-19 13:03:39,2026-07-19 13:03:53
EVT-100928,USR-1071,Radiology,VIEW_RECORD,2026-06-06 20:05:39,2026-06-06 20:05:42
EVT-100798,USR-1055,HR,VIEW_RECORD,2026-06-27 07:21:39,2026-06-27 07:21:53
EVT-100334,USR-1127,Laboratory,LOGIN,2026-07-07 17:19:39,2026-07-07 17:19:48
EVT-104115,USR-1111,Administration,RUN_TEST,2026-08-27 11:28:39,2026-08-27 11:28:46
EVT-103053,USR-1189,Patient Records,EXPORT_REPORT,2026-07-15 14:38:39,2026-07-15 14:38:49
EVT-103530,USR-1178,Billing,EDIT_RECORD,2026-08-02 00:10:39,2026-08-02 00:11:07
EVT-101115,USR-1036,Pharmacy,DELETE_LOG,2026-07-21 23:49:39,2026-07-24 05:53:39
EVT-103940,USR-1026,Billing,VIEW_RECORD,2026-08-22 00:56:39,2026-08-22 00:56:55
EVT-102326,USR-1001,Laboratory,LOGIN,2026-06-07 15:25:39,2026-06-07 15:26:09
EVT-101012,USR-1129,HR,VIEW_RECORD,2026-06-17 02:07:39,2026-06-17 02:07:47
EVT-102943,USR-1075,Administration,DISPENSE_MED,2026-08-01 16:20:39,2026-08-03 01:32:39
EVT-101644,USR-1195,Radiology,DISPENSE_MED,2026-08-17 20:11:39,2026-08-17 20:11:55
EVT-100466,USR-1036,Laboratory,VIEW_RECORD,2026-08-16 04:35:39,2026-08-16 04:35:41
EVT-103342,USR-1091,Pharmacy,DELETE_LOG,2026-06-18 19:28:39,2026-06-19 03:13:39
EVT-102340,USR-1145,Laboratory,LOGIN,2026-07-11 14:20:39,2026-07-11 14:21:07
EVT-101434,USR-1020,Billing,RUN_TEST,2026-06-07 09:47:39,2026-06-07 09:47:53
EVT-100696,USR-1126,Laboratory,DELETE_LOG,2026-07-25 19:35:39,2026-07-25 19:35:44
EVT-100441,USR-1168,Patient Records,DELETE_LOG,2026-06-28 01:15:39,2026-06-28 01:15:50
EVT-104677,USR-1027,Laboratory,DISPENSE_MED,2026-06-26 05:01:39,2026-06-26 05:01:50
EVT-100430,USR-1129,Patient Records,DELETE_LOG,2026-07-08 18:23:39,2026-07-08 18:24:08
EVT-104000,USR-1199,Administration,EXPORT_REPORT,2026-08-06 16:42:39,2026-08-06 16:43:01
EVT-104975,USR-1127,HR,LOGIN,2026-07-12 11:06:39,2026-07-12 11:06:40
EVT-104971,USR-1085,Pharmacy,LOGIN,2026-08-06 06:13:39,2026-08-06 06:14:00
EVT-100904,USR-1001,Laboratory,EDIT_RECORD,2026-06-07 09:18:39,2026-06-07 09:19:06
EVT-101347,USR-1142,Billing,EXPORT_REPORT,2026-09-02 14:55:39,2026-09-02 14:56:04
EVT-100895,USR-1126,Laboratory,EDIT_RECORD,2026-06-06 16:42:39,2026-06-06 16:42:54
EVT-105029,USR-1113,HR,EXPORT_REPORT,2026-06-22 13:25:39,2026-06-22 13:26:07
EVT-102256,USR-1009,Radiology,VIEW_RECORD,2026-07-21 11:37:39,2026-07-24 11:11:39
EVT-104440,USR-1067,HR,VIEW_RECORD,2026-08-24 16:33:39,2026-08-24 16:34:02
EVT-103307,USR-1085,Billing,EDIT_RECORD,2026-07-12 10:10:39,2026-07-12 10:11:02
EVT-105135,USR-1041,Billing,EDIT_RECORD,2026-07-25 00:42:39,2026-07-25 00:42:40
EVT-102754,USR-1094,Radiology,DELETE_LOG,2026-08-16 03:39:39,2026-08-16 03:39:58
EVT-105124,USR-1034,Patient Records,DELETE_LOG,2026-07-02 19:52:39,2026-07-02 19:52:48
EVT-104429,USR-1171,Laboratory,RUN_TEST,2026-07-20 09:35:39,2026-07-20 09:35:49
EVT-102542,USR-1034,Patient Records,EXPORT_REPORT,2026-07-13 22:24:39,2026-07-13 22:25:08
EVT-104762,USR-1056,Pharmacy,RUN_TEST,2026-06-08 07:21:39,2026-06-08 07:21:44
EVT-103738,USR-1076,Billing,DISPENSE_MED,2026-07-04 11:38:39,2026-07-04 11:38:58
EVT-102324,USR-1156,Patient Records,DISPENSE_MED,2026-08-30 09:15:39,2026-08-30 09:15:52
EVT-101197,USR-1008,Administration,VIEW_RECORD,2026-07-18 13:21:39,2026-07-18 13:21:58
EVT-102944,USR-1020,HR,EXPORT_REPORT,2026-06-12 12:03:39,2026-06-12 12:03:59
EVT-101570,USR-1143,HR,LOGIN,2026-07-21 13:57:39,2026-07-21 13:57:42
EVT-103063,USR-1150,Pharmacy,EDIT_RECORD,2026-08-21 09:05:39,2026-08-22 06:14:39
EVT-104041,USR-1038,HR,EDIT_RECORD,2026-07-12 23:26:39,2026-07-12 23:26:51
EVT-105046,USR-1172,HR,VIEW_RECORD,2026-08-28 21:32:39,2026-08-28 21:32:52
EVT-103908,USR-1032,Billing,DELETE_LOG,2026-08-28 01:56:39,2026-08-28 01:57:08
EVT-100450,USR-1016,Radiology,VIEW_RECORD,2026-07-20 16:31:39,2026-07-20 16:31:46
EVT-102736,USR-1035,Radiology,VIEW_RECORD,2026-08-13 02:05:39,2026-08-13 02:06:01
EVT-104509,USR-1191,Radiology,LOGIN,2026-06-23 17:53:39,2026-06-23 17:54:01
EVT-103349,USR-1178,Administration,DELETE_LOG,2026-07-26 17:52:39,2026-07-26 17:52:45
EVT-102072,USR-1038,HR,VIEW_RECORD,2026-08-03 17:15:39,2026-08-03 17:15:56
EVT-101075,USR-1078,Pharmacy,DELETE_LOG,2026-06-20 06:37:39,2026-06-20 06:38:03
EVT-103542,USR-1176,Patient Records,RUN_TEST,2026-06-12 23:46:39,2026-06-12 23:46:42
EVT-103623,USR-1147,Billing,LOGIN,2026-08-21 15:36:39,2026-08-21 15:37:00
EVT-100882,USR-1051,Administration,EDIT_RECORD,2026-07-14 03:24:39,2026-07-14 03:24:42
EVT-104359,USR-1018,Billing,LOGIN,2026-08-15 03:11:39,2026-08-15 03:12:09
EVT-103703,USR-1139,Laboratory,EDIT_RECORD,2026-07-07 00:16:39,2026-07-07 00:17:06
EVT-105084,USR-1095,HR,DELETE_LOG,2026-08-19 13:08:39,2026-08-19 13:09:09
EVT-103372,USR-1166,Pharmacy,EDIT_RECORD,2026-09-01 22:17:39,2026-09-01 22:18:08
EVT-103710,USR-1087,Billing,EDIT_RECORD,2026-08-12 06:28:39,2026-08-12 06:28:45
EVT-104578,USR-1145,Laboratory,RUN_TEST,2026-07-22 16:20:39,2026-07-22 16:21:08
EVT-101885,USR-1189,Laboratory,DELETE_LOG,2026-07-17 16:28:39,2026-07-17 16:29:08
EVT-104695,USR-1187,Pharmacy,DELETE_LOG,2026-08-19 16:15:39,2026-08-19 16:16:09
EVT-103310,USR-1058,Billing,RUN_TEST,2026-07-23 09:47:39,2026-07-23 09:48:05
EVT-102445,USR-1162,Radiology,EXPORT_REPORT,2026-07-21 16:18:39,2026-07-21 16:19:15
EVT-104758,USR-1045,HR,DISPENSE_MED,2026-08-08 07:48:39,2026-08-08 07:48:58
EVT-103442,USR-1032,Radiology,DISPENSE_MED,2026-06-14 11:12:39,2026-06-14 11:12:57
EVT-104364,USR-1127,Laboratory,DELETE_LOG,2026-08-22 19:31:39,2026-08-22 19:32:08
EVT-101215,USR-1192,Billing,DELETE_LOG,2026-06-23 20:11:39,2026-06-23 20:12:05
EVT-102878,USR-1025,Billing,DELETE_LOG,2026-07-07 11:36:39,2026-07-09 03:28:39
EVT-101592,USR-1038,Patient Records,RUN_TEST,2026-08-11 19:56:39,2026-08-11 19:56:49
EVT-100674,USR-1123,HR,DELETE_LOG,2026-08-09 02:36:39,2026-08-09 02:36:46
EVT-102593,USR-1184,Laboratory,DISPENSE_MED,2026-08-24 23:25:39,2026-08-24 23:25:54
EVT-103423,USR-1078,Administration,VIEW_RECORD,2026-07-24 13:16:39,2026-07-24 13:17:09
EVT-103067,USR-1027,Patient Records,RUN_TEST,2026-07-31 21:53:39,2026-07-31 21:53:43
EVT-100591,USR-1106,HR,EDIT_RECORD,2026-09-02 00:11:39,2026-09-02 00:11:58
EVT-103902,USR-1035,Laboratory,EXPORT_REPORT,2026-08-22 06:44:39,2026-08-22 06:44:49
EVT-104184,USR-1100,Billing,DISPENSE_MED,2026-07-23 17:45:39,2026-07-23 17:45:58
EVT-103568,USR-1074,Pharmacy,RUN_TEST,2026-07-01 14:07:39,2026-07-01 14:07:54
EVT-100754,USR-1033,Billing,DELETE_LOG,2026-07-23 16:23:39,2026-07-23 16:23:53
EVT-101626,USR-1193,Patient Records,VIEW_RECORD,2026-06-27 07:44:39,2026-06-27 07:45:07
EVT-103781,USR-1199,Administration,LOGIN,2026-07-16 02:28:39,2026-07-16 02:29:09
EVT-103177,USR-1146,Radiology,DISPENSE_MED,2026-08-10 07:43:39,2026-08-10 07:43:47
EVT-104330,USR-1172,Radiology,VIEW_RECORD,2026-08-06 15:30:39,2026-08-06 15:30:45
EVT-104356,USR-1172,HR,EXPORT_REPORT,2026-08-01 04:03:39,2026-08-01 04:03:42
EVT-101632,USR-1067,HR,EXPORT_REPORT,2026-06-28 22:32:39,2026-06-28 22:33:02
EVT-105188,USR-1104,HR,DELETE_LOG,2026-07-17 00:44:39,2026-07-17 00:44:55
EVT-103801,USR-1067,Laboratory,EDIT_RECORD,2026-08-05 00:59:39,2026-08-05 00:59:41
EVT-100540,USR-1118,Pharmacy,RUN_TEST,2026-08-15 02:43:39,2026-08-15 02:43:49
EVT-100483,USR-1186,Patient Records,RUN_TEST,2026-07-19 07:15:39,2026-07-19 07:16:09
EVT-100852,USR-1048,Administration,DISPENSE_MED,2026-07-05 03:12:39,2026-07-05 03:13:07
EVT-102351,USR-1118,Pharmacy,EDIT_RECORD,2026-06-14 04:49:39,2026-06-14 04:49:53
EVT-104448,USR-1111,Patient Records,RUN_TEST,2026-07-10 09:29:39,2026-07-10 09:29:59
EVT-102998,USR-1069,Radiology,EDIT_RECORD,2026-07-29 23:11:39,2026-07-29 23:11:41
EVT-103753,USR-1172,Radiology,EXPORT_REPORT,2026-08-10 18:14:39,2026-08-10 18:14:53
EVT-103618,USR-1183,Pharmacy,EDIT_RECORD,2026-07-05 10:13:39,2026-07-07 05:33:39
EVT-103211,USR-1062,HR,RUN_TEST,2026-08-13 23:47:39,2026-08-13 23:47:58
EVT-104305,USR-1072,Laboratory,RUN_TEST,2026-07-04 23:17:39,2026-07-04 23:18:00
EVT-102915,USR-1041,Administration,EDIT_RECORD,2026-06-19 08:04:39,2026-06-19 08:04:40
EVT-104069,USR-1122,HR,VIEW_RECORD,2026-08-14 07:49:39,2026-08-14 07:49:57
EVT-104930,USR-1087,Radiology,DISPENSE_MED,2026-08-11 05:42:39,2026-08-11 05:42:44
EVT-101736,USR-1171,Laboratory,DELETE_LOG,2026-07-27 04:42:39,2026-07-27 04:42:49
EVT-104498,USR-1135,Radiology,LOGIN,2026-06-26 06:45:39,2026-06-26 06:45:59
EVT-102197,USR-1045,HR,EXPORT_REPORT,2026-07-04 06:06:39,2026-07-04 06:06:56
EVT-103986,USR-1015,HR,VIEW_RECORD,2026-07-27 13:47:39,2026-07-27 13:47:52
EVT-103984,USR-1084,Patient Records,DELETE_LOG,2026-06-29 13:36:39,2026-06-29 13:36:48
EVT-100017,USR-1172,Radiology,VIEW_RECORD,2026-07-20 08:40:39,2026-07-20 08:40:59
EVT-100681,USR-1083,Pharmacy,LOGIN,2026-07-15 03:58:39,2026-07-15 03:58:50
EVT-102831,USR-1001,HR,DISPENSE_MED,2026-08-15 03:41:39,2026-08-15 03:41:43
EVT-101932,USR-1032,Radiology,EDIT_RECORD,2026-06-19 08:14:39,2026-06-19 08:14:49
EVT-104573,USR-1186,Patient Records,VIEW_RECORD,2026-08-31 12:42:39,2026-08-31 12:42:55
EVT-104236,USR-1090,Administration,DELETE_LOG,2026-08-13 08:31:39,2026-08-15 05:33:39
EVT-100536,USR-1020,HR,VIEW_RECORD,2026-06-18 20:57:39,2026-06-18 20:57:48
EVT-101942,USR-1123,HR,DELETE_LOG,2026-06-24 14:39:39,2026-06-24 14:39:57
EVT-100853,USR-1165,Radiology,EDIT_RECORD,2026-08-26 17:39:39,2026-08-26 17:40:01
EVT-105019,USR-1056,Billing,DISPENSE_MED,2026-06-18 19:35:39,2026-06-18 19:35:45
EVT-100095,USR-1092,Billing,LOGIN,2026-08-12 17:49:39,2026-08-12 17:50:09
EVT-101003,USR-1200,Pharmacy,EDIT_RECORD,2026-06-11 12:33:39,2026-06-11 12:33:43
EVT-100120,USR-1196,Radiology,DISPENSE_MED,2026-07-16 12:14:39,2026-07-16 12:15:00
EVT-104251,USR-1037,Patient Records,LOGIN,2026-07-22 10:23:39,2026-07-22 10:24:05
EVT-101892,USR-1177,HR,VIEW_RECORD,2026-06-29 02:32:39,2026-06-29 02:33:04
EVT-102846,USR-1037,HR,RUN_TEST,2026-07-14 15:22:39,2026-07-17 13:06:39
EVT-104099,USR-1032,Billing,DISPENSE_MED,2026-08-02 04:08:39,2026-08-02 04:08:44
EVT-102687,USR-1144,HR,LOGIN,2026-08-28 18:36:39,2026-08-28 18:37:02
EVT-104486,USR-1159,HR,EDIT_RECORD,2026-08-03 00:18:39,2026-08-03 00:18:45
EVT-101613,USR-1056,Billing,EDIT_RECORD,2026-07-29 10:12:39,2026-07-29 10:13:04
EVT-104022,USR-1101,Administration,LOGIN,2026-08-30 11:35:39,2026-09-01 19:11:39
EVT-104812,USR-1035,Laboratory,LOGIN,2026-07-03 08:49:39,2026-07-03 08:49:42
EVT-103153,USR-1067,Laboratory,EDIT_RECORD,2026-08-10 08:20:39,2026-08-10 08:21:07
EVT-105193,USR-1116,HR,EDIT_RECORD,2026-08-19 05:51:39,2026-08-19 05:51:49
EVT-103162,USR-1089,Radiology,LOGIN,2026-06-20 07:40:39,2026-06-20 07:40:53
EVT-104031,USR-1079,HR,EDIT_RECORD,2026-06-26 16:35:39,2026-06-26 16:36:09
EVT-100394,USR-1090,Patient Records,EXPORT_REPORT,2026-06-19 01:29:39,2026-06-19 01:29:55
EVT-104478,USR-1148,Radiology,DISPENSE_MED,2026-07-20 23:46:39,2026-07-20 23:47:00
EVT-100317,USR-1191,Patient Records,EXPORT_REPORT,2026-08-06 03:08:39,2026-08-06 03:09:01
EVT-102693,USR-1091,Laboratory,DELETE_LOG,2026-07-03 04:41:39,2026-07-03 04:41:51
EVT-102238,USR-1188,Administration,DELETE_LOG,2026-08-12 13:21:39,2026-08-12 13:22:02
EVT-103109,USR-1085,Pharmacy,DELETE_LOG,2026-07-29 05:34:39,2026-07-29 05:34:46
EVT-104627,USR-1191,Radiology,VIEW_RECORD,2026-07-14 20:49:39,2026-07-14 20:50:09
EVT-104937,USR-1042,Pharmacy,DISPENSE_MED,2026-07-19 17:53:39,2026-07-19 17:53:51
EVT-102523,USR-1096,Patient Records,DISPENSE_MED,2026-08-25 08:52:39,2026-08-25 08:52:55
EVT-104835,USR-1017,Patient Records,LOGIN,2026-06-27 15:33:39,2026-06-27 15:34:06
EVT-103922,USR-1013,HR,DISPENSE_MED,2026-07-17 16:50:39,2026-07-17 16:51:01
EVT-102418,USR-1023,Patient Records,DELETE_LOG,2026-08-11 23:54:39,2026-08-11 23:54:42
EVT-101927,USR-1053,Radiology,RUN_TEST,2026-06-17 20:16:39,2026-06-17 20:16:46
EVT-104499,USR-1064,Pharmacy,DISPENSE_MED,2026-09-01 21:35:39,2026-09-01 21:35:57
EVT-101213,USR-1165,Radiology,EDIT_RECORD,2026-08-09 03:55:39,2026-08-09 03:55:46
EVT-100603,USR-1099,Administration,EDIT_RECORD,2026-07-19 22:21:39,2026-07-19 22:21:53
EVT-102206,USR-1048,Pharmacy,DELETE_LOG,2026-07-13 02:08:39,2026-07-13 02:08:43
EVT-104700,USR-1052,Billing,EXPORT_REPORT,2026-07-03 01:07:39,2026-07-03 01:07:58
EVT-101611,USR-1043,Laboratory,LOGIN,2026-08-28 13:02:39,2026-08-28 13:03:06
EVT-105032,USR-1018,Pharmacy,LOGIN,2026-08-14 06:58:39,2026-08-14 06:58:58
EVT-101692,USR-1019,HR,DISPENSE_MED,2026-08-07 00:41:39,2026-08-09 02:46:39
EVT-103574,USR-1001,HR,EXPORT_REPORT,2026-06-28 08:03:39,2026-06-28 08:04:08
EVT-102367,USR-1078,Administration,VIEW_RECORD,2026-09-02 13:28:39,2026-09-02 13:28:41
EVT-102740,USR-1021,HR,EDIT_RECORD,2026-07-30 14:12:39,2026-07-30 14:13:01
EVT-101010,USR-1074,Pharmacy,DISPENSE_MED,2026-06-21 01:22:39,2026-06-21 01:23:00
EVT-101758,USR-1150,HR,LOGIN,2026-08-31 11:01:39,2026-08-31 11:01:42
EVT-INV-37,,UnknownApp,INVALID_ACTION,INVALID_DATE,2026-09-03 20:45:39
EVT-102049,USR-1161,Laboratory,EDIT_RECORD,2026-07-18 20:48:39,2026-07-21 05:50:39
EVT-101346,USR-1054,Billing,DISPENSE_MED,2026-08-01 18:30:39,2026-08-01 18:30:43
EVT-103450,USR-1041,Billing,DELETE_LOG,2026-07-24 22:30:39,2026-07-24 22:30:40
EVT-104163,USR-1058,Billing,DELETE_LOG,2026-06-06 14:05:39,2026-06-06 14:05:47
EVT-101174,USR-1075,Billing,DISPENSE_MED,2026-08-08 02:48:39,2026-08-08 02:49:02
EVT-102701,USR-1171,HR,VIEW_RECORD,2026-07-21 09:25:39,2026-07-21 09:26:08
EVT-100871,USR-1129,HR,DISPENSE_MED,2026-07-04 02:19:39,2026-07-04 02:19:59
EVT-101112,USR-1184,Billing,LOGIN,2026-06-09 07:14:39,2026-06-09 07:14:52
EVT-101328,USR-1181,Radiology,DISPENSE_MED,2026-07-22 03:46:39,2026-07-22 03:46:55
EVT-100920,USR-1110,Patient Records,RUN_TEST,2026-07-09 22:27:39,2026-07-09 22:27:57
EVT-102241,USR-1096,Radiology,LOGIN,2026-06-13 09:16:39,2026-06-13 09:16:56
EVT-102562,USR-1070,Pharmacy,RUN_TEST,2026-09-02 13:43:39,2026-09-02 13:43:50
EVT-103052,USR-1184,Billing,DISPENSE_MED,2026-07-28 13:22:39,2026-07-28 13:23:00
EVT-100805,USR-1127,Laboratory,EXPORT_REPORT,2026-08-21 03:00:39,2026-08-21 03:00:41
EVT-104414,USR-1036,Pharmacy,DELETE_LOG,2026-07-28 11:59:39,2026-07-28 11:59:54
EVT-103217,USR-1088,HR,VIEW_RECORD,2026-08-16 21:00:39,2026-08-16 21:00:54
EVT-104810,USR-1167,Administration,VIEW_RECORD,2026-07-09 10:53:39,2026-07-09 10:54:04
EVT-101875,USR-1088,Administration,DELETE_LOG,2026-06-20 14:37:39,2026-06-20 14:38:09
EVT-102626,USR-1141,HR,RUN_TEST,2026-06-06 08:07:39,2026-06-06 08:07:40
EVT-100642,USR-1176,Patient Records,EXPORT_REPORT,2026-08-01 20:05:39,2026-08-01 20:06:01
EVT-100336,USR-1071,Pharmacy,EDIT_RECORD,2026-08-11 10:36:39,2026-08-11 10:36:42
EVT-101945,USR-1017,Laboratory,LOGIN,2026-08-10 10:37:39,2026-08-10 10:37:47
EVT-101388,USR-1026,Billing,VIEW_RECORD,2026-07-14 00:19:39,2026-07-14 00:20:03
EVT-103378,USR-1054,Administration,EXPORT_REPORT,2026-09-01 18:36:39,2026-09-01 18:36:55
EVT-101220,USR-1146,Patient Records,EXPORT_REPORT,2026-06-17 22:29:39,2026-06-17 22:30:01
EVT-104556,USR-1158,Pharmacy,VIEW_RECORD,2026-07-08 05:17:39,2026-07-08 05:17:55
EVT-102427,USR-1111,Billing,DISPENSE_MED,2026-06-21 15:45:39,2026-06-21 15:46:03
EVT-102023,USR-1039,Radiology,RUN_TEST,2026-08-06 00:19:39,2026-08-06 00:20:08
EVT-105141,USR-1037,HR,LOGIN,2026-07-11 15:36:39,2026-07-11 15:36:56
EVT-103538,USR-1028,Patient Records,EXPORT_REPORT,2026-06-14 13:36:39,2026-06-14 13:36:57
EVT-104001,USR-1187,Laboratory,LOGIN,2026-06-14 21:39:39,2026-06-14 21:39:42
EVT-100830,USR-1143,Billing,DELETE_LOG,2026-06-24 23:59:39,2026-06-24 23:59:43
EVT-101187,USR-1187,Laboratory,LOGIN,2026-07-07 05:57:39,2026-07-07 05:58:09
EVT-104417,USR-1189,Patient Records,EXPORT_REPORT,2026-06-21 22:07:39,2026-06-21 22:07:53
EVT-100903,USR-1200,Patient Records,DELETE_LOG,2026-06-21 14:03:39,2026-06-21 14:04:11
EVT-104870,USR-1152,Patient Records,VIEW_RECORD,2026-08-25 17:15:39,2026-08-25 17:16:00
EVT-104679,USR-1096,Radiology,DELETE_LOG,2026-06-26 01:24:39,2026-06-26 01:25:03
EVT-104938,USR-1057,Pharmacy,VIEW_RECORD,2026-07-31 14:33:39,2026-07-31 14:34:00
EVT-104459,USR-1138,Patient Records,VIEW_RECORD,2026-06-11 16:16:39,2026-06-11 16:17:05
EVT-105148,USR-1170,Radiology,EXPORT_REPORT,2026-08-26 07:43:39,2026-08-26 07:43:54
EVT-102597,USR-1058,Radiology,VIEW_RECORD,2026-06-10 00:18:39,2026-06-10 00:19:02
EVT-103121,USR-1115,Pharmacy,RUN_TEST,2026-06-22 01:28:39,2026-06-23 22:45:39
EVT-100522,USR-1171,Laboratory,DISPENSE_MED,2026-06-12 11:39:39,2026-06-12 11:40:06
EVT-101671,USR-1099,Patient Records,EDIT_RECORD,2026-07-16 04:38:39,2026-07-16 04:38:55
EVT-102867,USR-1058,Laboratory,VIEW_RECORD,2026-08-12 09:02:39,2026-08-12 09:02:53
EVT-102824,USR-1034,Patient Records,EXPORT_REPORT,2026-07-12 10:10:39,2026-07-12 10:10:51
EVT-103672,USR-1066,Pharmacy,DISPENSE_MED,2026-07-29 13:55:39,2026-07-29 13:55:42
EVT-102378,USR-1051,Administration,LOGIN,2026-08-14 04:36:39,2026-08-14 04:37:06
EVT-104377,USR-1077,HR,RUN_TEST,2026-06-29 21:37:39,2026-06-29 21:37:47
EVT-103617,USR-1083,Patient Records,DELETE_LOG,2026-06-11 12:00:39,2026-06-11 12:00:58
EVT-101385,USR-1064,Pharmacy,VIEW_RECORD,2026-07-25 06:20:39,2026-07-25 06:21:03
EVT-100956,USR-1126,Patient Records,VIEW_RECORD,2026-07-19 16:58:39,2026-07-19 16:58:57
EVT-102732,USR-1086,Pharmacy,LOGIN,2026-07-21 00:58:39,2026-07-21 00:58:41
EVT-104921,USR-1017,Laboratory,LOGIN,2026-06-28 15:17:39,2026-06-28 15:18:05
EVT-102948,USR-1189,HR,DISPENSE_MED,2026-08-06 12:04:39,2026-08-06 12:04:42
EVT-103621,USR-1196,Billing,LOGIN,2026-07-13 09:16:39,2026-07-13 09:16:55
EVT-101614,USR-1027,Billing,DISPENSE_MED,2026-07-10 03:07:39,2026-07-11 21:51:39
EVT-103133,USR-1159,Radiology,EDIT_RECORD,2026-06-19 06:33:39,2026-06-19 06:34:04
EVT-101556,USR-1035,Radiology,DELETE_LOG,2026-07-15 12:55:39,2026-07-15 12:56:00
EVT-103185,USR-1055,HR,DELETE_LOG,2026-06-08 16:41:39,2026-06-08 16:41:57
EVT-101809,USR-1194,Patient Records,EXPORT_REPORT,2026-08-07 07:28:39,2026-08-07 07:29:04
EVT-103553,USR-1198,Billing,RUN_TEST,2026-07-09 10:26:39,2026-07-09 10:26:55
EVT-100653,USR-1162,Patient Records,DISPENSE_MED,2026-07-11 01:25:39,2026-07-11 01:25:57
EVT-103245,USR-1130,Laboratory,DELETE_LOG,2026-06-19 14:20:39,2026-06-19 14:21:05
EVT-102859,USR-1076,Billing,DELETE_LOG,2026-09-02 18:11:39,2026-09-02 18:12:01
EVT-102383,USR-1121,Pharmacy,VIEW_RECORD,2026-06-19 09:43:39,2026-06-19 09:44:04
EVT-105053,USR-1021,HR,VIEW_RECORD,2026-07-05 01:58:39,2026-07-05 01:59:00
EVT-101021,USR-1118,HR,DELETE_LOG,2026-07-29 03:35:39,2026-07-29 03:36:02
EVT-104282,USR-1078,Administration,LOGIN,2026-07-12 06:22:39,2026-07-12 06:22:48
EVT-101514,USR-1099,Administration,LOGIN,2026-07-14 19:26:39,2026-07-14 19:26:59
EVT-104038,USR-1051,Pharmacy,EXPORT_REPORT,2026-06-14 08:39:39,2026-06-14 08:39:55
EVT-101937,USR-1188,Patient Records,EXPORT_REPORT,2026-07-27 04:38:39,2026-07-27 04:38:54
EVT-104642,USR-1030,HR,LOGIN,2026-06-13 10:04:39,2026-06-13 10:05:02
EVT-100432,USR-1056,Billing,EDIT_RECORD,2026-07-02 07:50:39,2026-07-02 07:50:57
EVT-103834,USR-1001,Pharmacy,DISPENSE_MED,2026-08-27 22:26:39,2026-08-27 22:26:43
EVT-101706,USR-1103,Pharmacy,DISPENSE_MED,2026-08-26 02:57:39,2026-08-26 02:57:54
EVT-101707,USR-1083,HR,EDIT_RECORD,2026-07-20 00:09:39,2026-07-20 00:10:02
EVT-102538,USR-1119,Billing,EXPORT_REPORT,2026-06-21 19:20:39,2026-06-21 19:20:50
EVT-100249,USR-1008,Administration,LOGIN,2026-08-05 04:53:39,2026-08-05 04:53:42
EVT-104415,USR-1155,Billing,EDIT_RECORD,2026-08-06 02:52:39,2026-08-06 02:53:02
EVT-102620,USR-1157,Laboratory,DISPENSE_MED,2026-06-09 16:52:39,2026-06-09 16:52:51
EVT-103609,USR-1065,Radiology,EXPORT_REPORT,2026-07-17 04:03:39,2026-07-17 04:03:41
EVT-103226,USR-1189,HR,EXPORT_REPORT,2026-06-21 21:36:39,2026-06-21 21:37:02
EVT-101515,USR-1078,Administration,LOGIN,2026-06-30 01:57:39,2026-06-30 01:57:59
EVT-100646,USR-1017,Patient Records,VIEW_RECORD,2026-08-07 19:02:39,2026-08-07 19:03:08
EVT-101598,USR-1089,Radiology,EDIT_RECORD,2026-08-15 09:46:39,2026-08-15 09:47:05
EVT-103130,USR-1146,Patient Records,LOGIN,2026-08-26 04:53:39,2026-08-26 04:54:04
EVT-101999,USR-1159,Administration,EDIT_RECORD,2026-06-11 11:31:39,2026-06-11 11:32:07
EVT-101096,USR-1145,Laboratory,VIEW_RECORD,2026-06-11 19:32:39,2026-06-11 19:32:54
EVT-103893,USR-1096,Administration,DISPENSE_MED,2026-08-24 10:23:39,2026-08-24 16:27:39
EVT-102305,USR-1116,HR,EXPORT_REPORT,2026-08-17 11:45:39,2026-08-17 11:46:04
EVT-101362,USR-1117,Pharmacy,LOGIN,2026-06-08 20:46:39,2026-06-08 20:47:05
EVT-101520,USR-1193,Radiology,RUN_TEST,2026-06-30 02:54:39,2026-07-02 18:24:39
EVT-103409,USR-1015,Administration,LOGIN,2026-07-24 14:52:39,2026-07-24 14:52:45
EVT-103610,USR-1078,Pharmacy,DELETE_LOG,2026-06-11 21:25:39,2026-06-11 21:26:06
EVT-100728,USR-1134,Patient Records,EXPORT_REPORT,2026-07-03 09:39:39,2026-07-03 09:40:09
EVT-102820,USR-1139,Laboratory,DISPENSE_MED,2026-07-08 01:06:39,2026-07-08 01:06:41
EVT-103563,USR-1032,Radiology,DELETE_LOG,2026-07-07 03:25:39,2026-07-08 23:02:39
EVT-103465,USR-1036,Pharmacy,LOGIN,2026-07-15 02:49:39,2026-07-15 02:50:04
EVT-103172,USR-1148,Laboratory,DISPENSE_MED,2026-08-24 19:33:39,2026-08-24 19:33:44
EVT-101658,USR-1148,Laboratory,EDIT_RECORD,2026-07-07 21:26:39,2026-07-07 21:26:59
EVT-105015,USR-1139,Laboratory,DISPENSE_MED,2026-08-10 18:21:39,2026-08-10 18:22:00
EVT-103353,USR-1187,Pharmacy,EDIT_RECORD,2026-06-27 15:06:39,2026-06-27 15:06:43
EVT-101933,USR-1189,Patient Records,DISPENSE_MED,2026-07-21 05:51:39,2026-07-21 05:51:52
EVT-102548,USR-1061,Patient Records,DISPENSE_MED,2026-08-23 03:12:39,2026-08-23 03:12:47
EVT-104661,USR-1038,Patient Records,LOGIN,2026-07-09 02:48:39,2026-07-09 02:48:54
EVT-103622,USR-1124,Pharmacy,VIEW_RECORD,2026-07-03 08:29:39,2026-07-03 08:29:42
EVT-103267,USR-1126,Laboratory,EDIT_RECORD,2026-08-26 19:01:39,2026-08-26 19:01:56
EVT-102610,USR-1007,Pharmacy,EXPORT_REPORT,2026-08-18 21:59:39,2026-08-18 21:59:43
EVT-105184,USR-1031,Radiology,DELETE_LOG,2026-08-28 12:26:39,2026-08-28 12:26:45
EVT-102347,USR-1015,Administration,LOGIN,2026-06-24 13:41:39,2026-06-24 19:34:39
EVT-103842,USR-1091,Administration,RUN_TEST,2026-08-05 08:19:39,2026-08-05 08:19:51
EVT-101134,USR-1115,Administration,VIEW_RECORD,2026-09-02 17:48:39,2026-09-02 17:48:42
EVT-104051,USR-1030,Laboratory,LOGIN,2026-06-28 18:15:39,2026-06-28 18:15:58
EVT-102561,USR-1061,Patient Records,VIEW_RECORD,2026-06-25 21:50:39,2026-06-25 21:50:50
EVT-103088,USR-1073,Administration,LOGIN,2026-06-18 00:28:39,2026-06-18 00:29:02
EVT-104539,USR-1033,Billing,LOGIN,2026-07-31 11:23:39,2026-07-31 11:24:04
EVT-104320,USR-1122,Administration,EDIT_RECORD,2026-07-17 17:39:39,2026-07-17 17:39:52
EVT-100934,USR-1078,Billing,EDIT_RECORD,2026-07-18 13:31:39,2026-07-18 13:31:52
EVT-104623,USR-1185,HR,LOGIN,2026-06-15 01:58:39,2026-06-15 01:59:03
EVT-101792,USR-1135,Radiology,DELETE_LOG,2026-06-18 12:16:39,2026-06-18 12:16:47
EVT-103110,USR-1029,Radiology,EXPORT_REPORT,2026-07-21 20:42:39,2026-07-21 20:43:13
EVT-101461,USR-1137,Laboratory,LOGIN,2026-08-12 23:44:39,2026-08-12 23:44:58
EVT-102390,USR-1086,Pharmacy,EXPORT_REPORT,2026-08-21 00:36:39,2026-08-21 00:36:59
EVT-101436,USR-1132,Laboratory,LOGIN,2026-06-08 07:07:39,2026-06-08 07:07:54
EVT-100224,USR-1024,Pharmacy,DELETE_LOG,2026-07-05 21:11:39,2026-07-05 21:11:40
EVT-103054,USR-1159,Administration,EXPORT_REPORT,2026-08-15 18:30:39,2026-08-15 18:31:00
EVT-105132,USR-1044,HR,DELETE_LOG,2026-08-10 12:47:39,2026-08-10 12:47:55
EVT-103788,USR-1023,Billing,VIEW_RECORD,2026-07-02 06:02:39,2026-07-02 06:02:52
EVT-100792,USR-1087,Radiology,EXPORT_REPORT,2026-06-16 15:08:39,2026-06-16 15:09:00
EVT-101759,USR-1042,Billing,DELETE_LOG,2026-07-31 19:02:39,2026-07-31 19:03:06
EVT-101762,USR-1197,Radiology,EDIT_RECORD,2026-07-21 03:56:39,2026-07-21 03:56:49
EVT-102098,USR-1091,Laboratory,LOGIN,2026-07-22 09:59:39,2026-07-22 09:59:43
EVT-102391,USR-1062,Billing,DELETE_LOG,2026-08-16 11:03:39,2026-08-16 11:03:52
EVT-INV-25,,UnknownApp,INVALID_ACTION,INVALID_DATE,2026-09-03 20:45:39
EVT-100710,USR-1096,Radiology,EXPORT_REPORT,2026-07-05 19:58:39,2026-07-05 19:59:00
EVT-104193,USR-1068,Radiology,EXPORT_REPORT,2026-06-18 19:09:39,2026-06-18 19:09:43
EVT-103249,USR-1069,Pharmacy,VIEW_RECORD,2026-07-03 20:21:39,2026-07-03 20:22:07
EVT-101754,USR-1141,Radiology,EDIT_RECORD,2026-06-26 16:43:39,2026-06-26 16:44:04
EVT-101814,USR-1196,Billing,VIEW_RECORD,2026-06-19 06:38:39,2026-06-19 06:38:47
EVT-102497,USR-1157,Laboratory,RUN_TEST,2026-08-29 07:43:39,2026-08-29 07:43:41
EVT-101221,USR-1200,Pharmacy,DELETE_LOG,2026-08-21 10:19:39,2026-08-21 10:19:53
EVT-103294,USR-1165,Administration,DISPENSE_MED,2026-06-24 01:54:39,2026-06-24 01:55:01
EVT-103165,USR-1104,Patient Records,DISPENSE_MED,2026-07-31 09:25:39,2026-07-31 09:26:01
EVT-101223,USR-1044,Billing,DISPENSE_MED,2026-08-18 12:21:39,2026-08-18 12:21:43
EVT-104416,USR-1022,Patient Records,DISPENSE_MED,2026-08-13 16:39:39,2026-08-13 16:39:54
EVT-102051,USR-1143,Billing,DELETE_LOG,2026-06-26 13:41:39,2026-06-26 13:42:03
EVT-100761,USR-1046,Billing,EXPORT_REPORT,2026-07-15 09:52:39,2026-07-15 09:52:41
EVT-103642,USR-1045,Laboratory,EDIT_RECORD,2026-06-30 04:27:39,2026-06-30 04:28:05
EVT-100888,USR-1003,Administration,DISPENSE_MED,2026-08-09 23:43:39,2026-08-09 23:44:06
EVT-100518,USR-1131,Patient Records,LOGIN,2026-08-15 00:48:39,2026-08-15 00:48:47
EVT-101366,USR-1073,Administration,DISPENSE_MED,2026-07-29 09:05:39,2026-07-29 09:05:46
EVT-103794,USR-1093,Pharmacy,LOGIN,2026-06-18 23:13:39,2026-06-18 23:13:55
EVT-102783,USR-1163,Laboratory,EDIT_RECORD,2026-06-08 04:38:39,2026-06-08 04:38:47
EVT-101687,USR-1038,HR,LOGIN,2026-06-07 14:55:39,2026-06-08 13:00:39
EVT-101375,USR-1129,Patient Records,EXPORT_REPORT,2026-08-03 05:43:39,2026-08-03 05:43:51
EVT-103823,USR-1112,HR,EDIT_RECORD,2026-07-10 01:03:39,2026-07-10 01:03:40
EVT-102449,USR-1017,Patient Records,RUN_TEST,2026-07-16 20:55:39,2026-07-16 20:55:59
EVT-103003,USR-1187,Pharmacy,EXPORT_REPORT,2026-07-21 22:22:39,2026-07-21 22:22:47
EVT-103472,USR-1065,HR,VIEW_RECORD,2026-08-07 17:28:39,2026-08-07 17:28:50
EVT-INV-11,,Patient Records,INVALID_ACTION,2026-09-03 20:45:39,2026-09-03 20:45:39
EVT-100880,USR-1180,Laboratory,EDIT_RECORD,2026-07-15 10:22:39,2026-07-15 10:23:01
EVT-103263,USR-1093,Radiology,EDIT_RECORD,2026-07-20 05:24:39,2026-07-20 05:24:41
EVT-100479,USR-1051,Patient Records,VIEW_RECORD,2026-07-12 18:14:39,2026-07-12 18:15:05
EVT-101552,USR-1006,Patient Records,EXPORT_REPORT,2026-08-19 01:16:39,2026-08-19 01:16:50
EVT-103509,USR-1125,Patient Records,EDIT_RECORD,2026-06-08 19:47:39,2026-06-08 19:48:07
EVT-100744,USR-1096,Administration,RUN_TEST,2026-09-02 05:37:39,2026-09-02 23:32:39
EVT-104190,USR-1153,Patient Records,RUN_TEST,2026-07-05 22:43:39,2026-07-05 22:43:41
EVT-100714,USR-1088,Administration,VIEW_RECORD,2026-08-15 15:01:39,2026-08-15 15:02:05
EVT-102629,USR-1075,Laboratory,LOGIN,2026-07-21 07:11:39,2026-07-21 07:11:45
EVT-103761,USR-1004,Pharmacy,RUN_TEST,2026-08-31 03:00:39,2026-08-31 03:00:44
EVT-101279,USR-1010,HR,RUN_TEST,2026-06-28 22:12:39,2026-06-28 22:13:19
EVT-100272,USR-1058,Radiology,EXPORT_REPORT,2026-07-12 03:32:39,2026-07-12 03:33:00
EVT-102359,USR-1178,Patient Records,EXPORT_REPORT,2026-08-27 09:13:39,2026-08-27 09:14:02
EVT-100916,USR-1186,Patient Records,RUN_TEST,2026-08-18 21:19:39,2026-08-18 21:19:44
EVT-100857,USR-1002,HR,EXPORT_REPORT,2026-09-01 14:34:39,2026-09-01 14:35:05
EVT-101257,USR-1072,Billing,RUN_TEST,2026-08-11 15:46:39,2026-08-11 15:47:00
EVT-102189,USR-1147,Patient Records,DISPENSE_MED,2026-08-01 06:32:39,2026-08-01 06:32:47
EVT-105163,USR-1086,Patient Records,LOGIN,2026-08-14 02:55:39,2026-08-14 02:56:04
EVT-100851,USR-1130,Radiology,DELETE_LOG,2026-08-22 06:09:39,2026-08-22 06:09:54
EVT-103106,USR-1105,Patient Records,EXPORT_REPORT,2026-07-17 04:27:39,2026-07-17 04:28:09
EVT-103949,USR-1004,Laboratory,EXPORT_REPORT,2026-08-30 08:01:39,2026-08-30 08:01:52
EVT-100310,USR-1006,Pharmacy,EXPORT_REPORT,2026-08-19 15:19:39,2026-08-19 15:20:03
EVT-104052,USR-1053,HR,EXPORT_REPORT,2026-06-14 09:32:39,2026-06-14 09:33:06
EVT-103103,USR-1162,Patient Records,VIEW_RECORD,2026-07-30 13:25:39,2026-07-30 13:25:57
EVT-102515,USR-1033,Laboratory,EDIT_RECORD,2026-08-29 12:42:39,2026-08-29 12:43:09
EVT-103989,USR-1194,HR,EXPORT_REPORT,2026-08-11 23:38:39,2026-08-11 23:39:09
EVT-102717,USR-1106,HR,LOGIN,2026-08-01 07:28:39,2026-08-01 07:29:09
EVT-105080,USR-1101,Administration,EXPORT_REPORT,2026-07-16 13:52:39,2026-07-16 13:53:04
EVT-104510,USR-1158,Pharmacy,RUN_TEST,2026-06-22 11:35:39,2026-06-22 11:35:40
EVT-102683,USR-1152,Patient Records,DISPENSE_MED,2026-08-20 10:55:39,2026-08-20 10:56:07
EVT-100573,USR-1032,Patient Records,LOGIN,2026-07-30 22:42:39,2026-07-30 22:43:07
EVT-104605,USR-1099,Administration,DELETE_LOG,2026-06-14 20:53:39,2026-06-14 20:54:00
EVT-101526,USR-1179,Patient Records,EDIT_RECORD,2026-09-02 09:23:39,2026-09-02 09:23:49
EVT-100194,USR-1027,Patient Records,RUN_TEST,2026-07-28 02:59:39,2026-07-28 02:59:50
EVT-100722,USR-1075,Laboratory,EXPORT_REPORT,2026-07-10 22:22:39,2026-07-10 22:23:01
EVT-102724,USR-1160,Laboratory,DISPENSE_MED,2026-07-15 18:59:39,2026-07-18 08:16:39
EVT-100755,USR-1081,Pharmacy,LOGIN,2026-08-19 17:54:39,2026-08-19 17:55:03
EVT-104607,USR-1009,Radiology,RUN_TEST,2026-06-28 08:04:39,2026-06-28 08:04:58
EVT-102405,USR-1183,Laboratory,LOGIN,2026-06-25 15:03:39,2026-06-25 15:03:55
EVT-103923,USR-1051,Patient Records,DISPENSE_MED,2026-06-24 17:21:39,2026-06-24 17:21:51
EVT-100017,USR-1172,Radiology,VIEW_RECORD,2026-07-20 08:40:39,2026-07-20 08:41:09
EVT-100130,USR-1051,Pharmacy,VIEW_RECORD,2026-08-25 03:31:39,2026-08-25 03:31:40
EVT-104322,USR-1039,Radiology,DISPENSE_MED,2026-06-08 03:13:39,2026-06-10 15:57:39
EVT-103683,USR-1182,Laboratory,RUN_TEST,2026-07-26 06:17:39,2026-07-26 06:17:57
EVT-102277,USR-1018,Patient Records,RUN_TEST,2026-06-28 14:21:39,2026-06-28 14:21:56
EVT-104731,USR-1164,Administration,RUN_TEST,2026-08-19 15:32:39,2026-08-19 15:32:42
EVT-103436,USR-1072,Administration,DELETE_LOG,2026-08-26 06:17:39,2026-08-26 06:17:49
EVT-103547,USR-1130,Radiology,EXPORT_REPORT,2026-06-16 00:07:39,2026-06-16 00:08:06
EVT-102128,USR-1053,HR,LOGIN,2026-06-16 20:49:39,2026-06-16 20:49:51
EVT-104414,USR-1036,Pharmacy,DELETE_LOG,2026-07-28 11:59:39,2026-07-28 11:59:44
EVT-100843,USR-1110,HR,LOGIN,2026-08-01 01:17:39,2026-08-01 01:17:51
EVT-101024,USR-1104,HR,EXPORT_REPORT,2026-06-23 03:00:39,2026-06-23 03:00:59
EVT-104307,USR-1066,Pharmacy,VIEW_RECORD,2026-08-20 12:16:39,2026-08-20 12:16:40
EVT-104093,USR-1183,Pharmacy,DELETE_LOG,2026-07-18 02:06:39,2026-07-18 02:06:42
EVT-100391,USR-1116,Laboratory,EDIT_RECORD,2026-06-17 08:06:39,2026-06-17 08:06:57
EVT-100079,USR-1094,Laboratory,EXPORT_REPORT,2026-07-30 02:30:39,2026-07-30 02:31:04
EVT-100581,USR-1103,Radiology,DISPENSE_MED,2026-07-09 17:02:39,2026-07-09 17:03:04
EVT-102320,USR-1156,Patient Records,VIEW_RECORD,2026-08-07 07:00:39,2026-08-07 07:00:48
EVT-102412,USR-1048,Pharmacy,EDIT_RECORD,2026-08-14 10:02:39,2026-08-14 10:02:42
EVT-103026,USR-1167,HR,VIEW_RECORD,2026-08-08 18:58:39,2026-08-08 18:59:05
EVT-104511,USR-1079,Laboratory,VIEW_RECORD,2026-08-24 02:24:39,2026-08-24 02:24:41
EVT-101049,USR-1191,HR,LOGIN,2026-08-13 01:08:39,2026-08-13 01:08:45
EVT-100309,USR-1143,HR,DELETE_LOG,2026-07-30 23:43:39,2026-07-30 23:43:54
EVT-101291,USR-1152,Patient Records,RUN_TEST,2026-07-03 12:05:39,2026-07-03 12:06:08
EVT-100423,USR-1018,Patient Records,DELETE_LOG,2026-09-02 17:37:39,2026-09-02 17:37:53
EVT-104086,USR-1134,HR,LOGIN,2026-07-06 00:44:39,2026-07-06 00:44:56
EVT-103473,USR-1155,Patient Records,EXPORT_REPORT,2026-07-10 08:47:39,2026-07-10 08:48:00
EVT-101675,USR-1024,Laboratory,LOGIN,2026-08-10 07:04:39,2026-08-10 07:05:03
EVT-103639,USR-1181,Radiology,RUN_TEST,2026-07-05 08:13:39,2026-07-05 08:13:44
EVT-104878,USR-1140,Laboratory,LOGIN,2026-07-12 04:33:39,2026-07-12 04:34:04
EVT-100629,USR-1081,Billing,LOGIN,2026-08-13 04:40:39,2026-08-13 04:41:04
EVT-103229,USR-1196,Radiology,DISPENSE_MED,2026-08-20 12:55:39,2026-08-20 12:55:59
EVT-101185,USR-1006,Pharmacy,DISPENSE_MED,2026-08-26 15:11:39,2026-08-26 15:11:50
EVT-100393,USR-1156,Patient Records,EDIT_RECORD,2026-08-30 00:50:39,2026-08-30 00:51:05
EVT-100392,USR-1169,Patient Records,VIEW_RECORD,2026-07-23 14:40:39,2026-07-23 14:41:01
EVT-103787,USR-1028,HR,DISPENSE_MED,2026-07-09 18:04:39,2026-07-09 18:04:59
EVT-101181,USR-1064,Administration,DISPENSE_MED,2026-06-30 17:09:39,2026-07-02 15:43:39
EVT-104588,USR-1023,HR,DISPENSE_MED,2026-07-20 16:00:39,2026-07-20 16:00:55
EVT-100566,USR-1096,Radiology,LOGIN,2026-07-20 12:34:39,2026-07-20 12:34:45
EVT-101338,USR-1122,Administration,LOGIN,2026-07-31 05:52:39,2026-07-31 05:52:49
EVT-104353,USR-1156,Pharmacy,DISPENSE_MED,2026-06-17 23:01:39,2026-06-17 23:02:04
EVT-100078,USR-1079,Laboratory,RUN_TEST,2026-07-02 08:28:39,2026-07-02 08:28:41
EVT-102849,USR-1003,Billing,DISPENSE_MED,2026-08-31 19:30:39,2026-08-31 19:30:57
EVT-101373,USR-1172,HR,VIEW_RECORD,2026-08-10 05:59:39,2026-08-10 05:59:41
EVT-102832,USR-1156,Pharmacy,EXPORT_REPORT,2026-08-23 04:18:39,2026-08-23 04:19:01
EVT-104580,USR-1185,Laboratory,VIEW_RECORD,2026-07-22 04:22:39,2026-07-22 04:22:46
EVT-104124,USR-1075,Administration,DISPENSE_MED,2026-06-08 00:00:39,2026-06-08 00:00:46
EVT-101769,USR-1165,Radiology,EXPORT_REPORT,2026-07-17 18:59:39,2026-07-17 19:00:06
EVT-104262,USR-1112,HR,LOGIN,2026-07-23 23:02:39,2026-07-23 23:03:02
EVT-100758,USR-1088,Administration,DELETE_LOG,2026-06-19 23:13:39,2026-06-19 23:13:50
EVT-104736,USR-1065,HR,DISPENSE_MED,2026-09-02 11:07:39,2026-09-02 11:07:45
EVT-100800,USR-1168,Radiology,DISPENSE_MED,2026-06-14 02:54:39,2026-06-14 02:55:07
EVT-100757,USR-1086,Administration,DISPENSE_MED,2026-07-12 14:19:39,2026-07-12 14:19:49
EVT-104331,USR-1187,Pharmacy,DISPENSE_MED,2026-08-15 22:34:39,2026-08-15 22:34:40
EVT-103863,USR-1189,Laboratory,LOGIN,2026-06-30 18:29:39,2026-06-30 18:30:04
EVT-101656,USR-1056,Pharmacy,LOGIN,2026-08-14 20:24:39,2026-08-14 20:25:08
EVT-100051,USR-1037,Laboratory,RUN_TEST,2026-08-02 06:47:39,2026-08-02 06:48:02
EVT-100804,USR-1002,HR,DISPENSE_MED,2026-08-29 06:29:39,2026-08-29 06:29:41
EVT-103565,USR-1007,Laboratory,LOGIN,2026-07-18 13:42:39,2026-07-18 13:42:48
EVT-104741,USR-1189,Pharmacy,RUN_TEST,2026-09-01 19:23:39,2026-09-01 19:23:45
EVT-100735,USR-1160,Radiology,DISPENSE_MED,2026-07-05 17:06:39,2026-07-05 17:07:06
EVT-102425,USR-1036,Pharmacy,LOGIN,2026-07-13 11:17:39,2026-07-13 11:18:14
EVT-104635,USR-1172,Radiology,DELETE_LOG,2026-07-17 09:12:39,2026-07-17 09:12:58
EVT-103646,USR-1099,Administration,LOGIN,2026-06-25 04:46:39,2026-06-25 04:46:54
EVT-102956,USR-1065,Laboratory,EXPORT_REPORT,2026-08-18 13:54:39,2026-08-18 13:55:09
EVT-103313,USR-1115,Patient Records,VIEW_RECORD,2026-08-22 14:29:39,2026-08-22 14:29:50
EVT-101002,USR-1122,HR,RUN_TEST,2026-07-19 04:33:39,2026-07-19 04:33:42
EVT-104683,USR-1115,Pharmacy,DELETE_LOG,2026-08-25 05:57:39,2026-08-25 05:58:06
EVT-104587,USR-1062,Billing,EXPORT_REPORT,2026-07-22 07:45:39,2026-07-22 07:45:48
EVT-104638,USR-1041,Billing,LOGIN,2026-07-03 01:15:39,2026-07-03 01:16:06
EVT-103367,USR-1096,Radiology,RUN_TEST,2026-07-07 10:50:39,2026-07-07 10:50:59
EVT-101753,USR-1142,Billing,EXPORT_REPORT,2026-08-25 04:43:39,2026-08-25 04:44:01
EVT-104345,USR-1086,Patient Records,EXPORT_REPORT,2026-06-16 11:32:39,2026-06-16 11:33:04
EVT-100010,USR-1159,Administration,RUN_TEST,2026-07-18 10:47:39,2026-07-18 10:47:55
EVT-102670,USR-1088,Administration,EDIT_RECORD,2026-06-29 16:17:39,2026-06-29 16:17:54
EVT-102245,USR-1083,Pharmacy,VIEW_RECORD,2026-07-22 07:54:39,2026-07-22 07:54:42
EVT-104589,USR-1042,Billing,EXPORT_REPORT,2026-07-31 09:02:39,2026-07-31 09:02:58
EVT-101666,USR-1162,Patient Records,DISPENSE_MED,2026-07-12 18:50:39,2026-07-14 06:37:39
EVT-100217,USR-1070,HR,VIEW_RECORD,2026-08-17 13:14:39,2026-08-17 13:14:55
EVT-104054,USR-1112,HR,RUN_TEST,2026-07-15 06:38:39,2026-07-15 06:38:56
EVT-103117,USR-1061,Billing,LOGIN,2026-06-07 14:40:39,2026-06-07 14:40:54
EVT-104624,USR-1008,Administration,RUN_TEST,2026-07-06 02:12:39,2026-07-06 02:13:06
EVT-100528,USR-1136,Patient Records,VIEW_RECORD,2026-08-15 18:21:39,2026-08-15 18:21:42
EVT-104564,USR-1141,Patient Records,LOGIN,2026-08-04 06:47:39,2026-08-04 06:47:56
EVT-104914,USR-1134,Laboratory,DISPENSE_MED,2026-06-11 10:04:39,2026-06-12 15:02:39
EVT-101312,USR-1093,Patient Records,EXPORT_REPORT,2026-08-12 02:20:39,2026-08-12 02:20:52
EVT-104826,USR-1057,HR,DISPENSE_MED,2026-06-29 20:05:39,2026-07-01 15:47:39
EVT-102585,USR-1051,Administration,DELETE_LOG,2026-07-08 20:09:39,2026-07-08 20:09:52
EVT-101661,USR-1020,Billing,EXPORT_REPORT,2026-08-13 03:29:39,2026-08-13 03:30:01
EVT-102751,USR-1159,Billing,LOGIN,2026-07-25 07:27:39,2026-07-25 07:28:00
EVT-104841,USR-1042,Billing,DISPENSE_MED,2026-06-18 06:53:39,2026-06-18 06:53:56
EVT-100186,USR-1133,Radiology,LOGIN,2026-07-21 20:11:39,2026-07-21 20:11:59
EVT-100399,USR-1090,Laboratory,VIEW_RECORD,2026-08-20 11:30:39,2026-08-20 11:30:55
EVT-101869,USR-1196,Billing,VIEW_RECORD,2026-08-04 22:44:39,2026-08-04 22:45:04
EVT-102248,USR-1053,Administration,DELETE_LOG,2026-06-13 11:47:39,2026-06-13 11:48:08
EVT-100318,USR-1138,Laboratory,LOGIN,2026-08-26 00:04:39,2026-08-26 00:05:00
EVT-102247,USR-1158,Radiology,DISPENSE_MED,2026-08-07 13:29:39,2026-08-07 13:29:58
EVT-103271,USR-1045,Laboratory,EDIT_RECORD,2026-06-21 02:00:39,2026-06-21 02:00:58
EVT-103585,USR-1018,Billing,RUN_TEST,2026-07-15 17:50:39,2026-07-15 17:51:08
EVT-104384,USR-1150,Laboratory,LOGIN,2026-07-24 12:04:39,2026-07-24 12:05:07
EVT-104276,USR-1018,Radiology,EXPORT_REPORT,2026-06-26 11:01:39,2026-06-26 11:02:02
EVT-100426,USR-1147,Patient Records,EXPORT_REPORT,2026-07-24 01:26:39,2026-07-24 01:27:03
EVT-102586,USR-1106,HR,DISPENSE_MED,2026-07-23 22:36:39,2026-07-23 22:36:54
EVT-104020,USR-1141,HR,EXPORT_REPORT,2026-06-28 05:18:39,2026-06-28 05:18:51
EVT-101690,USR-1038,HR,LOGIN,2026-06-23 01:36:39,2026-06-23 01:36:54
EVT-102191,USR-1192,Billing,VIEW_RECORD,2026-08-08 04:44:39,2026-08-08 04:44:40
EVT-101972,USR-1169,Patient Records,VIEW_RECORD,2026-07-31 01:22:39,2026-08-02 23:13:39
EVT-101775,USR-1178,Administration,RUN_TEST,2026-07-16 15:56:39,2026-07-16 15:56:47
EVT-100938,USR-1083,HR,LOGIN,2026-06-24 15:02:39,2026-06-24 15:03:09
EVT-105179,USR-1033,Billing,RUN_TEST,2026-08-22 07:11:39,2026-08-22 07:11:43
EVT-100266,USR-1110,Patient Records,EDIT_RECORD,2026-06-12 06:16:39,2026-06-12 06:16:53
EVT-100378,USR-1047,Billing,LOGIN,2026-08-09 22:26:39,2026-08-09 22:26:53
EVT-101330,USR-1163,HR,RUN_TEST,2026-08-17 20:33:39,2026-08-17 20:34:04
EVT-100346,USR-1004,Administration,DISPENSE_MED,2026-08-10 14:43:39,2026-08-10 14:43:50
EVT-103876,USR-1133,Radiology,RUN_TEST,2026-06-25 04:40:39,2026-06-25 04:41:08
EVT-100845,USR-1184,Laboratory,DELETE_LOG,2026-07-12 04:42:39,2026-07-12 04:43:09
EVT-101279,USR-1010,HR,RUN_TEST,2026-06-28 22:12:39,2026-06-28 22:13:09
EVT-100352,USR-1018,Pharmacy,EDIT_RECORD,2026-07-29 09:36:39,2026-07-29 09:37:00
EVT-100997,USR-1162,Patient Records,VIEW_RECORD,2026-07-12 17:04:39,2026-07-15 17:00:39
EVT-101968,USR-1033,Billing,EDIT_RECORD,2026-07-24 02:16:39,2026-07-24 02:16:48
EVT-104036,USR-1123,Patient Records,DELETE_LOG,2026-07-16 00:44:39,2026-07-16 00:44:57
EVT-104845,USR-1075,Administration,DISPENSE_MED,2026-06-07 02:55:39,2026-06-07 02:56:05
EVT-105001,USR-1194,Patient Records,DISPENSE_MED,2026-06-06 18:21:39,2026-06-06 18:21:57
EVT-100410,USR-1032,HR,VIEW_RECORD,2026-08-24 18:02:39,2026-08-24 18:02:54
EVT-100245,USR-1086,Administration,EDIT_RECORD,2026-07-24 14:33:39,2026-07-24 14:33:42
EVT-100212,USR-1045,HR,EDIT_RECORD,2026-07-28 04:39:39,2026-07-28 04:40:08
EVT-102057,USR-1081,Laboratory,DISPENSE_MED,2026-08-26 20:10:39,2026-08-26 20:10:42
EVT-104809,USR-1100,Billing,EDIT_RECORD,2026-07-24 12:02:39,2026-07-26 06:15:39
EVT-103920,USR-1084,Patient Records,LOGIN,2026-07-17 19:25:39,2026-07-17 19:25:53
EVT-104701,USR-1039,Radiology,EXPORT_REPORT,2026-08-10 02:19:39,2026-08-10 02:19:46
EVT-102861,USR-1021,HR,VIEW_RECORD,2026-06-17 12:47:39,2026-06-17 12:47:46
EVT-100213,USR-1065,Radiology,EDIT_RECORD,2026-07-24 17:33:39,2026-07-24 17:33:49
EVT-104698,USR-1005,HR,EXPORT_REPORT,2026-08-02 10:51:39,2026-08-02 10:51:44
EVT-102105,USR-1023,Radiology,EDIT_RECORD,2026-07-21 10:02:39,2026-07-21 10:02:58
EVT-100389,USR-1093,Administration,EDIT_RECORD,2026-08-03 04:52:39,2026-08-03 04:52:57
EVT-104598,USR-1011,Billing,EXPORT_REPORT,2026-08-03 21:11:39,2026-08-03 21:12:02
EVT-103691,USR-1047,Billing,RUN_TEST,2026-08-12 23:16:39,2026-08-12 23:17:02
EVT-102665,USR-1047,Billing,DISPENSE_MED,2026-08-03 12:47:39,2026-08-03 12:47:41
EVT-102030,USR-1024,HR,RUN_TEST,2026-07-14 21:52:39,2026-07-14 21:53:09
EVT-101806,USR-1174,HR,EXPORT_REPORT,2026-08-23 17:25:39,2026-08-23 17:25:42
EVT-100999,USR-1083,Billing,EDIT_RECORD,2026-06-22 15:17:39,2026-06-22 15:17:48
EVT-101170,USR-1099,Patient Records,EDIT_RECORD,2026-07-04 03:48:39,2026-07-04 03:48:59
EVT-101320,USR-1008,Radiology,EXPORT_REPORT,2026-06-06 09:31:39,2026-06-06 09:31:53
EVT-103820,USR-1013,HR,VIEW_RECORD,2026-08-21 00:22:39,2026-08-21 00:23:04
EVT-104915,USR-1081,Administration,LOGIN,2026-06-06 17:37:39,2026-06-06 17:38:06
EVT-101186,USR-1015,HR,VIEW_RECORD,2026-06-11 01:15:39,2026-06-11 01:16:09
EVT-104454,USR-1159,Administration,VIEW_RECORD,2026-06-27 18:44:39,2026-06-27 18:44:50
EVT-102819,USR-1085,Patient Records,EDIT_RECORD,2026-08-15 21:24:39,2026-08-15 21:24:59
EVT-100549,USR-1055,Administration,DISPENSE_MED,2026-08-09 01:12:39,2026-08-09 01:13:03
EVT-103561,USR-1014,Pharmacy,DELETE_LOG,2026-08-25 05:30:39,2026-08-25 05:30:46
EVT-100876,USR-1046,Billing,RUN_TEST,2026-08-13 08:08:39,2026-08-13 08:09:04
EVT-101298,USR-1072,Billing,EDIT_RECORD,2026-06-19 11:02:39,2026-06-19 11:02:51
EVT-103375,USR-1039,Radiology,DELETE_LOG,2026-06-22 09:40:39,2026-06-22 09:40:49
EVT-104181,USR-1121,Pharmacy,EXPORT_REPORT,2026-06-08 00:58:39,2026-06-08 00:59:00
EVT-103815,USR-1191,Patient Records,DELETE_LOG,2026-08-22 23:00:39,2026-08-22 23:00:45
EVT-102118,USR-1156,Pharmacy,DISPENSE_MED,2026-07-06 08:28:39,2026-07-06 08:28:52
EVT-102155,USR-1100,Billing,LOGIN,2026-07-10 05:10:39,2026-07-10 05:11:02
EVT-104581,USR-1181,Radiology,EDIT_RECORD,2026-06-20 13:41:39,2026-06-20 13:41:45
EVT-102410,USR-1166,Laboratory,EXPORT_REPORT,2026-07-23 09:37:39,2026-07-23 09:37:45
EVT-103202,USR-1142,Billing,LOGIN,2026-08-11 12:31:39,2026-08-13 22:22:39
EVT-102854,USR-1004,Administration,VIEW_RECORD,2026-07-25 06:14:39,2026-07-25 06:14:57
EVT-101068,USR-1061,Billing,EXPORT_REPORT,2026-06-21 23:59:39,2026-06-22 00:00:01
EVT-100469,USR-1077,Pharmacy,LOGIN,2026-07-29 00:59:39,2026-07-29 01:00:04
EVT-100381,USR-1155,Patient Records,EXPORT_REPORT,2026-07-10 02:52:39,2026-07-10 02:52:45
EVT-103999,USR-1136,Billing,DELETE_LOG,2026-08-05 07:46:39,2026-08-05 07:46:55
EVT-100610,USR-1180,HR,RUN_TEST,2026-06-29 17:27:39,2026-06-29 17:27:56
EVT-104655,USR-1039,Radiology,RUN_TEST,2026-06-12 22:37:39,2026-06-12 22:37:55
EVT-104344,USR-1034,Patient Records,DISPENSE_MED,2026-08-04 01:39:39,2026-08-04 01:40:04
EVT-104423,USR-1048,Administration,DELETE_LOG,2026-08-31 04:24:39,2026-09-01 13:02:39
EVT-101198,USR-1100,Billing,LOGIN,2026-07-29 21:11:39,2026-08-01 14:04:39
EVT-101976,USR-1042,Pharmacy,LOGIN,2026-07-07 08:30:39,2026-07-07 08:30:44
EVT-102813,USR-1143,Radiology,DISPENSE_MED,2026-08-07 07:09:39,2026-08-07 07:09:57
EVT-101532,USR-1041,Radiology,DISPENSE_MED,2026-08-08 22:06:39,2026-08-08 22:07:02
EVT-100343,USR-1166,Pharmacy,LOGIN,2026-08-28 05:28:39,2026-08-28 05:29:03
EVT-104781,USR-1165,Radiology,DISPENSE_MED,2026-06-28 12:11:39,2026-06-28 12:11:41
EVT-103824,USR-1090,Administration,LOGIN,2026-08-18 18:22:39,2026-08-18 18:22:43
EVT-102996,USR-1086,Billing,EXPORT_REPORT,2026-06-30 02:20:39,2026-06-30 02:20:44
EVT-101549,USR-1053,Administration,VIEW_RECORD,2026-07-15 06:44:39,2026-07-15 06:44:46
EVT-103641,USR-1115,Administration,DELETE_LOG,2026-07-12 00:49:39,2026-07-12 00:50:07
EVT-101480,USR-1061,Patient Records,DELETE_LOG,2026-08-06 16:33:39,2026-08-06 16:34:05
EVT-101036,USR-1138,Laboratory,DELETE_LOG,2026-08-16 01:42:39,2026-08-16 01:42:46
EVT-100271,USR-1164,Administration,DELETE_LOG,2026-08-09 04:16:39,2026-08-09 04:16:47
EVT-105075,USR-1053,Administration,EDIT_RECORD,2026-08-26 04:38:39,2026-08-26 04:38:59
EVT-105146,USR-1073,HR,RUN_TEST,2026-08-27 19:07:39,2026-08-27 19:07:53
EVT-103093,USR-1039,HR,EXPORT_REPORT,2026-08-11 11:08:39,2026-08-11 11:09:08
EVT-101921,USR-1024,Pharmacy,EDIT_RECORD,2026-08-17 12:50:39,2026-08-17 12:51:01
EVT-101232,USR-1150,Radiology,EXPORT_REPORT,2026-07-04 23:46:39,2026-07-04 23:46:47
EVT-100004,USR-1191,Patient Records,DELETE_LOG,2026-09-02 17:12:39,2026-09-02 17:13:04
EVT-102346,USR-1140,Pharmacy,EDIT_RECORD,2026-06-13 03:04:39,2026-06-13 03:04:59
EVT-100937,USR-1063,Patient Records,LOGIN,2026-07-31 12:20:39,2026-07-31 12:21:07
EVT-103730,USR-1159,Billing,EDIT_RECORD,2026-07-18 08:33:39,2026-07-18 08:34:09
EVT-102185,USR-1104,Patient Records,RUN_TEST,2026-08-12 02:45:39,2026-08-12 02:46:00
EVT-104185,USR-1053,Administration,DISPENSE_MED,2026-07-03 18:59:39,2026-07-03 18:59:46
EVT-100577,USR-1072,Patient Records,DISPENSE_MED,2026-07-21 11:54:39,2026-07-21 11:54:58
EVT-104444,USR-1072,Laboratory,DELETE_LOG,2026-06-07 08:07:39,2026-06-07 08:08:03
EVT-104946,USR-1023,Billing,EDIT_RECORD,2026-06-27 04:06:39,2026-06-27 04:06:57
EVT-102251,USR-1150,HR,DELETE_LOG,2026-07-28 19:17:39,2026-07-28 19:17:55
EVT-101048,USR-1067,HR,VIEW_RECORD,2026-07-02 06:49:39,2026-07-02 06:49:52
EVT-102799,USR-1098,Pharmacy,DELETE_LOG,2026-06-28 01:44:39,2026-06-28 01:45:05
EVT-101182,USR-1075,Laboratory,DISPENSE_MED,2026-06-26 02:44:39,2026-06-26 02:45:03
EVT-104077,USR-1014,Administration,EXPORT_REPORT,2026-07-12 07:04:39,2026-07-12 07:04:58
EVT-101111,USR-1020,Pharmacy,EXPORT_REPORT,2026-08-16 12:47:39,2026-08-16 12:48:05
EVT-103203,USR-1115,Pharmacy,EDIT_RECORD,2026-07-07 08:04:39,2026-07-07 08:04:54
EVT-103407,USR-1133,Radiology,LOGIN,2026-07-10 03:41:39,2026-07-10 03:41:42
EVT-104916,USR-1153,Patient Records,RUN_TEST,2026-06-26 01:34:39,2026-06-26 01:35:05
EVT-102958,USR-1061,Patient Records,EDIT_RECORD,2026-07-19 03:33:39,2026-07-19 03:33:56
EVT-102985,USR-1053,HR,DELETE_LOG,2026-06-18 18:05:39,2026-06-18 18:05:51
EVT-103782,USR-1163,HR,LOGIN,2026-06-17 00:18:39,2026-06-17 00:19:06
EVT-101407,USR-1032,Patient Records,EXPORT_REPORT,2026-07-30 20:16:39,2026-07-30 20:17:02
EVT-101371,USR-1041,Administration,LOGIN,2026-08-19 06:58:39,2026-08-19 06:58:57
EVT-104386,USR-1199,Administration,VIEW_RECORD,2026-07-11 09:50:39,2026-07-11 09:50:43
EVT-103799,USR-1014,Pharmacy,DISPENSE_MED,2026-08-16 00:15:39,2026-08-16 00:15:47
EVT-100733,USR-1042,Radiology,RUN_TEST,2026-08-30 12:30:39,2026-08-30 12:31:09
EVT-100011,USR-1037,Laboratory,EDIT_RECORD,2026-08-16 18:38:39,2026-08-16 18:38:41
EVT-101325,USR-1187,Radiology,LOGIN,2026-08-23 09:14:39,2026-08-23 09:14:56
EVT-102243,USR-1048,Administration,RUN_TEST,2026-07-22 10:07:39,2026-07-22 10:07:57
EVT-103640,USR-1090,Patient Records,RUN_TEST,2026-08-08 18:25:39,2026-08-08 18:25:40
EVT-104216,USR-1087,Laboratory,DISPENSE_MED,2026-08-25 18:48:39,2026-08-25 18:49:07
EVT-104547,USR-1200,Pharmacy,EDIT_RECORD,2026-07-31 23:19:39,2026-07-31 23:19:59
EVT-100887,USR-1029,Radiology,EDIT_RECORD,2026-07-06 10:08:39,2026-07-06 10:08:40
EVT-104277,USR-1034,HR,RUN_TEST,2026-07-25 02:28:39,2026-07-25 02:29:09
EVT-100185,USR-1126,Patient Records,LOGIN,2026-07-13 20:35:39,2026-07-13 20:36:00
EVT-102490,USR-1160,Radiology,DISPENSE_MED,2026-07-13 14:50:39,2026-07-13 14:51:01
EVT-104593,USR-1185,Laboratory,DISPENSE_MED,2026-08-11 00:26:39,2026-08-11 00:26:50
EVT-100380,USR-1133,Administration,RUN_TEST,2026-08-31 03:51:39,2026-08-31 03:52:05
EVT-103721,USR-1127,HR,RUN_TEST,2026-06-09 23:11:39,2026-06-09 23:11:42
EVT-101077,USR-1079,Laboratory,EDIT_RECORD,2026-07-14 16:56:39,2026-07-14 16:56:59
EVT-104224,USR-1003,Radiology,EXPORT_REPORT,2026-06-06 10:31:39,2026-06-06 10:31:45
EVT-101539,USR-1106,HR,VIEW_RECORD,2026-08-14 13:52:39,2026-08-14 13:52:57
EVT-101797,USR-1148,Pharmacy,DISPENSE_MED,2026-07-15 20:16:39,2026-07-15 20:16:54
EVT-102808,USR-1147,Laboratory,EXPORT_REPORT,2026-07-28 17:28:39,2026-07-28 17:28:43
EVT-101991,USR-1145,Laboratory,DISPENSE_MED,2026-07-20 19:01:39,2026-07-20 19:02:05
EVT-100749,USR-1064,Pharmacy,DELETE_LOG,2026-08-07 07:36:39,2026-08-07 07:36:44
EVT-102619,USR-1086,Billing,RUN_TEST,2026-07-13 19:24:39,2026-07-13 19:25:08
EVT-104948,USR-1031,Radiology,VIEW_RECORD,2026-08-25 23:19:39,2026-08-25 23:19:49
EVT-103105,USR-1047,Billing,VIEW_RECORD,2026-08-21 14:14:39,2026-08-21 14:14:56
EVT-102387,USR-1189,HR,EXPORT_REPORT,2026-06-09 15:39:39,2026-06-09 15:39:45
EVT-101459,USR-1064,Administration,LOGIN,2026-08-15 13:50:39,2026-08-15 13:51:04
EVT-101372,USR-1065,Radiology,EDIT_RECORD,2026-08-31 07:22:39,2026-08-31 07:23:08
EVT-102596,USR-1093,Billing,VIEW_RECORD,2026-07-05 19:44:39,2026-07-05 19:44:56
EVT-102509,USR-1155,Billing,RUN_TEST,2026-08-19 15:06:39,2026-08-19 15:06:55
EVT-101563,USR-1055,HR,EXPORT_REPORT,2026-06-24 20:46:39,2026-06-24 20:46:52
EVT-102634,USR-1033,Billing,DISPENSE_MED,2026-08-16 16:38:39,2026-08-16 16:38:52
EVT-103011,USR-1134,Billing,DELETE_LOG,2026-06-14 06:08:39,2026-06-14 06:09:06
EVT-103796,USR-1083,HR,LOGIN,2026-08-02 21:25:39,2026-08-02 21:25:55
EVT-103074,USR-1117,Pharmacy,RUN_TEST,2026-06-27 01:45:39,2026-06-27 01:45:49
EVT-103205,USR-1147,Pharmacy,LOGIN,2026-08-26 08:29:39,2026-08-26 08:30:05
EVT-102395,USR-1112,Patient Records,EXPORT_REPORT,2026-08-06 12:03:39,2026-08-06 12:04:03
EVT-103452,USR-1126,Laboratory,DISPENSE_MED,2026-07-29 04:52:39,2026-07-29 04:52:53
EVT-100273,USR-1039,Billing,DISPENSE_MED,2026-07-28 21:46:39,2026-07-28 21:46:57
EVT-104014,USR-1193,Patient Records,EXPORT_REPORT,2026-06-11 04:03:39,2026-06-11 04:04:08
EVT-101555,USR-1084,Patient Records,DISPENSE_MED,2026-06-19 03:08:39,2026-06-19 03:09:09
EVT-100526,USR-1135,Radiology,LOGIN,2026-06-28 02:28:39,2026-06-28 02:28:47
EVT-103079,USR-1200,Patient Records,EXPORT_REPORT,2026-06-18 07:11:39,2026-06-19 16:30:39
EVT-102006,USR-1060,Radiology,EXPORT_REPORT,2026-09-02 13:54:39,2026-09-02 13:54:48
EVT-104680,USR-1195,Radiology,DISPENSE_MED,2026-08-22 12:08:39,2026-08-22 12:08:43
EVT-101572,USR-1028,Pharmacy,DISPENSE_MED,2026-06-22 06:27:39,2026-06-22 06:27:49
EVT-102252,USR-1098,Pharmacy,VIEW_RECORD,2026-08-04 22:50:39,2026-08-04 22:50:56
EVT-100451,USR-1024,Pharmacy,EXPORT_REPORT,2026-09-01 19:11:39,2026-09-01 19:12:01
EVT-100216,USR-1194,Patient Records,RUN_TEST,2026-09-01 14:17:39,2026-09-01 14:18:08
EVT-103333,USR-1005,HR,VIEW_RECORD,2026-06-10 03:48:39,2026-06-10 03:48:59
EVT-101544,USR-1190,Administration,EXPORT_REPORT,2026-08-10 18:57:39,2026-08-10 18:58:08
EVT-103314,USR-1178,Patient Records,LOGIN,2026-06-15 13:10:39,2026-06-15 13:10:41
EVT-104622,USR-1090,Laboratory,LOGIN,2026-08-09 19:47:39,2026-08-09 19:47:50
EVT-100574,USR-1189,Pharmacy,DISPENSE_MED,2026-07-24 00:37:39,2026-07-25 02:45:39
EVT-104240,USR-1035,Billing,DISPENSE_MED,2026-07-05 16:34:39,2026-07-05 16:35:05
EVT-103612,USR-1018,Billing,DISPENSE_MED,2026-07-07 02:51:39,2026-07-07 02:51:58
EVT-101779,USR-1020,Billing,RUN_TEST,2026-06-11 01:11:39,2026-06-11 01:11:49
EVT-101477,USR-1039,Billing,DELETE_LOG,2026-07-03 17:00:39,2026-07-03 17:00:46
EVT-101620,USR-1001,Pharmacy,EDIT_RECORD,2026-06-21 13:51:39,2026-06-21 13:51:40
EVT-103488,USR-1018,Pharmacy,EXPORT_REPORT,2026-06-23 17:43:39,2026-06-23 17:43:41
EVT-101246,USR-1054,Pharmacy,EDIT_RECORD,2026-06-18 08:44:39,2026-06-18 08:44:42
EVT-101876,USR-1090,Laboratory,VIEW_RECORD,2026-06-25 04:35:39,2026-06-25 04:36:01
EVT-100257,USR-1046,Billing,DISPENSE_MED,2026-08-05 05:58:39,2026-08-05 05:59:06
EVT-104603,USR-1163,Laboratory,RUN_TEST,2026-06-29 22:44:39,2026-06-29 22:44:51
EVT-103516,USR-1016,Administration,EDIT_RECORD,2026-07-12 21:25:39,2026-07-12 21:26:05
EVT-103183,USR-1140,Laboratory,DISPENSE_MED,2026-09-02 00:25:39,2026-09-02 00:26:08
EVT-101005,USR-1197,Radiology,EXPORT_REPORT,2026-08-04 21:31:39,2026-08-04 21:32:03
EVT-100866,USR-1139,Laboratory,LOGIN,2026-07-21 03:07:39,2026-07-21 03:07:40
EVT-100673,USR-1191,Patient Records,VIEW_RECORD,2026-07-26 14:33:39,2026-07-26 14:33:59
EVT-102527,USR-1136,Patient Records,RUN_TEST,2026-06-27 19:03:39,2026-06-27 19:03:57
EVT-100111,USR-1193,Billing,DISPENSE_MED,2026-07-30 01:22:39,2026-07-30 01:22:40
EVT-103064,USR-1106,Laboratory,RUN_TEST,2026-07-10 21:28:39,2026-07-10 21:28:58
EVT-101124,USR-1150,Radiology,EDIT_RECORD,2026-07-07 12:22:39,2026-07-07 12:22:42
EVT-100493,USR-1017,Patient Records,DISPENSE_MED,2026-08-26 19:32:39,2026-08-28 10:51:39
EVT-101654,USR-1044,HR,VIEW_RECORD,2026-08-28 20:55:39,2026-08-28 20:55:48
EVT-103895,USR-1018,Patient Records,DELETE_LOG,2026-07-04 06:24:39,2026-07-04 06:24:52
EVT-101131,USR-1098,Pharmacy,EXPORT_REPORT,2026-07-04 07:05:39,2026-07-05 05:16:39
EVT-103890,USR-1083,Patient Records,VIEW_RECORD,2026-08-23 20:09:39,2026-08-24 14:07:39
EVT-104275,USR-1106,HR,RUN_TEST,2026-07-23 14:33:39,2026-07-23 14:33:49
EVT-100614,USR-1028,Pharmacy,VIEW_RECORD,2026-06-18 20:43:39,2026-06-18 20:44:06
EVT-101342,USR-1190,Radiology,EDIT_RECORD,2026-07-01 02:17:39,2026-07-01 02:17:50
EVT-100296,USR-1008,Radiology,DELETE_LOG,2026-08-08 01:09:39,2026-08-08 01:09:41
EVT-102517,USR-1143,Radiology,DELETE_LOG,2026-07-12 01:24:39,2026-07-12 01:24:56
EVT-101853,USR-1087,Billing,EDIT_RECORD,2026-06-20 09:29:39,2026-06-20 09:29:53
EVT-103540,USR-1008,Administration,DELETE_LOG,2026-08-05 23:33:39,2026-08-05 23:34:06
EVT-101943,USR-1045,Administration,EDIT_RECORD,2026-08-11 01:16:39,2026-08-11 01:16:53
EVT-105036,USR-1127,HR,VIEW_RECORD,2026-07-29 23:48:39,2026-07-29 23:48:58
EVT-100067,USR-1171,Administration,VIEW_RECORD,2026-08-13 15:46:39,2026-08-13 15:46:49
EVT-103033,USR-1045,Laboratory,EXPORT_REPORT,2026-07-03 10:54:39,2026-07-03 10:55:02
EVT-102529,USR-1109,Laboratory,LOGIN,2026-06-07 20:49:39,2026-06-07 20:49:46
EVT-101467,USR-1111,Patient Records,EXPORT_REPORT,2026-07-20 00:40:39,2026-07-20 00:41:05
EVT-102000,USR-1137,Laboratory,VIEW_RECORD,2026-08-19 21:58:39,2026-08-19 21:59:06
EVT-101725,USR-1024,Pharmacy,LOGIN,2026-08-12 08:44:39,2026-08-12 08:44:55
EVT-103650,USR-1188,HR,EDIT_RECORD,2026-06-10 04:00:39,2026-06-10 04:01:03
EVT-100905,USR-1187,Laboratory,EDIT_RECORD,2026-07-30 15:53:39,2026-07-30 15:54:04
EVT-102269,USR-1135,Radiology,EDIT_RECORD,2026-08-21 16:02:39,2026-08-21 16:03:03
EVT-101735,USR-1080,HR,DISPENSE_MED,2026-07-02 08:43:39,2026-07-02 08:43:54
EVT-101793,USR-1157,Laboratory,LOGIN,2026-09-01 11:11:39,2026-09-01 11:12:05
EVT-104602,USR-1034,HR,RUN_TEST,2026-06-27 12:00:39,2026-06-27 12:01:06
EVT-104493,USR-1078,Patient Records,EDIT_RECORD,2026-08-14 12:29:39,2026-08-14 12:30:01
EVT-100297,USR-1083,HR,RUN_TEST,2026-06-27 15:37:39,2026-06-27 15:38:05
EVT-104315,USR-1058,Radiology,DELETE_LOG,2026-08-07 03:49:39,2026-08-07 03:49:42
EVT-102230,USR-1069,Pharmacy,RUN_TEST,2026-06-12 18:56:39,2026-06-12 18:56:40
EVT-102411,USR-1193,Pharmacy,EXPORT_REPORT,2026-07-02 22:17:39,2026-07-02 22:17:55
EVT-102514,USR-1106,Laboratory,DELETE_LOG,2026-07-21 04:40:39,2026-07-21 04:40:52
EVT-101101,USR-1008,Pharmacy,LOGIN,2026-06-13 08:11:39,2026-06-13 08:11:47
EVT-100902,USR-1193,Pharmacy,EXPORT_REPORT,2026-07-06 14:03:39,2026-07-06 14:03:40
EVT-102863,USR-1004,Billing,VIEW_RECORD,2026-07-30 13:28:39,2026-07-30 13:29:00
EVT-102786,USR-1129,HR,EXPORT_REPORT,2026-07-21 09:33:39,2026-07-21 09:34:02
EVT-100548,USR-1018,Patient Records,EXPORT_REPORT,2026-08-31 04:03:39,2026-08-31 04:03:55
EVT-100525,USR-1100,Radiology,DELETE_LOG,2026-06-07 13:31:39,2026-06-07 13:32:02
EVT-103434,USR-1006,Pharmacy,VIEW_RECORD,2026-06-17 04:06:39,2026-06-17 04:06:41
EVT-103478,USR-1076,Administration,DISPENSE_MED,2026-07-22 09:25:39,2026-07-22 09:26:04
EVT-104959,USR-1172,Patient Records,VIEW_RECORD,2026-06-10 00:34:39,2026-06-10 00:35:03
EVT-100551,USR-1158,Patient Records,DISPENSE_MED,2026-08-08 09:57:39,2026-08-08 09:57:53
EVT-104744,USR-1111,HR,RUN_TEST,2026-06-21 09:04:39,2026-06-21 09:04:57
EVT-103324,USR-1152,Patient Records,EDIT_RECORD,2026-06-29 11:40:39,2026-06-29 11:40:59
EVT-100713,USR-1104,Patient Records,EXPORT_REPORT,2026-06-29 00:37:39,2026-06-29 00:38:05
EVT-101139,USR-1191,Patient Records,RUN_TEST,2026-08-06 19:58:39,2026-08-06 19:59:04
EVT-100986,USR-1014,Administration,DELETE_LOG,2026-07-23 00:34:39,2026-07-23 00:34:59
EVT-101615,USR-1016,Radiology,DISPENSE_MED,2026-07-20 23:03:39,2026-07-20 23:04:09
EVT-103059,USR-1130,Billing,VIEW_RECORD,2026-06-21 14:39:39,2026-06-21 14:40:02
EVT-101284,USR-1190,Radiology,EXPORT_REPORT,2026-06-15 15:20:39,2026-06-15 15:20:47
EVT-100572,USR-1028,HR,LOGIN,2026-06-09 03:49:39,2026-06-09 03:49:53
EVT-INV-26,USR-INVALID-9999,Patient Records,INVALID_ACTION,2026-09-03 20:45:39,2026-09-03 20:45:39
EVT-100320,USR-1200,Administration,EDIT_RECORD,2026-08-04 09:01:39,2026-08-04 09:02:05
EVT-103166,USR-1108,Administration,DISPENSE_MED,2026-07-05 12:09:39,2026-07-05 12:10:10
EVT-101696,USR-1100,Patient Records,EDIT_RECORD,2026-08-21 21:09:39,2026-08-21 21:09:46
EVT-101702,USR-1150,Patient Records,RUN_TEST,2026-08-22 04:43:39,2026-08-22 04:43:46
EVT-101547,USR-1137,Pharmacy,EDIT_RECORD,2026-06-19 08:04:39,2026-06-19 08:05:06
EVT-103057,USR-1030,Radiology,DISPENSE_MED,2026-08-17 21:12:39,2026-08-17 21:12:54
EVT-102457,USR-1044,Pharmacy,VIEW_RECORD,2026-06-20 00:30:39,2026-06-20 00:30:47
EVT-100505,USR-1118,HR,DISPENSE_MED,2026-06-07 04:27:39,2026-06-07 04:27:43
EVT-101883,USR-1066,Pharmacy,VIEW_RECORD,2026-06-16 17:24:39,2026-06-19 06:18:39
EVT-101854,USR-1023,Radiology,EXPORT_REPORT,2026-07-27 01:07:39,2026-07-27 01:07:44
EVT-101545,USR-1008,Administration,DISPENSE_MED,2026-07-04 13:55:39,2026-07-04 13:56:08
EVT-101703,USR-1150,HR,VIEW_RECORD,2026-07-27 23:19:39,2026-07-27 23:19:49
EVT-100773,USR-1103,Pharmacy,EXPORT_REPORT,2026-07-06 11:21:39,2026-07-06 11:22:05
EVT-103649,USR-1136,Patient Records,DELETE_LOG,2026-06-11 18:12:39,2026-06-11 18:13:07
EVT-104601,USR-1159,Radiology,EXPORT_REPORT,2026-06-10 11:55:39,2026-06-10 11:55:56
EVT-100478,USR-1199,Patient Records,EDIT_RECORD,2026-08-26 10:44:39,2026-08-26 10:44:59
EVT-100767,USR-1054,Administration,EXPORT_REPORT,2026-08-03 07:14:39,2026-08-03 07:14:53
EVT-103944,USR-1130,Radiology,LOGIN,2026-06-20 22:13:39,2026-06-20 22:14:01
EVT-102897,USR-1188,Patient Records,VIEW_RECORD,2026-07-11 10:07:39,2026-07-11 10:08:06
EVT-103817,USR-1012,Billing,DISPENSE_MED,2026-07-08 06:46:39,2026-07-08 06:47:09
EVT-104198,USR-1077,Pharmacy,VIEW_RECORD,2026-07-31 10:49:39,2026-07-31 10:49:51
EVT-104147,USR-1051,Pharmacy,EXPORT_REPORT,2026-07-30 07:54:39,2026-07-30 07:54:58
EVT-102974,USR-1150,Pharmacy,VIEW_RECORD,2026-06-27 13:41:39,2026-06-30 03:08:39
EVT-102356,USR-1045,Laboratory,RUN_TEST,2026-07-05 00:33:39,2026-07-05 00:33:55
EVT-100122,USR-1193,Patient Records,VIEW_RECORD,2026-08-06 17:44:39,2026-08-06 17:45:08
EVT-103069,USR-1082,Pharmacy,VIEW_RECORD,2026-08-04 14:22:39,2026-08-04 14:23:07
EVT-101425,USR-1076,Patient Records,VIEW_RECORD,2026-07-30 23:41:39,2026-07-30 23:41:55
EVT-102599,USR-1028,Patient Records,EXPORT_REPORT,2026-07-03 21:54:39,2026-07-03 21:54:44
EVT-103493,USR-1140,Laboratory,EDIT_RECORD,2026-06-18 06:29:39,2026-06-18 06:29:48
EVT-103786,USR-1168,Radiology,DISPENSE_MED,2026-07-08 19:57:39,2026-07-08 19:57:48
EVT-100621,USR-1026,Billing,EXPORT_REPORT,2026-06-18 06:24:39,2026-06-21 02:44:39
EVT-103326,USR-1020,Patient Records,RUN_TEST,2026-07-03 23:01:39,2026-07-03 23:01:51
EVT-100118,USR-1140,Pharmacy,EXPORT_REPORT,2026-08-14 03:56:39,2026-08-14 03:56:58
EVT-103157,USR-1185,HR,VIEW_RECORD,2026-06-21 17:34:39,2026-06-21 17:34:43
EVT-100825,USR-1142,Administration,RUN_TEST,2026-07-14 09:12:39,2026-07-14 09:13:00
EVT-105112,USR-1085,Billing,EXPORT_REPORT,2026-06-10 08:37:39,2026-06-10 08:37:40
EVT-102609,USR-1191,Radiology,RUN_TEST,2026-06-13 12:49:39,2026-06-13 12:49:55
EVT-103772,USR-1193,Billing,DELETE_LOG,2026-06-20 07:28:39,2026-06-20 07:29:09
EVT-101183,USR-1050,Billing,EXPORT_REPORT,2026-07-22 12:16:39,2026-07-22 12:17:01
EVT-104139,USR-1166,Billing,EDIT_RECORD,2026-06-22 14:13:39,2026-06-22 14:13:44
EVT-105063,USR-1158,Pharmacy,LOGIN,2026-08-07 14:28:39,2026-08-07 14:29:06
EVT-100514,USR-1027,Patient Records,EDIT_RECORD,2026-08-10 03:45:39,2026-08-10 03:46:02
EVT-104512,USR-1131,Patient Records,DISPENSE_MED,2026-08-22 03:56:39,2026-08-22 03:56:41
EVT-102945,USR-1016,Radiology,RUN_TEST,2026-08-30 07:23:39,2026-08-30 07:23:56
EVT-103320,USR-1078,Billing,LOGIN,2026-06-22 01:47:39,2026-06-22 18:21:39
EVT-102423,USR-1125,Patient Records,DELETE_LOG,2026-06-11 15:32:39,2026-06-11 15:32:41
EVT-104435,USR-1152,Patient Records,DISPENSE_MED,2026-07-07 18:25:39,2026-07-07 18:25:47
EVT-103015,USR-1064,Administration,DELETE_LOG,2026-08-21 09:31:39,2026-08-21 09:32:07
EVT-100106,USR-1012,Billing,LOGIN,2026-08-08 05:48:39,2026-08-08 05:49:00
EVT-101179,USR-1184,Billing,EXPORT_REPORT,2026-07-16 15:39:39,2026-07-16 15:39:46
EVT-101843,USR-1086,Billing,VIEW_RECORD,2026-08-11 09:08:39,2026-08-11 09:08:48
EVT-103322,USR-1061,Billing,RUN_TEST,2026-07-18 04:21:39,2026-07-18 04:21:47
EVT-103789,USR-1016,Radiology,RUN_TEST,2026-07-15 20:15:39,2026-07-15 20:16:09
EVT-102843,USR-1137,HR,DELETE_LOG,2026-07-03 16:39:39,2026-07-03 16:39:55
EVT-100834,USR-1074,Pharmacy,RUN_TEST,2026-07-14 23:40:39,2026-07-14 23:40:52
EVT-102304,USR-1155,Patient Records,DELETE_LOG,2026-08-26 21:07:39,2026-08-26 21:07:54
EVT-103348,USR-1093,Patient Records,VIEW_RECORD,2026-08-11 17:50:39,2026-08-11 17:50:51
EVT-101046,USR-1127,HR,VIEW_RECORD,2026-07-28 02:04:39,2026-07-28 02:05:08
EVT-102420,USR-1095,HR,DISPENSE_MED,2026-08-14 17:08:39,2026-08-14 17:09:01
EVT-103843,USR-1078,Pharmacy,DELETE_LOG,2026-06-06 16:02:39,2026-06-06 16:02:41
EVT-100240,USR-1179,Patient Records,DELETE_LOG,2026-06-12 03:40:39,2026-06-12 03:40:43
EVT-103643,USR-1152,Administration,DELETE_LOG,2026-06-28 07:35:39,2026-06-28 07:35:40
EVT-102864,USR-1141,Administration,DELETE_LOG,2026-06-22 16:41:39,2026-06-22 16:42:01
EVT-101584,USR-1101,Pharmacy,VIEW_RECORD,2026-08-12 02:25:39,2026-08-12 02:26:01
EVT-101965,USR-1168,Radiology,VIEW_RECORD,2026-08-26 04:01:39,2026-08-26 04:02:05
EVT-102735,USR-1076,Administration,VIEW_RECORD,2026-08-24 09:00:39,2026-08-24 09:01:07
EVT-101121,USR-1063,Patient Records,VIEW_RECORD,2026-09-03 11:38:39,2026-09-06 09:59:39
EVT-103432,USR-1080,Radiology,VIEW_RECORD,2026-07-25 03:12:39,2026-07-25 03:13:01
EVT-103812,USR-1021,HR,VIEW_RECORD,2026-08-17 08:42:39,2026-08-17 08:43:05
EVT-103127,USR-1092,Billing,EDIT_RECORD,2026-07-28 19:56:39,2026-07-30 12:51:39
EVT-103227,USR-1024,Pharmacy,EXPORT_REPORT,2026-07-15 08:21:39,2026-07-15 08:21:56
EVT-100934,USR-1078,Billing,EDIT_RECORD,2026-07-18 13:31:39,2026-07-18 13:31:42
EVT-104419,USR-1112,HR,VIEW_RECORD,2026-08-30 23:23:39,2026-08-30 23:23:42
EVT-103651,USR-1051,Pharmacy,VIEW_RECORD,2026-09-01 12:44:39,2026-09-01 12:44:55
EVT-101175,USR-1005,Radiology,DELETE_LOG,2026-07-18 12:41:39,2026-07-18 12:42:05
EVT-103417,USR-1132,Laboratory,EDIT_RECORD,2026-09-02 02:15:39,2026-09-02 02:15:42
EVT-102645,USR-1181,Radiology,EXPORT_REPORT,2026-09-02 15:23:39,2026-09-02 15:23:50
EVT-104967,USR-1057,Pharmacy,LOGIN,2026-08-03 07:03:39,2026-08-03 07:04:01
EVT-102261,USR-1024,HR,EDIT_RECORD,2026-07-20 04:36:39,2026-07-20 04:37:04
EVT-102313,USR-1095,HR,EXPORT_REPORT,2026-06-25 23:31:39,2026-06-25 23:31:54
EVT-101657,USR-1159,HR,EDIT_RECORD,2026-07-20 19:02:39,2026-07-20 19:03:05
EVT-105039,USR-1079,Administration,LOGIN,2026-08-23 08:48:39,2026-08-23 08:49:05
EVT-102722,USR-1138,Laboratory,LOGIN,2026-08-23 14:04:39,2026-08-23 14:04:50
EVT-102104,USR-1163,HR,DELETE_LOG,2026-07-27 05:13:39,2026-07-27 05:13:57
EVT-100316,USR-1096,Administration,LOGIN,2026-08-08 13:53:39,2026-08-08 13:53:54
EVT-100679,USR-1072,Administration,EXPORT_REPORT,2026-07-29 16:17:39,2026-07-29 16:18:02
EVT-103677,USR-1031,Radiology,DISPENSE_MED,2026-08-27 04:18:39,2026-08-27 04:18:41
EVT-100662,USR-1118,HR,RUN_TEST,2026-06-20 14:39:39,2026-06-20 14:39:49
EVT-100054,USR-1073,Radiology,RUN_TEST,2026-07-11 06:13:39,2026-07-11 06:13:51
EVT-101380,USR-1026,Billing,EDIT_RECORD,2026-06-07 10:15:39,2026-06-08 02:46:39
EVT-100013,USR-1028,Pharmacy,DISPENSE_MED,2026-08-05 07:51:39,2026-08-06 23:32:39
EVT-101811,USR-1195,Radiology,EDIT_RECORD,2026-08-05 20:12:39,2026-08-05 20:12:56
EVT-100261,USR-1031,Radiology,LOGIN,2026-08-15 01:23:39,2026-08-15 01:24:08
EVT-101740,USR-1144,HR,VIEW_RECORD,2026-07-23 06:36:39,2026-07-23 06:36:54
EVT-104347,USR-1113,Patient Records,DELETE_LOG,2026-08-13 14:04:39,2026-08-13 18:17:39
EVT-102498,USR-1018,Pharmacy,EDIT_RECORD,2026-08-26 04:09:39,2026-08-26 04:09:56
EVT-103783,USR-1041,Administration,VIEW_RECORD,2026-08-26 01:05:39,2026-08-26 01:05:54
EVT-103035,USR-1195,Radiology,EDIT_RECORD,2026-08-04 19:33:39,2026-08-04 19:33:58
EVT-104098,USR-1090,Patient Records,VIEW_RECORD,2026-06-18 06:43:39,2026-06-18 06:44:02
EVT-104026,USR-1004,Laboratory,LOGIN,2026-06-15 22:07:39,2026-06-15 22:07:41
EVT-101169,USR-1182,Laboratory,EXPORT_REPORT,2026-08-02 01:53:39,2026-08-02 01:54:15
EVT-103775,USR-1142,Billing,DISPENSE_MED,2026-08-05 22:20:39,2026-08-05 22:21:07
EVT-100338,USR-1003,Administration,EDIT_RECORD,2026-06-08 21:12:39,2026-06-08 21:12:45
EVT-104340,USR-1111,HR,EDIT_RECORD,2026-08-17 17:22:39,2026-08-17 17:22:49
EVT-101161,USR-1126,Pharmacy,DISPENSE_MED,2026-07-10 06:26:39,2026-07-10 06:26:51
EVT-102232,USR-1183,Laboratory,VIEW_RECORD,2026-06-28 09:12:39,2026-06-28 09:13:01
EVT-101462,USR-1058,Laboratory,LOGIN,2026-07-14 13:15:39,2026-07-14 13:15:55
EVT-102345,USR-1131,Patient Records,LOGIN,2026-07-20 13:50:39,2026-07-20 13:50:52
EVT-104009,USR-1129,Patient Records,LOGIN,2026-07-05 03:59:39,2026-07-05 03:59:54
EVT-103855,USR-1011,Billing,VIEW_RECORD,2026-06-21 06:13:39,2026-06-21 06:13:55
EVT-104442,USR-1143,Billing,VIEW_RECORD,2026-09-02 07:23:39,2026-09-02 07:23:42
EVT-100502,USR-1055,HR,LOGIN,2026-08-24 00:01:39,2026-08-24 00:01:55
EVT-102979,USR-1126,Pharmacy,DISPENSE_MED,2026-06-30 23:26:39,2026-06-30 23:27:08
EVT-100724,USR-1199,Patient Records,DISPENSE_MED,2026-07-22 11:58:39,2026-07-22 11:58:59
EVT-101593,USR-1111,Billing,DELETE_LOG,2026-06-16 00:22:39,2026-06-16 00:22:56
EVT-101043,USR-1056,Radiology,LOGIN,2026-06-28 18:07:39,2026-06-28 18:08:00
EVT-102905,USR-1104,HR,DISPENSE_MED,2026-08-16 17:37:39,2026-08-16 17:37:53
EVT-101929,USR-1156,Patient Records,EXPORT_REPORT,2026-08-18 15:40:39,2026-08-20 05:35:39
EVT-104606,USR-1119,Pharmacy,RUN_TEST,2026-08-03 03:23:39,2026-08-03 03:23:44
EVT-101575,USR-1024,Laboratory,RUN_TEST,2026-07-11 06:03:39,2026-07-11 06:03:45
EVT-103256,USR-1120,Billing,LOGIN,2026-06-24 04:31:39,2026-06-24 04:31:59
EVT-101195,USR-1088,Pharmacy,VIEW_RECORD,2026-06-18 18:12:39,2026-06-18 18:12:53
EVT-101229,USR-1067,HR,LOGIN,2026-06-25 01:47:39,2026-06-25 01:48:06
EVT-100850,USR-1010,HR,DISPENSE_MED,2026-06-19 21:51:39,2026-06-19 21:51:59
EVT-103729,USR-1135,Radiology,RUN_TEST,2026-08-22 06:46:39,2026-08-22 06:46:43
EVT-104321,USR-1080,Radiology,EDIT_RECORD,2026-07-12 20:36:39,2026-07-12 20:37:01
EVT-104761,USR-1094,Radiology,DELETE_LOG,2026-06-25 21:52:39,2026-06-25 21:52:46
EVT-101594,USR-1162,Patient Records,DISPENSE_MED,2026-09-01 03:21:39,2026-09-01 03:22:05
EVT-103265,USR-1121,Radiology,LOGIN,2026-08-30 20:19:39,2026-08-30 20:19:40
EVT-104838,USR-1027,Radiology,DISPENSE_MED,2026-06-10 18:20:39,2026-06-10 18:21:02
EVT-102389,USR-1028,Pharmacy,DELETE_LOG,2026-07-09 14:19:39,2026-07-09 14:20:09
EVT-101014,USR-1033,Patient Records,DELETE_LOG,2026-07-15 13:33:39,2026-07-15 13:34:03
EVT-103977,USR-1075,Billing,LOGIN,2026-06-08 13:03:39,2026-06-08 13:04:03
EVT-101507,USR-1030,Laboratory,EDIT_RECORD,2026-07-28 23:52:39,2026-07-28 23:53:17
EVT-100049,USR-1172,Radiology,RUN_TEST,2026-07-08 22:43:39,2026-07-08 22:44:07
EVT-102568,USR-1186,Patient Records,RUN_TEST,2026-08-08 16:02:39,2026-08-08 16:02:44
EVT-101422,USR-1108,Laboratory,DELETE_LOG,2026-07-30 19:40:39,2026-07-30 19:40:55
EVT-102253,USR-1118,Billing,EXPORT_REPORT,2026-08-07 14:11:39,2026-08-07 14:11:57
EVT-100283,USR-1178,Patient Records,VIEW_RECORD,2026-07-27 04:50:39,2026-07-27 04:50:58
EVT-104929,USR-1171,HR,LOGIN,2026-06-15 17:21:39,2026-06-15 17:22:09
EVT-103017,USR-1113,HR,VIEW_RECORD,2026-06-11 13:46:39,2026-06-11 13:46:57
EVT-104484,USR-1083,HR,LOGIN,2026-08-02 19:03:39,2026-08-02 19:03:53
EVT-101540,USR-1191,Patient Records,LOGIN,2026-08-17 01:33:39,2026-08-17 01:33:43
EVT-104302,USR-1061,Billing,EXPORT_REPORT,2026-07-02 04:26:39,2026-07-02 04:26:44
EVT-101230,USR-1153,Patient Records,DISPENSE_MED,2026-08-09 19:32:39,2026-08-09 19:32:54
EVT-100718,USR-1134,HR,DISPENSE_MED,2026-08-26 17:55:39,2026-08-28 00:20:39
EVT-103837,USR-1004,Pharmacy,DISPENSE_MED,2026-08-03 09:31:39,2026-08-03 09:32:03
EVT-100929,USR-1063,Patient Records,VIEW_RECORD,2026-08-16 22:40:39,2026-08-16 22:40:49
EVT-103366,USR-1014,Pharmacy,DISPENSE_MED,2026-06-16 17:08:39,2026-06-16 17:08:49
EVT-100671,USR-1134,Patient Records,EXPORT_REPORT,2026-08-16 08:59:39,2026-08-16 09:00:07
EVT-102632,USR-1067,HR,LOGIN,2026-08-04 13:29:39,2026-08-04 13:29:44
EVT-101247,USR-1037,HR,LOGIN,2026-07-19 19:04:39,2026-07-19 19:04:57
EVT-103881,USR-1193,Patient Records,EXPORT_REPORT,2026-06-06 01:44:39,2026-06-06 01:45:03
EVT-102889,USR-1192,Billing,VIEW_RECORD,2026-07-14 08:17:39,2026-07-14 08:17:49
EVT-103776,USR-1143,Billing,EXPORT_REPORT,2026-08-08 13:06:39,2026-08-08 13:07:05
EVT-101509,USR-1189,Patient Records,EDIT_RECORD,2026-08-18 02:38:39,2026-08-18 02:38:42
EVT-102291,USR-1065,Administration,DELETE_LOG,2026-06-25 18:52:39,2026-06-25 18:53:05
EVT-104202,USR-1188,Patient Records,EDIT_RECORD,2026-08-23 05:32:39,2026-08-23 05:32:59
EVT-100364,USR-1148,Radiology,LOGIN,2026-08-15 14:20:39,2026-08-15 14:21:01
EVT-104446,USR-1193,Patient Records,EXPORT_REPORT,2026-06-17 01:18:39,2026-06-17 01:18:55
EVT-102314,USR-1137,Billing,EXPORT_REPORT,2026-08-16 15:08:39,2026-08-16 15:08:58
EVT-100560,USR-1172,HR,DELETE_LOG,2026-06-30 22:06:39,2026-06-30 22:06:58
EVT-104261,USR-1037,Patient Records,VIEW_RECORD,2026-07-26 00:16:39,2026-07-26 00:17:01
EVT-102911,USR-1118,HR,DISPENSE_MED,2026-08-16 05:10:39,2026-08-16 15:20:39
EVT-103880,USR-1030,Radiology,DISPENSE_MED,2026-08-13 16:45:39,2026-08-14 06:58:39
EVT-104187,USR-1031,Radiology,EXPORT_REPORT,2026-06-20 13:15:39,2026-06-22 16:00:39
EVT-104100,USR-1016,Radiology,LOGIN,2026-08-12 16:23:39,2026-08-12 16:23:46
EVT-102292,USR-1177,HR,EXPORT_REPORT,2026-06-28 14:16:39,2026-06-28 14:17:07
EVT-103945,USR-1142,HR,EDIT_RECORD,2026-07-21 14:51:39,2026-07-21 14:51:41
EVT-103978,USR-1189,Laboratory,VIEW_RECORD,2026-06-06 21:35:39,2026-06-06 21:36:05
EVT-100428,USR-1132,Laboratory,DELETE_LOG,2026-07-01 20:44:39,2026-07-01 20:45:05
EVT-100957,USR-1200,Administration,LOGIN,2026-07-27 10:45:39,2026-07-27 10:45:46
EVT-101799,USR-1121,Pharmacy,EDIT_RECORD,2026-07-26 03:09:39,2026-07-26 03:09:47
EVT-102714,USR-1172,Radiology,DELETE_LOG,2026-07-31 15:21:39,2026-07-31 15:22:06
EVT-104875,USR-1090,Pharmacy,DELETE_LOG,2026-08-09 17:47:39,2026-08-09 21:35:39
EVT-102742,USR-1096,Patient Records,EXPORT_REPORT,2026-06-30 19:23:39,2026-06-30 19:23:57
EVT-105062,USR-1168,Patient Records,EXPORT_REPORT,2026-06-25 14:32:39,2026-06-25 14:32:58
EVT-103728,USR-1154,Radiology,RUN_TEST,2026-06-11 09:21:39,2026-06-11 09:21:48
EVT-102464,USR-1003,Radiology,EDIT_RECORD,2026-06-22 17:39:39,2026-06-22 17:39:53
EVT-100657,USR-1066,Laboratory,EDIT_RECORD,2026-08-06 07:25:39,2026-08-06 07:25:43
EVT-INV-42,USR-INVALID-9999,Patient Records,INVALID_ACTION,2026-09-03 20:45:39,2026-09-03 20:45:39
EVT-104526,USR-1046,Billing,EDIT_RECORD,2026-07-07 03:38:39,2026-07-07 03:39:09
EVT-101856,USR-1150,Laboratory,DISPENSE_MED,2026-06-14 04:23:39,2026-06-14 04:23:55
EVT-101500,USR-1143,Laboratory,VIEW_RECORD,2026-07-01 22:35:39,2026-07-01 22:35:43
EVT-102041,USR-1145,Laboratory,EDIT_RECORD,2026-09-01 05:46:39,2026-09-01 05:47:02
EVT-103871,USR-1118,HR,EXPORT_REPORT,2026-06-27 02:01:39,2026-06-27 02:02:03
EVT-104348,USR-1112,Radiology,EDIT_RECORD,2026-07-29 08:10:39,2026-07-29 08:10:43
EVT-101455,USR-1148,Radiology,DELETE_LOG,2026-07-31 05:37:39,2026-07-31 05:38:05
EVT-100488,USR-1113,Billing,DISPENSE_MED,2026-06-22 17:05:39,2026-06-22 17:05:45
EVT-103558,USR-1189,Laboratory,EXPORT_REPORT,2026-07-01 19:32:39,2026-07-01 19:32:51
EVT-100854,USR-1113,Patient Records,DISPENSE_MED,2026-07-30 14:50:39,2026-07-30 14:50:52
EVT-102712,USR-1046,Billing,RUN_TEST,2026-08-23 21:49:39,2026-08-23 21:49:41
EVT-102073,USR-1041,Administration,DELETE_LOG,2026-06-28 05:22:39,2026-06-28 05:22:42
EVT-102043,USR-1130,Radiology,LOGIN,2026-07-27 16:11:39,2026-07-27 16:11:43
EVT-103107,USR-1017,Patient Records,EXPORT_REPORT,2026-08-02 21:09:39,2026-08-05 04:17:39
EVT-100896,USR-1119,Radiology,VIEW_RECORD,2026-07-05 14:00:39,2026-07-05 14:00:50
EVT-101966,USR-1080,HR,VIEW_RECORD,2026-06-20 04:23:39,2026-06-20 04:23:49
EVT-101308,USR-1064,Administration,LOGIN,2026-08-03 00:47:39,2026-08-03 00:47:45
EVT-102512,USR-1006,Patient Records,DELETE_LOG,2026-07-25 02:14:39,2026-07-25 02:15:01
EVT-104323,USR-1103,Radiology,DELETE_LOG,2026-08-27 16:26:39,2026-08-27 16:27:09
EVT-103841,USR-1029,Administration,LOGIN,2026-07-04 17:18:39,2026-07-04 17:19:04
EVT-100893,USR-1112,Patient Records,EDIT_RECORD,2026-06-15 22:08:39,2026-06-15 22:08:59
EVT-101770,USR-1156,Patient Records,RUN_TEST,2026-06-20 12:53:39,2026-06-20 12:53:51
EVT-104600,USR-1117,Pharmacy,EDIT_RECORD,2026-08-19 08:57:39,2026-08-19 08:58:02
EVT-100089,USR-1163,Laboratory,DISPENSE_MED,2026-07-27 07:31:39,2026-07-27 07:31:46
EVT-103336,USR-1180,HR,LOGIN,2026-07-02 13:36:39,2026-07-02 13:37:03
EVT-101222,USR-1110,Patient Records,DELETE_LOG,2026-08-19 13:16:39,2026-08-19 13:16:43
EVT-104189,USR-1047,Billing,LOGIN,2026-06-11 10:27:39,2026-06-11 10:27:50
EVT-105187,USR-1061,Billing,RUN_TEST,2026-06-19 11:16:39,2026-06-19 11:17:01
EVT-102973,USR-1191,Patient Records,DISPENSE_MED,2026-08-07 14:27:39,2026-08-07 14:27:50
EVT-101734,USR-1008,Radiology,RUN_TEST,2026-07-20 23:52:39,2026-07-20 23:52:48
EVT-103163,USR-1064,Administration,EDIT_RECORD,2026-08-16 02:01:39,2026-08-16 02:01:44
EVT-103357,USR-1071,Radiology,RUN_TEST,2026-08-22 10:35:39,2026-08-22 10:35:46
EVT-100950,USR-1184,Billing,EXPORT_REPORT,2026-07-09 08:29:39,2026-07-09 08:29:47
EVT-103119,USR-1054,Pharmacy,DELETE_LOG,2026-08-24 06:16:39,2026-08-24 06:16:55
EVT-103748,USR-1010,HR,EDIT_RECORD,2026-08-25 03:00:39,2026-08-25 03:00:54
EVT-104994,USR-1048,Pharmacy,LOGIN,2026-06-11 23:31:39,2026-06-11 23:31:42
EVT-104180,USR-1188,Administration,EXPORT_REPORT,2026-07-20 12:44:39,2026-07-23 10:37:39
EVT-INV-33,,Patient Records,INVALID_ACTION,INVALID_DATE,2026-09-03 20:45:39
EVT-102354,USR-1027,Radiology,EXPORT_REPORT,2026-09-03 19:11:39,2026-09-03 19:11:55
EVT-104857,USR-1035,Laboratory,LOGIN,2026-07-17 12:21:39,2026-07-17 12:21:47
EVT-101688,USR-1111,HR,EXPORT_REPORT,2026-08-21 04:35:39,2026-08-21 04:35:49
EVT-103982,USR-1135,Pharmacy,RUN_TEST,2026-07-29 03:47:39,2026-07-29 03:47:45
EVT-101196,USR-1021,HR,DELETE_LOG,2026-08-01 15:21:39,2026-08-01 15:22:09
EVT-102099,USR-1058,HR,RUN_TEST,2026-07-03 08:27:39,2026-07-03 08:27:46
EVT-101747,USR-1056,Pharmacy,LOGIN,2026-06-12 11:23:39,2026-06-12 11:23:55
EVT-101463,USR-1164,Laboratory,LOGIN,2026-08-06 05:33:39,2026-08-06 05:33:49
EVT-104170,USR-1159,Billing,RUN_TEST,2026-07-28 07:19:39,2026-07-28 07:20:04
EVT-102571,USR-1005,HR,EDIT_RECORD,2026-08-01 03:40:39,2026-08-01 19:50:39
EVT-104583,USR-1194,Patient Records,EXPORT_REPORT,2026-08-07 00:53:39,2026-08-07 00:54:06
EVT-103295,USR-1065,Laboratory,EDIT_RECORD,2026-07-16 09:32:39,2026-07-16 09:32:49
EVT-105198,USR-1166,Laboratory,EDIT_RECORD,2026-08-02 04:58:39,2026-08-02 04:58:59
EVT-104908,USR-1157,Laboratory,DISPENSE_MED,2026-06-22 23:17:39,2026-06-22 23:18:01
EVT-100951,USR-1132,Laboratory,DELETE_LOG,2026-08-30 20:29:39,2026-08-30 20:29:49
EVT-100583,USR-1164,Laboratory,VIEW_RECORD,2026-06-19 16:27:39,2026-06-19 16:28:05
EVT-104730,USR-1164,Pharmacy,DISPENSE_MED,2026-06-23 17:51:39,2026-06-23 17:51:55
EVT-100915,USR-1121,Pharmacy,EXPORT_REPORT,2026-06-28 14:48:39,2026-06-28 14:49:11
EVT-100219,USR-1005,Radiology,DELETE_LOG,2026-06-16 12:17:39,2026-06-16 12:17:56
EVT-102203,USR-1006,Pharmacy,DELETE_LOG,2026-08-31 05:35:39,2026-08-31 05:36:02
EVT-101829,USR-1129,HR,EXPORT_REPORT,2026-06-10 23:44:39,2026-06-10 23:45:07
EVT-104964,USR-1078,Pharmacy,EDIT_RECORD,2026-07-18 19:20:39,2026-07-18 19:20:56
EVT-104791,USR-1083,HR,EDIT_RECORD,2026-08-04 20:28:39,2026-08-04 20:29:04
EVT-103575,USR-1160,Administration,RUN_TEST,2026-08-12 22:05:39,2026-08-12 22:05:52
EVT-103598,USR-1152,Patient Records,EXPORT_REPORT,2026-08-24 14:58:39,2026-08-24 14:59:02
EVT-101794,USR-1197,Radiology,RUN_TEST,2026-07-10 12:16:39,2026-07-10 12:17:01
EVT-102617,USR-1176,Pharmacy,DISPENSE_MED,2026-07-22 11:00:39,2026-07-22 11:00:40
EVT-102388,USR-1091,Laboratory,VIEW_RECORD,2026-08-25 18:00:39,2026-08-25 18:01:00
EVT-100154,USR-1095,HR,EXPORT_REPORT,2026-07-16 03:07:39,2026-07-16 03:07:53
EVT-103047,USR-1023,Patient Records,EDIT_RECORD,2026-08-15 16:49:39,2026-08-15 16:49:44
EVT-100306,USR-1018,Billing,DISPENSE_MED,2026-08-18 09:46:39,2026-08-18 09:47:07
EVT-102465,USR-1036,Laboratory,EDIT_RECORD,2026-06-13 22:34:39,2026-06-13 22:34:47
EVT-102187,USR-1164,Pharmacy,RUN_TEST,2026-06-15 10:42:39,2026-06-15 10:42:52
EVT-104864,USR-1155,Patient Records,LOGIN,2026-06-21 12:58:39,2026-06-21 12:58:41
EVT-103828,USR-1118,Pharmacy,LOGIN,2026-07-22 16:01:39,2026-07-22 16:01:52
EVT-103356,USR-1065,Radiology,DISPENSE_MED,2026-06-17 07:52:39,2026-06-17 07:52:57
EVT-104742,USR-1106,HR,EXPORT_REPORT,2026-07-08 22:19:39,2026-07-08 22:19:43
EVT-103073,USR-1053,HR,DISPENSE_MED,2026-06-08 02:33:39,2026-06-08 02:33:57
EVT-104140,USR-1160,Laboratory,EDIT_RECORD,2026-06-09 15:30:39,2026-06-09 15:30:45
EVT-101329,USR-1124,Pharmacy,DELETE_LOG,2026-07-26 19:42:39,2026-07-26 19:42:44
EVT-100467,USR-1004,Administration,EDIT_RECORD,2026-06-06 20:14:39,2026-06-06 20:14:51
EVT-101819,USR-1139,Laboratory,DISPENSE_MED,2026-08-07 12:30:39,2026-08-07 12:30:42
EVT-102195,USR-1002,Laboratory,DELETE_LOG,2026-06-12 02:39:39,2026-06-12 02:39:47
EVT-101641,USR-1030,Laboratory,EDIT_RECORD,2026-07-27 08:30:39,2026-07-27 08:30:49
EVT-100813,USR-1042,Billing,EXPORT_REPORT,2026-08-03 10:33:39,2026-08-03 10:34:05
EVT-100202,USR-1075,Administration,EXPORT_REPORT,2026-08-22 12:12:39,2026-08-22 12:13:00
EVT-103486,USR-1115,Patient Records,EXPORT_REPORT,2026-08-31 09:21:39,2026-08-31 09:21:57
EVT-101322,USR-1029,Administration,EDIT_RECORD,2026-06-27 11:59:39,2026-06-27 12:00:08
EVT-103250,USR-1086,Patient Records,LOGIN,2026-08-31 20:26:39,2026-08-31 20:27:04
EVT-102655,USR-1182,Administration,EXPORT_REPORT,2026-07-11 23:56:39,2026-07-11 23:56:41
EVT-100930,USR-1047,Billing,EXPORT_REPORT,2026-07-08 22:47:39,2026-07-08 22:47:55
EVT-103835,USR-1168,Radiology,VIEW_RECORD,2026-08-29 23:57:39,2026-08-29 23:57:48
EVT-105078,USR-1126,Patient Records,RUN_TEST,2026-08-04 12:07:39,2026-08-04 12:08:05
EVT-103083,USR-1176,Patient Records,LOGIN,2026-06-22 19:54:39,2026-06-22 19:54:57
EVT-100420,USR-1144,Administration,EXPORT_REPORT,2026-06-25 21:43:39,2026-06-25 21:43:53
EVT-102874,USR-1093,Billing,DISPENSE_MED,2026-07-07 01:28:39,2026-07-07 01:29:00
EVT-103768,USR-1199,Radiology,VIEW_RECORD,2026-06-30 19:24:39,2026-06-30 19:24:47
EVT-102669,USR-1191,HR,EXPORT_REPORT,2026-07-10 18:01:39,2026-07-10 18:01:42
EVT-105090,USR-1148,Radiology,VIEW_RECORD,2026-06-26 23:13:39,2026-06-26 23:13:49
EVT-103896,USR-1077,Pharmacy,LOGIN,2026-07-16 00:12:39,2026-07-16 00:12:49
EVT-101980,USR-1176,Pharmacy,RUN_TEST,2026-06-30 01:16:39,2026-06-30 01:17:04
EVT-105089,USR-1162,Patient Records,EXPORT_REPORT,2026-06-23 10:17:39,2026-06-23 10:18:00
EVT-104747,USR-1166,Laboratory,DISPENSE_MED,2026-08-31 11:49:39,2026-08-31 11:49:43
EVT-100262,USR-1022,Patient Records,DELETE_LOG,2026-07-07 23:06:39,2026-07-07 23:07:04
EVT-101276,USR-1048,Radiology,RUN_TEST,2026-07-11 17:48:39,2026-07-11 17:48:52
EVT-100313,USR-1141,Radiology,EDIT_RECORD,2026-07-22 12:20:39,2026-07-22 12:21:04
EVT-104906,USR-1186,Patient Records,EXPORT_REPORT,2026-06-26 09:03:39,2026-06-26 09:03:51
EVT-100858,USR-1045,Administration,EXPORT_REPORT,2026-08-06 18:04:39,2026-08-06 18:04:43
EVT-104463,USR-1041,Radiology,VIEW_RECORD,2026-06-17 18:53:39,2026-06-17 18:54:07
EVT-102086,USR-1037,Pharmacy,LOGIN,2026-06-07 12:05:39,2026-06-07 12:05:47
EVT-101506,USR-1153,Laboratory,EDIT_RECORD,2026-07-08 00:05:39,2026-07-08 00:05:44
EVT-104116,USR-1004,Laboratory,LOGIN,2026-07-27 15:42:39,2026-07-27 15:42:56
EVT-100184,USR-1143,HR,RUN_TEST,2026-08-15 18:21:39,2026-08-15 18:21:59
EVT-105172,USR-1048,Administration,EDIT_RECORD,2026-07-04 07:28:39,2026-07-04 07:29:06
EVT-101148,USR-1130,Billing,RUN_TEST,2026-06-21 17:44:39,2026-06-21 17:44:46
EVT-104119,USR-1056,Pharmacy,DISPENSE_MED,2026-06-09 00:37:39,2026-06-09 00:38:08
EVT-102912,USR-1156,Pharmacy,LOGIN,2026-08-04 03:15:39,2026-08-04 03:16:03
EVT-101122,USR-1163,HR,EXPORT_REPORT,2026-07-31 19:11:39,2026-07-31 19:12:09
EVT-104625,USR-1160,Laboratory,RUN_TEST,2026-07-08 11:54:39,2026-07-08 11:55:06
EVT-100912,USR-1016,Administration,EXPORT_REPORT,2026-07-10 16:52:39,2026-07-10 16:52:46
EVT-104126,USR-1178,Patient Records,RUN_TEST,2026-07-27 22:10:39,2026-07-27 22:10:49
EVT-103593,USR-1087,Radiology,RUN_TEST,2026-06-30 17:45:39,2026-06-30 17:45:45
EVT-102767,USR-1191,Patient Records,EXPORT_REPORT,2026-07-14 03:42:39,2026-07-14 03:42:43
EVT-102472,USR-1150,Laboratory,RUN_TEST,2026-06-21 03:05:39,2026-06-21 03:05:54
EVT-102531,USR-1199,Radiology,DISPENSE_MED,2026-06-28 15:24:39,2026-06-28 15:25:07
EVT-101960,USR-1038,Patient Records,EDIT_RECORD,2026-06-27 14:33:39,2026-06-27 14:34:05
EVT-104502,USR-1127,HR,RUN_TEST,2026-08-08 23:51:39,2026-08-08 23:51:42
EVT-100384,USR-1118,Billing,DISPENSE_MED,2026-07-02 17:47:39,2026-07-02 17:48:04
EVT-104265,USR-1159,Administration,VIEW_RECORD,2026-06-10 05:45:39,2026-06-10 05:45:58
EVT-104317,USR-1099,Administration,LOGIN,2026-08-21 23:47:39,2026-08-21 23:48:07
EVT-101465,USR-1070,HR,VIEW_RECORD,2026-08-06 05:47:39,2026-08-06 05:48:03
EVT-104872,USR-1148,HR,VIEW_RECORD,2026-08-29 04:16:39,2026-08-29 04:16:46
EVT-104316,USR-1030,Administration,EXPORT_REPORT,2026-07-10 06:09:39,2026-07-10 06:09:41
EVT-102770,USR-1081,Pharmacy,EDIT_RECORD,2026-06-25 17:42:39,2026-06-26 12:05:39
EVT-104167,USR-1018,Radiology,RUN_TEST,2026-08-17 01:52:39,2026-08-17 01:53:08
EVT-104211,USR-1144,Administration,DISPENSE_MED,2026-08-26 12:34:39,2026-08-26 12:34:57
EVT-103466,USR-1018,Pharmacy,EDIT_RECORD,2026-08-13 10:55:39,2026-08-13 10:56:09
EVT-103458,USR-1199,Administration,EDIT_RECORD,2026-08-05 00:28:39,2026-08-05 00:28:42
EVT-102791,USR-1098,HR,DISPENSE_MED,2026-08-19 00:44:39,2026-08-19 00:44:51
EVT-100175,USR-1023,Patient Records,RUN_TEST,2026-06-19 14:05:39,2026-06-19 14:05:50
EVT-102590,USR-1054,Billing,DELETE_LOG,2026-06-29 11:34:39,2026-06-29 11:34:59
EVT-101394,USR-1186,Patient Records,LOGIN,2026-07-31 11:17:39,2026-07-31 11:17:43
EVT-101349,USR-1146,Patient Records,EXPORT_REPORT,2026-06-24 23:26:39,2026-06-24 23:26:59
EVT-101323,USR-1126,Pharmacy,RUN_TEST,2026-06-29 18:48:39,2026-06-29 18:49:06
EVT-100411,USR-1003,Billing,VIEW_RECORD,2026-06-26 15:46:39,2026-06-26 15:47:08
EVT-100894,USR-1033,Radiology,DELETE_LOG,2026-08-05 21:25:39,2026-08-05 21:25:50
EVT-103604,USR-1081,Billing,LOGIN,2026-08-10 17:11:39,2026-08-10 17:11:55
EVT-104561,USR-1019,Laboratory,DELETE_LOG,2026-08-03 08:18:39,2026-08-03 08:19:07
EVT-102696,USR-1091,Administration,DELETE_LOG,2026-06-13 17:06:39,2026-06-13 17:07:09
EVT-103299,USR-1166,Radiology,RUN_TEST,2026-06-12 11:08:39,2026-06-12 11:09:04
EVT-104306,USR-1071,Pharmacy,RUN_TEST,2026-07-12 19:58:39,2026-07-12 19:58:48
EVT-100700,USR-1054,Pharmacy,DISPENSE_MED,2026-07-24 04:46:39,2026-07-24 04:47:07
EVT-103138,USR-1057,Administration,EXPORT_REPORT,2026-08-04 12:44:39,2026-08-04 12:44:41
EVT-104392,USR-1157,Laboratory,EDIT_RECORD,2026-06-17 20:16:39,2026-06-17 20:16:44
EVT-103030,USR-1115,Patient Records,LOGIN,2026-06-10 19:35:39,2026-06-10 19:36:05
EVT-100968,USR-1079,HR,LOGIN,2026-07-15 09:01:39,2026-07-15 09:01:49
EVT-104960,USR-1011,Patient Records,DISPENSE_MED,2026-07-22 13:10:39,2026-07-22 13:10:44
EVT-101995,USR-1100,Radiology,EDIT_RECORD,2026-07-09 21:03:39,2026-07-09 21:03:58
EVT-103279,USR-1080,HR,EDIT_RECORD,2026-06-19 20:54:39,2026-06-19 20:55:08
EVT-100055,USR-1075,Laboratory,EDIT_RECORD,2026-07-15 19:05:39,2026-07-15 19:05:50
EVT-101828,USR-1056,Billing,LOGIN,2026-06-22 08:58:39,2026-06-22 08:58:52
EVT-102829,USR-1162,HR,EXPORT_REPORT,2026-08-04 03:44:39,2026-08-04 03:44:55
EVT-101452,USR-1052,Billing,VIEW_RECORD,2026-07-30 03:47:39,2026-07-30 03:48:03
EVT-101386,USR-1096,Administration,EDIT_RECORD,2026-08-21 08:43:39,2026-08-21 08:43:42
EVT-100783,USR-1084,Patient Records,EDIT_RECORD,2026-06-25 20:02:39,2026-06-27 10:33:39
EVT-103992,USR-1060,HR,EXPORT_REPORT,2026-06-07 15:51:39,2026-06-07 15:51:52
EVT-100923,USR-1058,Radiology,DELETE_LOG,2026-07-28 19:55:39,2026-07-28 19:56:01
EVT-104565,USR-1020,Billing,EXPORT_REPORT,2026-08-30 13:44:39,2026-08-30 13:44:59
EVT-104829,USR-1026,Administration,LOGIN,2026-08-25 02:51:39,2026-08-25 02:51:50
EVT-104408,USR-1076,Patient Records,DISPENSE_MED,2026-07-22 16:56:39,2026-07-22 16:56:45
EVT-102125,USR-1178,Billing,EDIT_RECORD,2026-06-09 13:23:39,2026-06-09 13:23:58
EVT-103532,USR-1030,HR,VIEW_RECORD,2026-06-14 20:07:39,2026-06-14 20:07:50
EVT-101695,USR-1176,Patient Records,DELETE_LOG,2026-07-14 19:47:39,2026-07-14 19:47:42
EVT-102516,USR-1174,HR,DELETE_LOG,2026-06-19 01:53:39,2026-06-19 01:54:02
EVT-102094,USR-1002,HR,DISPENSE_MED,2026-09-03 18:55:39,2026-09-03 18:55:46
EVT-101886,USR-1034,Patient Records,EDIT_RECORD,2026-08-23 06:20:39,2026-08-23 06:20:57
EVT-104653,USR-1032,Radiology,LOGIN,2026-08-25 15:33:39,2026-08-25 15:33:47
EVT-102011,USR-1123,HR,EDIT_RECORD,2026-08-18 15:12:39,2026-08-18 15:12:43
EVT-104641,USR-1129,Laboratory,EDIT_RECORD,2026-08-15 13:15:39,2026-08-15 13:15:46
EVT-100182,USR-1122,HR,RUN_TEST,2026-08-28 22:56:39,2026-08-28 22:56:44
EVT-101296,USR-1147,Billing,LOGIN,2026-07-10 13:56:39,2026-07-10 13:56:45
EVT-104504,USR-1033,Radiology,DELETE_LOG,2026-08-07 08:27:39,2026-08-07 08:27:54
EVT-100994,USR-1040,HR,DISPENSE_MED,2026-06-14 23:21:39,2026-06-14 23:21:45
EVT-100190,USR-1152,Patient Records,RUN_TEST,2026-06-29 11:50:39,2026-06-29 11:50:55
EVT-103774,USR-1033,Billing,DISPENSE_MED,2026-08-21 16:47:39,2026-08-21 16:47:59
EVT-101861,USR-1022,Patient Records,EXPORT_REPORT,2026-08-03 13:10:39,2026-08-03 13:10:52
EVT-103696,USR-1121,Radiology,LOGIN,2026-06-12 16:15:39,2026-06-12 16:15:40
EVT-102489,USR-1153,Patient Records,DISPENSE_MED,2026-06-29 12:58:39,2026-06-29 12:58:42
EVT-101245,USR-1029,Administration,RUN_TEST,2026-08-16 02:15:39,2026-08-16 02:15:42
EVT-104860,USR-1070,HR,DELETE_LOG,2026-06-17 05:19:39,2026-06-17 05:19:45
EVT-104558,USR-1028,HR,EXPORT_REPORT,2026-08-12 10:32:39,2026-08-12 10:32:57
EVT-103480,USR-1108,Administration,DISPENSE_MED,2026-06-24 20:17:39,2026-06-24 20:17:59
EVT-103809,USR-1057,HR,EDIT_RECORD,2026-07-27 07:25:39,2026-07-27 07:25:55
EVT-104590,USR-1027,Radiology,DISPENSE_MED,2026-07-12 06:24:39,2026-07-12 06:24:49
EVT-104713,USR-1085,Billing,DISPENSE_MED,2026-08-25 20:01:39,2026-08-25 20:01:46
EVT-102894,USR-1118,HR,EDIT_RECORD,2026-07-01 00:01:39,2026-07-01 00:01:50
EVT-103709,USR-1143,Laboratory,EDIT_RECORD,2026-06-09 03:53:39,2026-06-11 23:24:39
EVT-101126,USR-1058,Laboratory,VIEW_RECORD,2026-08-17 04:28:39,2026-08-17 04:28:48
EVT-100918,USR-1162,Radiology,VIEW_RECORD,2026-06-15 16:11:39,2026-06-15 16:12:05
EVT-100947,USR-1012,Billing,LOGIN,2026-09-02 17:55:39,2026-09-02 17:55:42
EVT-103660,USR-1178,Billing,VIEW_RECORD,2026-07-02 00:58:39,2026-07-02 00:58:49
EVT-102486,USR-1075,Patient Records,LOGIN,2026-07-09 23:47:39,2026-07-09 23:47:53
EVT-102267,USR-1152,HR,DISPENSE_MED,2026-06-24 21:21:39,2026-06-24 21:21:47
EVT-101588,USR-1081,Billing,DISPENSE_MED,2026-07-27 07:05:39,2026-07-27 07:05:48
EVT-100590,USR-1160,Administration,DELETE_LOG,2026-07-27 09:51:39,2026-07-27 09:52:08
EVT-102273,USR-1043,Laboratory,DELETE_LOG,2026-08-22 03:05:39,2026-08-22 03:06:04
EVT-102415,USR-1148,Pharmacy,DISPENSE_MED,2026-07-27 11:36:39,2026-07-27 11:36:43
EVT-104898,USR-1053,HR,DISPENSE_MED,2026-06-15 22:04:39,2026-06-15 22:05:07
EVT-103193,USR-1058,Laboratory,RUN_TEST,2026-08-02 09:08:39,2026-08-02 09:08:55
EVT-101971,USR-1172,HR,DISPENSE_MED,2026-08-08 23:26:39,2026-08-08 23:26:57
EVT-100899,USR-1147,Billing,DISPENSE_MED,2026-09-03 11:25:39,2026-09-03 11:26:01
EVT-100541,USR-1132,HR,DELETE_LOG,2026-07-16 23:23:39,2026-07-17 14:51:39
EVT-102401,USR-1178,Patient Records,EDIT_RECORD,2026-08-22 01:58:39,2026-08-22 01:58:43
EVT-104238,USR-1077,Pharmacy,EXPORT_REPORT,2026-07-14 17:44:39,2026-07-14 17:44:40
EVT-100193,USR-1140,Pharmacy,DELETE_LOG,2026-08-24 03:09:39,2026-08-24 03:09:46
EVT-100486,USR-1060,Radiology,EDIT_RECORD,2026-08-06 19:44:39,2026-08-06 19:45:07
EVT-103577,USR-1008,Radiology,LOGIN,2026-07-07 02:49:39,2026-07-07 02:49:42
EVT-105020,USR-1070,Pharmacy,RUN_TEST,2026-09-02 22:25:39,2026-09-02 22:26:09
EVT-102442,USR-1019,Pharmacy,DELETE_LOG,2026-08-07 00:39:39,2026-08-07 00:40:03
EVT-103956,USR-1200,Billing,RUN_TEST,2026-08-18 05:30:39,2026-08-18 05:30:48
EVT-INV-14,USR-INVALID-9999,Patient Records,INVALID_ACTION,2026-09-03 20:45:39,2026-09-03 20:45:39
EVT-103115,USR-1082,Administration,LOGIN,2026-07-13 21:31:39,2026-07-13 21:32:01
EVT-102930,USR-1085,Patient Records,DELETE_LOG,2026-07-25 14:47:39,2026-07-25 14:47:51
EVT-104432,USR-1006,Patient Records,EDIT_RECORD,2026-08-07 01:11:39,2026-08-07 01:12:06
EVT-101646,USR-1106,Pharmacy,RUN_TEST,2026-08-27 05:07:39,2026-08-27 05:07:46
EVT-103750,USR-1051,Patient Records,DISPENSE_MED,2026-08-18 07:46:39,2026-08-18 07:46:41
EVT-104546,USR-1136,Billing,DISPENSE_MED,2026-08-07 05:35:39,2026-08-07 05:36:01
EVT-104002,USR-1066,Pharmacy,DISPENSE_MED,2026-06-24 23:12:39,2026-06-24 23:12:52
EVT-100218,USR-1075,Billing,DELETE_LOG,2026-07-18 04:53:39,2026-07-18 04:53:50
EVT-101097,USR-1092,Billing,EDIT_RECORD,2026-08-22 15:27:39,2026-08-22 15:28:00
EVT-100806,USR-1075,Patient Records,EXPORT_REPORT,2026-06-06 15:49:39,2026-06-06 15:50:01
EVT-103171,USR-1103,Pharmacy,LOGIN,2026-06-27 18:01:39,2026-06-27 18:01:49
EVT-104787,USR-1159,Radiology,EXPORT_REPORT,2026-08-14 22:05:39,2026-08-14 22:05:43
EVT-100818,USR-1024,Pharmacy,EDIT_RECORD,2026-06-26 22:58:39,2026-06-26 22:58:40
EVT-100723,USR-1142,Billing,DELETE_LOG,2026-08-01 10:02:39,2026-08-01 10:02:55
EVT-102734,USR-1087,Laboratory,RUN_TEST,2026-06-20 23:13:39,2026-06-20 23:13:46
EVT-100229,USR-1166,Billing,RUN_TEST,2026-08-25 13:07:39,2026-08-25 13:07:51
EVT-100939,USR-1151,HR,DISPENSE_MED,2026-08-29 21:04:39,2026-08-29 21:05:00
EVT-101478,USR-1116,HR,RUN_TEST,2026-08-28 00:55:39,2026-08-28 00:55:58
EVT-100892,USR-1064,Pharmacy,EXPORT_REPORT,2026-08-23 16:07:39,2026-08-23 16:08:03
EVT-103270,USR-1076,Billing,VIEW_RECORD,2026-08-05 14:07:39,2026-08-05 14:07:41
EVT-101949,USR-1116,HR,EDIT_RECORD,2026-08-23 02:29:39,2026-08-23 02:29:40
EVT-101237,USR-1047,Billing,EXPORT_REPORT,2026-06-13 03:17:39,2026-06-13 03:17:57
EVT-100650,USR-1058,HR,EXPORT_REPORT,2026-07-28 06:38:39,2026-07-28 06:38:50
EVT-104371,USR-1037,Radiology,EDIT_RECORD,2026-08-30 07:26:39,2026-08-30 07:27:00
EVT-103924,USR-1130,Administration,EDIT_RECORD,2026-06-22 18:54:39,2026-06-22 18:54:45
EVT-100139,USR-1017,Patient Records,VIEW_RECORD,2026-08-28 20:17:39,2026-08-28 20:17:54
EVT-101275,USR-1060,Radiology,DELETE_LOG,2026-06-28 09:22:39,2026-06-28 09:23:05
EVT-100188,USR-1147,Billing,DELETE_LOG,2026-08-06 01:23:39,2026-08-06 01:23:58
EVT-101683,USR-1179,Billing,EDIT_RECORD,2026-07-30 06:33:39,2026-07-30 06:33:48
EVT-102737,USR-1018,Patient Records,LOGIN,2026-08-30 02:06:39,2026-08-30 02:07:12
EVT-103632,USR-1078,Administration,RUN_TEST,2026-06-27 21:24:39,2026-06-27 21:24:41
EVT-104970,USR-1079,Laboratory,RUN_TEST,2026-06-18 03:42:39,2026-06-18 03:42:48
EVT-104135,USR-1053,Radiology,EXPORT_REPORT,2026-07-09 15:22:39,2026-07-09 15:22:59
EVT-103318,USR-1111,Patient Records,DELETE_LOG,2026-07-15 13:42:39,2026-07-15 13:42:56
EVT-101374,USR-1051,Patient Records,VIEW_RECORD,2026-06-20 21:59:39,2026-06-20 21:59:43
EVT-103200,USR-1166,Pharmacy,EXPORT_REPORT,2026-06-07 00:49:39,2026-06-07 00:50:02
EVT-103028,USR-1189,Pharmacy,DELETE_LOG,2026-08-27 07:42:39,2026-08-27 07:42:42
EVT-104335,USR-1109,Laboratory,LOGIN,2026-07-15 14:32:39,2026-07-15 14:33:00
EVT-100476,USR-1025,Pharmacy,LOGIN,2026-08-22 04:11:39,2026-08-22 04:11:43
EVT-104048,USR-1037,Patient Records,RUN_TEST,2026-08-29 07:11:39,2026-08-29 07:12:01
EVT-102625,USR-1039,HR,EXPORT_REPORT,2026-06-23 16:54:39,2026-06-23 16:54:42
EVT-100531,USR-1197,Radiology,LOGIN,2026-08-31 21:07:39,2026-08-31 21:07:56
EVT-102890,USR-1143,Billing,DELETE_LOG,2026-08-04 08:57:39,2026-08-04 08:57:53
EVT-100544,USR-1094,Laboratory,LOGIN,2026-08-18 09:41:39,2026-08-18 09:41:52
EVT-103792,USR-1037,HR,EDIT_RECORD,2026-06-22 17:19:39,2026-06-22 17:19:43
EVT-101722,USR-1066,Laboratory,EDIT_RECORD,2026-06-30 09:46:39,2026-06-30 09:46:40
EVT-103707,USR-1191,Patient Records,RUN_TEST,2026-07-15 04:58:39,2026-07-15 04:58:43
EVT-100326,USR-1183,Laboratory,LOGIN,2026-07-03 11:16:39,2026-07-03 11:16:47
EVT-100635,USR-1054,Billing,LOGIN,2026-08-06 01:23:39,2026-08-06 01:23:55
EVT-101660,USR-1060,HR,EXPORT_REPORT,2026-07-09 05:43:39,2026-07-09 05:43:49
EVT-104141,USR-1093,Billing,EDIT_RECORD,2026-07-05 04:18:39,2026-07-05 04:18:57
EVT-102572,USR-1011,Billing,VIEW_RECORD,2026-09-03 07:52:39,2026-09-03 07:52:58
EVT-104067,USR-1132,Billing,DISPENSE_MED,2026-06-14 20:41:39,2026-06-15 15:53:39
EVT-103447,USR-1088,HR,VIEW_RECORD,2026-06-16 05:52:39,2026-06-16 05:52:47
EVT-103647,USR-1013,HR,VIEW_RECORD,2026-08-09 19:00:39,2026-08-09 19:01:09
EVT-104935,USR-1199,Billing,DISPENSE_MED,2026-06-13 06:04:39,2026-06-13 06:05:05
EVT-102126,USR-1057,Pharmacy,VIEW_RECORD,2026-07-18 23:57:39,2026-07-18 23:58:03
EVT-102646,USR-1023,HR,RUN_TEST,2026-08-28 11:00:39,2026-08-28 11:01:00
EVT-103659,USR-1184,Pharmacy,DELETE_LOG,2026-06-15 21:27:39,2026-06-15 21:28:00
EVT-103818,USR-1098,HR,VIEW_RECORD,2026-06-11 15:18:39,2026-06-11 15:19:02
EVT-102299,USR-1017,Laboratory,RUN_TEST,2026-07-31 20:53:39,2026-08-03 10:34:39
EVT-105197,USR-1033,Billing,EXPORT_REPORT,2026-07-07 15:14:39,2026-07-07 15:14:40
EVT-103671,USR-1023,Billing,EXPORT_REPORT,2026-06-23 17:27:39,2026-06-23 17:27:47
EVT-104286,USR-1134,Patient Records,EDIT_RECORD,2026-08-16 02:59:39,2026-08-18 07:37:39
EVT-102592,USR-1083,Billing,EDIT_RECORD,2026-07-07 05:55:39,2026-07-07 05:55:52
EVT-104404,USR-1018,Pharmacy,DISPENSE_MED,2026-07-20 15:24:39,2026-07-20 15:25:02
EVT-100295,USR-1144,Administration,RUN_TEST,2026-06-29 01:43:39,2026-06-29 01:43:51
EVT-104703,USR-1115,Administration,RUN_TEST,2026-07-07 07:34:39,2026-07-07 07:34:59
EVT-103863,USR-1189,Laboratory,LOGIN,2026-06-30 18:29:39,2026-06-30 18:29:54
EVT-105002,USR-1134,Laboratory,RUN_TEST,2026-08-14 15:09:39,2026-08-14 15:09:41
EVT-101403,USR-1001,Laboratory,LOGIN,2026-06-20 18:41:39,2026-06-22 13:11:39
EVT-104993,USR-1101,Radiology,LOGIN,2026-07-24 20:27:39,2026-07-24 20:28:08
EVT-100221,USR-1085,Patient Records,EXPORT_REPORT,2026-06-17 03:33:39,2026-06-17 03:33:40
EVT-104118,USR-1154,Radiology,DELETE_LOG,2026-07-27 20:19:39,2026-07-27 20:20:09
EVT-104995,USR-1126,Pharmacy,VIEW_RECORD,2026-07-25 07:13:39,2026-07-25 07:13:41
EVT-100976,USR-1168,Patient Records,EDIT_RECORD,2026-07-24 08:10:39,2026-07-24 08:11:05
EVT-105169,USR-1141,Radiology,RUN_TEST,2026-07-07 09:28:39,2026-07-07 09:28:42
EVT-101803,USR-1179,Patient Records,LOGIN,2026-08-27 21:24:39,2026-08-27 21:24:54
EVT-101184,USR-1001,Laboratory,EXPORT_REPORT,2026-08-22 12:12:39,2026-08-22 12:13:00
EVT-104628,USR-1034,Patient Records,RUN_TEST,2026-08-15 22:58:39,2026-08-15 22:59:05
EVT-101094,USR-1029,Radiology,LOGIN,2026-08-29 09:51:39,2026-08-29 09:51:55
EVT-101930,USR-1046,Pharmacy,DISPENSE_MED,2026-07-08 10:16:39,2026-07-08 10:17:00
EVT-101252,USR-1196,Billing,EDIT_RECORD,2026-07-10 16:33:39,2026-07-10 16:33:46
EVT-103444,USR-1125,Patient Records,DISPENSE_MED,2026-08-19 05:51:39,2026-08-19 05:51:50
EVT-100192,USR-1117,Pharmacy,VIEW_RECORD,2026-09-03 17:18:39,2026-09-03 17:18:54
EVT-103395,USR-1020,Patient Records,VIEW_RECORD,2026-06-26 02:20:39,2026-06-26 02:20:56
EVT-102560,USR-1042,Billing,RUN_TEST,2026-06-25 20:35:39,2026-06-28 19:20:39
EVT-102785,USR-1199,Radiology,RUN_TEST,2026-06-19 19:49:39,2026-06-19 19:49:57
EVT-102964,USR-1033,Laboratory,LOGIN,2026-06-06 09:41:39,2026-06-06 09:41:40
EVT-103126,USR-1150,Laboratory,RUN_TEST,2026-08-01 18:03:39,2026-08-01 18:03:49
EVT-105118,USR-1057,Pharmacy,EDIT_RECORD,2026-07-01 00:10:39,2026-07-01 00:10:53
EVT-102416,USR-1122,Administration,DELETE_LOG,2026-08-09 08:39:39,2026-08-09 08:40:03
EVT-105016,USR-1033,Patient Records,EDIT_RECORD,2026-09-01 17:39:39,2026-09-01 17:39:40
EVT-104102,USR-1171,Laboratory,EDIT_RECORD,2026-06-15 04:32:39,2026-06-16 17:08:39
EVT-104243,USR-1027,Billing,EXPORT_REPORT,2026-08-09 15:58:39,2026-08-09 15:58:41
EVT-100740,USR-1033,Patient Records,EXPORT_REPORT,2026-07-24 10:48:39,2026-07-24 10:48:54
EVT-100756,USR-1148,Pharmacy,DISPENSE_MED,2026-06-08 03:10:39,2026-06-08 03:10:40
EVT-103044,USR-1027,Radiology,DISPENSE_MED,2026-08-02 05:03:39,2026-08-02 05:03:49
EVT-100709,USR-1061,Billing,EDIT_RECORD,2026-08-20 20:50:39,2026-08-23 13:40:39
EVT-101751,USR-1179,Billing,RUN_TEST,2026-07-09 15:52:39,2026-07-09 15:52:42
EVT-101490,USR-1169,Patient Records,DISPENSE_MED,2026-08-10 22:36:39,2026-08-10 22:37:01
EVT-103301,USR-1191,HR,RUN_TEST,2026-07-18 15:32:39,2026-07-18 15:32:48
EVT-103146,USR-1051,Administration,VIEW_RECORD,2026-06-28 16:52:39,2026-06-28 16:53:07
EVT-100021,USR-1152,HR,EXPORT_REPORT,2026-06-26 23:44:39,2026-06-26 23:45:08
EVT-101577,USR-1072,Pharmacy,LOGIN,2026-07-17 01:57:39,2026-07-20 01:49:39
EVT-103633,USR-1142,HR,RUN_TEST,2026-08-17 08:21:39,2026-08-17 08:21:50
EVT-100809,USR-1029,HR,EXPORT_REPORT,2026-08-06 07:29:39,2026-08-06 07:29:40
EVT-104281,USR-1055,HR,EDIT_RECORD,2026-08-06 05:13:39,2026-08-06 05:13:55
EVT-102397,USR-1170,Radiology,VIEW_RECORD,2026-08-21 18:38:39,2026-08-21 18:38:45
EVT-103937,USR-1142,Billing,RUN_TEST,2026-07-04 14:37:39,2026-07-04 14:38:00
EVT-104757,USR-1018,Patient Records,LOGIN,2026-06-06 23:05:39,2026-06-06 23:05:58
EVT-103763,USR-1085,Billing,DISPENSE_MED,2026-07-11 01:48:39,2026-07-11 01:48:53
EVT-101358,USR-1150,Laboratory,EDIT_RECORD,2026-06-14 09:47:39,2026-06-14 09:48:00
EVT-102294,USR-1037,Patient Records,EDIT_RECORD,2026-07-23 05:41:39,2026-07-23 05:41:51
EVT-INV-29,,Patient Records,INVALID_ACTION,INVALID_DATE,2026-09-03 20:45:39
EVT-102954,USR-1045,Administration,LOGIN,2026-08-10 09:01:39,2026-08-10 09:01:45
EVT-100256,USR-1039,Billing,RUN_TEST,2026-06-19 16:51:39,2026-06-19 16:51:58
EVT-103518,USR-1136,Patient Records,LOGIN,2026-08-05 06:15:39,2026-08-05 06:15:43
EVT-101379,USR-1156,Pharmacy,DELETE_LOG,2026-08-02 12:12:39,2026-08-02 12:12:48
EVT-101801,USR-1140,Laboratory,DELETE_LOG,2026-06-15 00:10:39,2026-06-15 00:10:57
EVT-102005,USR-1141,Patient Records,EDIT_RECORD,2026-07-07 22:39:39,2026-07-07 22:39:47
EVT-101304,USR-1101,Pharmacy,EDIT_RECORD,2026-06-11 07:05:39,2026-06-11 07:06:00
EVT-104516,USR-1071,Pharmacy,VIEW_RECORD,2026-09-03 19:34:39,2026-09-03 19:34:57
EVT-100869,USR-1037,HR,LOGIN,2026-07-16 13:13:39,2026-07-16 13:13:44
EVT-103970,USR-1050,Billing,EXPORT_REPORT,2026-06-20 07:39:39,2026-06-20 07:39:52
EVT-104214,USR-1033,Radiology,DELETE_LOG,2026-08-20 10:44:39,2026-08-20 10:44:46
EVT-103248,USR-1028,Pharmacy,RUN_TEST,2026-08-27 13:39:39,2026-08-27 13:39:50
EVT-102622,USR-1030,Laboratory,VIEW_RECORD,2026-08-22 13:58:39,2026-08-22 13:59:01
EVT-101058,USR-1109,Administration,LOGIN,2026-09-02 21:18:39,2026-09-02 21:19:02
EVT-104104,USR-1126,Patient Records,EDIT_RECORD,2026-06-30 18:17:39,2026-06-30 18:17:47
EVT-104398,USR-1042,Billing,DELETE_LOG,2026-09-02 04:18:39,2026-09-02 04:19:06
EVT-101651,USR-1166,Radiology,RUN_TEST,2026-07-20 22:26:39,2026-07-20 22:26:43
EVT-101303,USR-1066,Administration,EXPORT_REPORT,2026-07-08 09:56:39,2026-07-08 09:56:46
EVT-104497,USR-1005,Radiology,DELETE_LOG,2026-07-09 16:09:39,2026-07-09 16:09:58
EVT-103485,USR-1039,Laboratory,VIEW_RECORD,2026-08-05 17:27:39,2026-08-05 17:27:46
EVT-104207,USR-1035,Billing,LOGIN,2026-08-08 17:05:39,2026-08-08 17:05:55
EVT-100547,USR-1129,Laboratory,DISPENSE_MED,2026-06-26 11:33:39,2026-06-26 11:33:49
EVT-102530,USR-1162,Patient Records,RUN_TEST,2026-08-30 02:13:39,2026-08-30 02:14:01
EVT-100932,USR-1180,HR,EDIT_RECORD,2026-06-19 08:38:39,2026-06-19 08:38:43
EVT-102993,USR-1189,Laboratory,LOGIN,2026-07-05 05:10:39,2026-07-05 05:11:03
EVT-104280,USR-1050,Billing,DELETE_LOG,2026-08-04 18:30:39,2026-08-07 04:01:39
EVT-104693,USR-1132,Radiology,DELETE_LOG,2026-07-07 21:24:39,2026-07-07 21:24:40
EVT-103579,USR-1089,Radiology,EXPORT_REPORT,2026-08-15 02:07:39,2026-08-15 02:08:00
EVT-102341,USR-1092,Billing,EXPORT_REPORT,2026-08-08 04:30:39,2026-08-08 04:30:53
EVT-103860,USR-1104,Patient Records,EXPORT_REPORT,2026-07-16 05:29:39,2026-07-16 05:29:44
EVT-103767,USR-1187,Laboratory,EXPORT_REPORT,2026-06-21 16:40:39,2026-06-21 16:41:06
EVT-104719,USR-1197,Radiology,DISPENSE_MED,2026-06-08 15:01:39,2026-06-08 15:01:40
EVT-100790,USR-1013,HR,DELETE_LOG,2026-08-16 04:05:39,2026-08-16 04:05:45
EVT-101863,USR-1191,Patient Records,DELETE_LOG,2026-07-06 18:32:39,2026-07-06 18:32:42
EVT-100335,USR-1093,Patient Records,DISPENSE_MED,2026-07-02 20:35:39,2026-07-02 20:36:04
EVT-101259,USR-1101,Billing,DISPENSE_MED,2026-06-10 06:52:39,2026-06-10 06:52:57
EVT-102558,USR-1124,Pharmacy,DELETE_LOG,2026-07-02 17:32:39,2026-07-02 17:32:47
EVT-101567,USR-1184,Laboratory,EDIT_RECORD,2026-08-11 00:25:39,2026-08-11 00:25:42
EVT-104667,USR-1181,Radiology,EDIT_RECORD,2026-08-21 21:00:39,2026-08-21 21:00:46
EVT-100144,USR-1088,Pharmacy,RUN_TEST,2026-07-07 11:37:39,2026-07-07 11:38:05
EVT-102297,USR-1115,Pharmacy,EXPORT_REPORT,2026-07-28 11:24:39,2026-07-28 11:25:05
EVT-102721,USR-1058,Billing,EDIT_RECORD,2026-08-20 00:54:39,2026-08-20 00:54:50
EVT-101147,USR-1112,Radiology,VIEW_RECORD,2026-07-21 14:03:39,2026-07-21 14:03:43
EVT-102899,USR-1091,Laboratory,VIEW_RECORD,2026-07-30 05:14:39,2026-07-30 05:14:48
EVT-INV-45,,Patient Records,INVALID_ACTION,INVALID_DATE,2026-09-03 20:45:39
EVT-101911,USR-1080,Billing,RUN_TEST,2026-07-27 01:03:39,2026-07-27 01:03:56
EVT-100363,USR-1007,Pharmacy,LOGIN,2026-08-04 03:00:39,2026-08-04 03:00:41
EVT-101206,USR-1003,Radiology,DELETE_LOG,2026-08-04 13:00:39,2026-08-04 13:01:02
EVT-104420,USR-1139,Pharmacy,EXPORT_REPORT,2026-08-11 06:30:39,2026-08-11 06:30:40
EVT-102056,USR-1111,HR,RUN_TEST,2026-06-19 18:15:39,2026-06-19 18:15:58
EVT-101382,USR-1050,Billing,DELETE_LOG,2026-07-08 20:44:39,2026-07-08 20:44:57
EVT-100009,USR-1192,Billing,VIEW_RECORD,2026-07-08 14:20:39,2026-07-08 14:21:03
EVT-103541,USR-1046,Pharmacy,EDIT_RECORD,2026-08-18 16:24:39,2026-08-18 16:24:49
EVT-101150,USR-1057,Pharmacy,DELETE_LOG,2026-07-28 15:44:39,2026-07-28 15:45:09
EVT-100370,USR-1098,Pharmacy,LOGIN,2026-06-13 12:30:39,2026-06-13 12:31:05
EVT-102759,USR-1097,Patient Records,LOGIN,2026-08-15 03:58:39,2026-08-15 03:59:07
EVT-100155,USR-1192,Billing,DISPENSE_MED,2026-09-01 14:20:39,2026-09-01 14:20:58
EVT-102058,USR-1108,Laboratory,EXPORT_REPORT,2026-08-26 23:59:39,2026-08-26 23:59:58
EVT-101825,USR-1101,Pharmacy,DELETE_LOG,2026-06-13 06:24:39,2026-06-13 06:25:04
EVT-104082,USR-1177,HR,RUN_TEST,2026-06-17 18:15:39,2026-06-17 18:15:57
EVT-102637,USR-1084,Patient Records,DISPENSE_MED,2026-07-28 19:14:39,2026-07-28 19:14:44
EVT-INV-1,,UnknownApp,INVALID_ACTION,INVALID_DATE,2026-09-03 20:45:39
EVT-104174,USR-1044,Billing,VIEW_RECORD,2026-08-21 22:22:39,2026-08-21 22:22:42
EVT-102451,USR-1158,Radiology,EXPORT_REPORT,2026-07-29 00:49:39,2026-07-29 00:49:44
EVT-104032,USR-1091,Laboratory,EXPORT_REPORT,2026-07-14 05:57:39,2026-07-14 05:57:41
EVT-103094,USR-1091,Pharmacy,VIEW_RECORD,2026-06-29 11:53:39,2026-06-29 11:53:43
EVT-102900,USR-1094,Radiology,RUN_TEST,2026-07-24 01:53:39,2026-07-24 01:53:44
EVT-101677,USR-1194,HR,EXPORT_REPORT,2026-08-21 23:21:39,2026-08-21 23:21:40
EVT-104921,USR-1017,Laboratory,LOGIN,2026-06-28 15:17:39,2026-06-28 15:18:15
EVT-100347,USR-1113,HR,DISPENSE_MED,2026-07-13 13:26:39,2026-07-16 10:25:39
EVT-102604,USR-1193,Pharmacy,LOGIN,2026-07-04 07:36:39,2026-07-04 07:36:42
EVT-104550,USR-1150,Radiology,DELETE_LOG,2026-08-27 09:59:39,2026-08-27 09:59:49
EVT-100108,USR-1004,Billing,EDIT_RECORD,2026-07-21 18:00:39,2026-07-21 18:00:57
EVT-102215,USR-1146,Patient Records,EXPORT_REPORT,2026-08-08 08:35:39,2026-08-08 08:36:02
EVT-103189,USR-1104,HR,EDIT_RECORD,2026-09-03 17:34:39,2026-09-03 17:34:45
EVT-102971,USR-1023,Billing,LOGIN,2026-08-16 00:48:39,2026-08-16 00:48:51
EVT-101719,USR-1092,Billing,EXPORT_REPORT,2026-08-30 00:56:39,2026-08-30 00:56:56
EVT-100898,USR-1017,Laboratory,EXPORT_REPORT,2026-08-22 16:38:39,2026-08-22 16:38:40
EVT-104586,USR-1066,Pharmacy,RUN_TEST,2026-07-14 11:32:39,2026-07-14 11:32:51
EVT-105154,USR-1091,Administration,DISPENSE_MED,2026-07-15 11:43:39,2026-07-15 11:44:08
EVT-102758,USR-1081,Billing,DELETE_LOG,2026-08-11 21:32:39,2026-08-11 21:32:40
EVT-102235,USR-1155,Patient Records,EXPORT_REPORT,2026-07-16 22:04:39,2026-07-16 22:05:05
EVT-104345,USR-1086,Patient Records,EXPORT_REPORT,2026-06-16 11:32:39,2026-06-16 11:33:14
EVT-103990,USR-1141,Administration,RUN_TEST,2026-08-17 02:16:39,2026-08-17 02:16:45
EVT-103972,USR-1039,Billing,EDIT_RECORD,2026-07-02 05:30:39,2026-07-02 05:31:05
EVT-103897,USR-1082,Administration,EDIT_RECORD,2026-07-30 22:31:39,2026-07-30 22:31:49
EVT-100543,USR-1141,Radiology,EDIT_RECORD,2026-07-02 07:40:39,2026-07-02 07:40:54
EVT-103550,USR-1100,Radiology,VIEW_RECORD,2026-07-08 05:02:39,2026-07-08 05:02:57
EVT-100100,USR-1011,Patient Records,DISPENSE_MED,2026-07-09 03:42:39,2026-07-09 03:42:44
EVT-102205,USR-1152,HR,LOGIN,2026-08-25 10:23:39,2026-08-25 10:23:48
EVT-101742,USR-1162,Radiology,DELETE_LOG,2026-07-20 01:29:39,2026-07-20 01:30:08
EVT-100567,USR-1191,Patient Records,RUN_TEST,2026-07-04 01:01:39,2026-07-04 01:01:49
EVT-102278,USR-1116,Laboratory,RUN_TEST,2026-07-25 19:20:39,2026-07-25 19:20:43
EVT-104752,USR-1007,Laboratory,DISPENSE_MED,2026-08-11 15:03:39,2026-08-11 15:03:53
EVT-101830,USR-1004,Laboratory,RUN_TEST,2026-07-23 16:13:39,2026-07-23 16:14:03
EVT-100398,USR-1058,Billing,LOGIN,2026-08-25 08:39:39,2026-08-25 08:40:09
EVT-102727,USR-1058,Laboratory,DELETE_LOG,2026-07-14 02:47:39,2026-07-17 02:38:39
EVT-100371,USR-1142,Billing,DISPENSE_MED,2026-07-10 05:31:39,2026-07-10 05:31:58
EVT-101421,USR-1172,HR,VIEW_RECORD,2026-08-26 15:10:39,2026-08-26 15:10:44
EVT-100498,USR-1068,Radiology,VIEW_RECORD,2026-09-01 10:08:39,2026-09-01 10:08:44
EVT-103369,USR-1031,Laboratory,LOGIN,2026-06-14 22:23:39,2026-06-14 22:23:44
EVT-104200,USR-1060,HR,EXPORT_REPORT,2026-09-01 10:14:39,2026-09-01 10:14:45
EVT-101739,USR-1029,Radiology,DISPENSE_MED,2026-08-30 23:38:39,2026-08-30 23:38:51
EVT-104338,USR-1110,HR,DELETE_LOG,2026-07-06 08:28:39,2026-07-06 08:29:01
EVT-102194,USR-1070,HR,EXPORT_REPORT,2026-08-24 17:56:39,2026-08-24 17:57:06
EVT-105103,USR-1056,Radiology,VIEW_RECORD,2026-08-12 12:13:39,2026-08-12 12:13:46
EVT-100374,USR-1148,HR,DISPENSE_MED,2026-08-04 03:49:39,2026-08-04 03:50:03
EVT-101590,USR-1019,Radiology,VIEW_RECORD,2026-07-14 05:49:39,2026-07-14 05:50:08
EVT-103345,USR-1147,Billing,LOGIN,2026-06-21 09:26:39,2026-06-21 09:26:40
EVT-102009,USR-1180,HR,EDIT_RECORD,2026-07-14 18:59:39,2026-07-14 19:00:01
EVT-100163,USR-1139,Pharmacy,RUN_TEST,2026-06-16 13:22:39,2026-06-16 13:22:44
EVT-103708,USR-1170,Radiology,DISPENSE_MED,2026-06-08 21:32:39,2026-06-08 21:32:46
EVT-104901,USR-1084,Patient Records,EDIT_RECORD,2026-07-23 11:49:39,2026-07-23 11:49:56
EVT-100344,USR-1150,HR,DELETE_LOG,2026-07-25 06:43:39,2026-07-28 04:40:39
EVT-103850,USR-1018,Pharmacy,RUN_TEST,2026-06-29 02:32:39,2026-06-29 02:32:42
EVT-INV-21,,Patient Records,INVALID_ACTION,INVALID_DATE,2026-09-03 20:45:39
EVT-101912,USR-1051,Administration,DELETE_LOG,2026-07-24 13:19:39,2026-07-24 13:19:43
EVT-104199,USR-1119,Pharmacy,VIEW_RECORD,2026-07-18 16:57:39,2026-07-18 16:57:45
EVT-100140,USR-1134,HR,RUN_TEST,2026-07-21 06:28:39,2026-07-21 06:29:07
EVT-103489,USR-1016,Radiology,EDIT_RECORD,2026-06-15 11:46:39,2026-06-17 14:58:39
EVT-103331,USR-1166,Radiology,DISPENSE_MED,2026-08-03 15:34:39,2026-08-03 15:34:58
EVT-101652,USR-1019,Laboratory,LOGIN,2026-07-07 00:48:39,2026-07-07 00:48:43
EVT-105182,USR-1028,HR,DELETE_LOG,2026-07-29 07:44:39,2026-07-29 07:44:54
EVT-101178,USR-1199,Radiology,DISPENSE_MED,2026-08-19 13:38:39,2026-08-19 13:38:43
EVT-100041,USR-1089,Radiology,LOGIN,2026-09-02 16:10:39,2026-09-02 16:10:46
EVT-102426,USR-1106,Laboratory,EDIT_RECORD,2026-07-13 01:28:39,2026-07-13 01:29:08
EVT-103870,USR-1016,Administration,DELETE_LOG,2026-07-15 13:52:39,2026-07-15 13:53:00
EVT-104197,USR-1167,Administration,DISPENSE_MED,2026-08-19 21:27:39,2026-08-19 21:27:46
EVT-100563,USR-1143,Laboratory,RUN_TEST,2026-08-09 11:31:39,2026-08-09 11:31:54
EVT-102131,USR-1141,Administration,EDIT_RECORD,2026-08-18 14:19:39,2026-08-18 14:19:53
EVT-102479,USR-1109,Laboratory,EXPORT_REPORT,2026-07-11 10:59:39,2026-07-11 11:00:02
EVT-102103,USR-1045,Administration,EDIT_RECORD,2026-06-14 03:00:39,2026-06-14 03:01:01
EVT-101435,USR-1133,Administration,VIEW_RECORD,2026-06-20 12:21:39,2026-06-20 12:22:03
EVT-101261,USR-1016,Radiology,EXPORT_REPORT,2026-08-17 07:57:39,2026-08-17 07:57:58
EVT-100873,USR-1034,HR,DISPENSE_MED,2026-08-25 21:03:39,2026-08-25 21:03:53
EVT-102664,USR-1150,HR,EDIT_RECORD,2026-06-27 04:58:39,2026-06-27 04:58:41
EVT-102092,USR-1008,Radiology,LOGIN,2026-06-07 13:03:39,2026-06-07 13:04:05
EVT-102891,USR-1172,HR,EDIT_RECORD,2026-07-11 10:56:39,2026-07-11 10:57:01
EVT-105009,USR-1049,Radiology,RUN_TEST,2026-08-24 03:16:39,2026-08-24 03:16:47
EVT-103398,USR-1126,Pharmacy,RUN_TEST,2026-08-21 07:22:39,2026-08-21 07:23:05
EVT-105076,USR-1190,Radiology,LOGIN,2026-08-19 18:17:39,2026-08-19 18:18:02
EVT-102928,USR-1094,Laboratory,DISPENSE_MED,2026-07-26 02:53:39,2026-07-26 02:53:56
EVT-100471,USR-1154,Radiology,EXPORT_REPORT,2026-07-16 03:41:39,2026-07-16 03:41:50
EVT-102386,USR-1183,Laboratory,LOGIN,2026-06-23 00:34:39,2026-06-23 00:34:57
EVT-101088,USR-1126,Laboratory,DELETE_LOG,2026-06-15 09:42:39,2026-06-15 09:43:07
EVT-104847,USR-1072,Administration,VIEW_RECORD,2026-08-23 10:29:39,2026-08-23 10:30:07
EVT-103400,USR-1025,Pharmacy,LOGIN,2026-06-18 01:47:39,2026-06-19 02:12:39
EVT-104269,USR-1006,Pharmacy,DELETE_LOG,2026-07-13 05:37:39,2026-07-13 05:37:45
EVT-102766,USR-1156,Pharmacy,EDIT_RECORD,2026-06-11 04:48:39,2026-06-13 19:33:39
EVT-103657,USR-1051,Administration,DELETE_LOG,2026-08-09 06:02:39,2026-08-09 06:03:08
EVT-104291,USR-1183,Laboratory,RUN_TEST,2026-06-18 12:02:39,2026-06-18 12:02:58
EVT-103166,USR-1108,Administration,DISPENSE_MED,2026-07-05 12:09:39,2026-07-05 12:10:00
EVT-104543,USR-1093,Pharmacy,LOGIN,2026-07-10 10:24:39,2026-07-11 20:36:39
EVT-INV-35,,Patient Records,INVALID_ACTION,2026-09-03 20:45:39,2026-09-03 20:45:39
EVT-100047,USR-1008,Radiology,RUN_TEST,2026-08-26 00:36:39,2026-08-26 00:36:47
EVT-102250,USR-1126,Laboratory,RUN_TEST,2026-06-27 02:15:39,2026-06-27 02:15:40
EVT-103531,USR-1189,Laboratory,RUN_TEST,2026-07-15 02:13:39,2026-07-15 02:13:51
EVT-103853,USR-1110,Patient Records,EXPORT_REPORT,2026-08-19 17:21:39,2026-08-19 17:21:40
EVT-104419,USR-1112,HR,VIEW_RECORD,2026-08-30 23:23:39,2026-08-30 23:23:52
EVT-101411,USR-1037,Radiology,LOGIN,2026-06-14 08:19:39,2026-06-15 06:56:39
EVT-100819,USR-1109,Laboratory,DELETE_LOG,2026-07-16 17:15:39,2026-07-16 17:15:47
EVT-102885,USR-1086,Patient Records,LOGIN,2026-07-02 22:19:39,2026-07-02 22:19:50
EVT-104044,USR-1139,Pharmacy,EDIT_RECORD,2026-09-03 03:10:39,2026-09-03 03:11:00
EVT-102937,USR-1081,Pharmacy,DISPENSE_MED,2026-07-13 19:57:39,2026-07-13 19:57:52
EVT-102686,USR-1184,Pharmacy,DISPENSE_MED,2026-06-07 15:44:39,2026-06-07 15:44:51
EVT-102642,USR-1001,Pharmacy,VIEW_RECORD,2026-06-22 11:32:39,2026-06-22 11:32:47
EVT-103266,USR-1127,Laboratory,EDIT_RECORD,2026-06-15 05:43:39,2026-06-15 05:43:51
EVT-104492,USR-1198,Pharmacy,RUN_TEST,2026-07-11 20:57:39,2026-07-11 20:57:45
EVT-104090,USR-1037,HR,VIEW_RECORD,2026-08-22 13:15:39,2026-08-22 13:15:44
EVT-102708,USR-1028,Pharmacy,LOGIN,2026-08-05 01:57:39,2026-08-05 01:57:59
EVT-104488,USR-1182,Administration,VIEW_RECORD,2026-07-02 00:19:39,2026-07-02 00:19:51
EVT-103329,USR-1023,HR,RUN_TEST,2026-07-07 16:13:39,2026-07-07 16:13:49
EVT-104150,USR-1190,Administration,EXPORT_REPORT,2026-06-25 14:06:39,2026-06-25 14:07:09
EVT-103684,USR-1086,Administration,RUN_TEST,2026-07-04 07:13:39,2026-07-04 07:13:53
EVT-102611,USR-1151,HR,RUN_TEST,2026-08-20 07:39:39,2026-08-20 07:39:44
EVT-102920,USR-1188,Patient Records,DELETE_LOG,2026-07-28 20:58:39,2026-07-28 20:58:54
EVT-102644,USR-1151,HR,VIEW_RECORD,2026-06-24 23:17:39,2026-06-24 23:17:42
EVT-103430,USR-1132,Radiology,EXPORT_REPORT,2026-08-05 22:37:39,2026-08-05 22:37:55
EVT-100811,USR-1030,Administration,EXPORT_REPORT,2026-07-29 02:21:39,2026-07-29 02:21:46
EVT-100061,USR-1046,Billing,LOGIN,2026-07-18 18:01:39,2026-07-18 18:02:08
EVT-104200,USR-1060,HR,EXPORT_REPORT,2026-09-01 10:14:39,2026-09-01 10:14:55
EVT-104413,USR-1193,Administration,LOGIN,2026-08-28 08:55:39,2026-08-28 08:56:07
EVT-103148,USR-1019,Laboratory,RUN_TEST,2026-06-16 05:08:39,2026-06-16 05:09:05
EVT-100686,USR-1036,Laboratory,VIEW_RECORD,2026-06-07 18:00:39,2026-06-07 18:00:41
EVT-103418,USR-1142,Administration,DELETE_LOG,2026-07-21 01:46:39,2026-07-21 01:47:06
EVT-104616,USR-1185,Laboratory,VIEW_RECORD,2026-07-27 03:20:39,2026-07-27 03:21:07
EVT-100487,USR-1054,Pharmacy,LOGIN,2026-08-15 05:34:39,2026-08-15 05:34:54
EVT-100416,USR-1132,Billing,EDIT_RECORD,2026-09-02 13:04:39,2026-09-02 13:05:03
EVT-104928,USR-1035,Laboratory,LOGIN,2026-08-26 08:34:39,2026-08-26 12:53:39
EVT-103236,USR-1083,HR,VIEW_RECORD,2026-06-13 20:52:39,2026-06-13 20:53:03
EVT-101650,USR-1142,HR,VIEW_RECORD,2026-07-29 05:04:39,2026-07-29 05:04:48
EVT-101263,USR-1003,Billing,DELETE_LOG,2026-08-20 21:27:39,2026-08-20 21:28:05
EVT-104997,USR-1039,HR,RUN_TEST,2026-08-16 19:36:39,2026-08-16 19:36:53
EVT-104572,USR-1069,Pharmacy,VIEW_RECORD,2026-08-11 04:52:39,2026-08-11 04:53:08
EVT-101978,USR-1186,Billing,VIEW_RECORD,2026-06-17 03:31:39,2026-06-17 03:31:58
EVT-101580,USR-1124,Pharmacy,EXPORT_REPORT,2026-07-02 21:56:39,2026-07-02 21:56:48
EVT-103169,USR-1150,Radiology,EDIT_RECORD,2026-07-26 01:08:39,2026-07-26 03:33:39
EVT-102207,USR-1029,HR,VIEW_RECORD,2026-08-01 12:12:39,2026-08-01 12:12:50
EVT-104902,USR-1045,HR,LOGIN,2026-08-19 10:00:39,2026-08-19 10:01:01
EVT-103510,USR-1166,Billing,EDIT_RECORD,2026-09-02 10:37:39,2026-09-02 10:38:04
EVT-104222,USR-1074,Pharmacy,DISPENSE_MED,2026-08-16 15:11:39,2026-08-16 15:12:04
EVT-102659,USR-1072,Billing,VIEW_RECORD,2026-08-17 20:09:39,2026-08-17 20:10:04
EVT-100201,USR-1101,Pharmacy,EXPORT_REPORT,2026-07-22 06:08:39,2026-07-22 06:09:05
EVT-103207,USR-1119,Billing,LOGIN,2026-07-22 12:54:39,2026-07-22 12:54:57
EVT-102221,USR-1057,Pharmacy,EDIT_RECORD,2026-06-30 05:24:39,2026-06-30 05:25:07
EVT-104395,USR-1191,Patient Records,DELETE_LOG,2026-06-08 15:44:39,2026-06-08 15:44:46
EVT-104696,USR-1193,Radiology,LOGIN,2026-07-06 05:26:39,2026-07-06 05:27:07
EVT-102507,USR-1090,Laboratory,DELETE_LOG,2026-06-10 05:46:39,2026-06-10 05:47:09
EVT-103284,USR-1190,Administration,VIEW_RECORD,2026-08-20 18:28:39,2026-08-20 18:28:44
EVT-105175,USR-1016,Radiology,RUN_TEST,2026-07-02 17:34:39,2026-07-02 17:35:07
EVT-102093,USR-1061,Patient Records,VIEW_RECORD,2026-06-22 21:53:39,2026-06-22 21:53:52
EVT-101638,USR-1167,HR,RUN_TEST,2026-08-25 05:56:39,2026-08-25 05:56:47
EVT-100632,USR-1034,Patient Records,VIEW_RECORD,2026-08-21 17:35:39,2026-08-21 17:35:46
EVT-103150,USR-1065,Radiology,LOGIN,2026-07-26 18:01:39,2026-07-26 18:02:01
EVT-104811,USR-1166,Billing,VIEW_RECORD,2026-07-15 15:38:39,2026-07-15 15:38:43
EVT-104278,USR-1097,Patient Records,LOGIN,2026-07-27 15:43:39,2026-07-27 15:43:52
EVT-103178,USR-1032,Billing,VIEW_RECORD,2026-09-02 07:18:39,2026-09-02 07:19:00
EVT-100553,USR-1141,Radiology,EXPORT_REPORT,2026-08-01 10:04:39,2026-08-01 10:05:01
EVT-102377,USR-1093,Administration,EDIT_RECORD,2026-07-27 01:01:39,2026-07-27 01:01:57
EVT-102702,USR-1180,Laboratory,EDIT_RECORD,2026-07-19 08:33:39,2026-07-19 08:33:52
EVT-100474,USR-1030,Administration,DELETE_LOG,2026-07-14 09:59:39,2026-07-14 10:00:09
EVT-103958,USR-1083,Pharmacy,DISPENSE_MED,2026-06-10 03:48:39,2026-06-10 03:49:09
EVT-104308,USR-1195,Radiology,DELETE_LOG,2026-07-13 21:22:39,2026-07-13 21:22:41
EVT-103689,USR-1101,Pharmacy,EDIT_RECORD,2026-06-19 13:24:39,2026-06-19 13:24:52
EVT-101680,USR-1036,Pharmacy,DISPENSE_MED,2026-07-07 17:25:39,2026-07-07 17:25:48
EVT-105086,USR-1071,Radiology,EDIT_RECORD,2026-08-27 13:40:39,2026-08-27 13:40:52
EVT-101158,USR-1094,Radiology,DISPENSE_MED,2026-07-22 18:58:39,2026-07-22 18:58:59
EVT-104312,USR-1084,Patient Records,DISPENSE_MED,2026-08-01 03:18:39,2026-08-01 03:19:05
EVT-104106,USR-1109,Administration,RUN_TEST,2026-08-26 03:09:39,2026-08-26 03:09:47
EVT-104206,USR-1198,Pharmacy,VIEW_RECORD,2026-06-14 12:37:39,2026-06-14 12:37:59
EVT-100527,USR-1029,Administration,DELETE_LOG,2026-07-02 16:10:39,2026-07-02 16:10:47
EVT-104028,USR-1047,Billing,LOGIN,2026-07-16 11:05:39,2026-07-16 11:05:59
EVT-104738,USR-1036,Pharmacy,EXPORT_REPORT,2026-06-12 16:24:39,2026-06-12 16:25:03
EVT-103778,USR-1143,Radiology,EXPORT_REPORT,2026-07-21 18:55:39,2026-07-21 18:56:09
EVT-103258,USR-1162,HR,EXPORT_REPORT,2026-08-24 09:12:39,2026-08-24 09:12:56
EVT-102794,USR-1111,Patient Records,EDIT_RECORD,2026-06-08 08:35:39,2026-06-08 08:35:59
EVT-101324,USR-1026,Administration,DISPENSE_MED,2026-08-22 21:40:39,2026-08-22 21:40:43
EVT-104204,USR-1024,HR,VIEW_RECORD,2026-08-21 08:40:39,2026-08-21 08:41:10
EVT-102460,USR-1200,Administration,RUN_TEST,2026-07-21 21:02:39,2026-07-21 21:02:53
EVT-104078,USR-1183,Pharmacy,DISPENSE_MED,2026-07-03 00:51:39,2026-07-03 00:51:45
EVT-102492,USR-1132,Laboratory,DELETE_LOG,2026-08-03 14:49:39,2026-08-03 14:49:49
EVT-104351,USR-1141,Patient Records,EXPORT_REPORT,2026-07-02 20:30:39,2026-07-02 20:31:08
EVT-101582,USR-1049,Administration,RUN_TEST,2026-07-06 12:36:39,2026-07-06 12:37:03
EVT-101127,USR-1071,Pharmacy,DELETE_LOG,2026-06-30 02:59:39,2026-06-30 03:00:02
EVT-105166,USR-1082,Pharmacy,LOGIN,2026-06-21 11:04:39,2026-06-21 11:05:02
EVT-103580,USR-1171,Administration,VIEW_RECORD,2026-06-08 18:50:39,2026-06-08 18:50:40
EVT-103690,USR-1041,Radiology,DELETE_LOG,2026-08-21 07:27:39,2026-08-21 07:27:58
EVT-101495,USR-1199,Radiology,DISPENSE_MED,2026-07-04 22:59:39,2026-07-04 22:59:54
EVT-100600,USR-1089,Radiology,DELETE_LOG,2026-07-13 05:41:39,2026-07-13 05:41:50
EVT-100034,USR-1061,Patient Records,RUN_TEST,2026-08-20 20:03:39,2026-08-20 20:03:50
EVT-104786,USR-1046,Billing,DELETE_LOG,2026-06-19 07:13:39,2026-06-19 07:13:56
EVT-100393,USR-1156,Patient Records,EDIT_RECORD,2026-08-30 00:50:39,2026-08-30 00:51:15
EVT-104604,USR-1032,Billing,VIEW_RECORD,2026-07-14 19:09:39,2026-07-14 19:09:51
EVT-102781,USR-1047,Billing,DELETE_LOG,2026-06-16 02:17:39,2026-06-16 02:17:49
EVT-102362,USR-1196,Radiology,EXPORT_REPORT,2026-06-07 05:07:39,2026-06-07 05:07:58
EVT-105200,USR-1158,Radiology,VIEW_RECORD,2026-08-29 02:01:39,2026-08-29 02:02:06
EVT-100855,USR-1007,Pharmacy,RUN_TEST,2026-08-30 16:40:39,2026-08-30 16:41:08
EVT-100612,USR-1140,Laboratory,EXPORT_REPORT,2026-06-26 04:26:39,2026-06-26 04:26:53
EVT-104372,USR-1141,Administration,VIEW_RECORD,2026-07-17 00:03:39,2026-07-17 00:03:54
EVT-104772,USR-1172,Radiology,DELETE_LOG,2026-08-08 07:33:39,2026-08-08 07:33:52
EVT-100827,USR-1037,Pharmacy,EDIT_RECORD,2026-07-05 03:51:39,2026-07-05 03:52:02
EVT-101072,USR-1091,Laboratory,VIEW_RECORD,2026-08-16 15:53:39,2026-08-16 15:53:53
EVT-100831,USR-1030,Administration,EXPORT_REPORT,2026-07-27 02:49:39,2026-07-27 02:49:42
EVT-103122,USR-1055,HR,EDIT_RECORD,2026-07-16 23:29:39,2026-07-16 23:29:49
EVT-102108,USR-1129,Patient Records,RUN_TEST,2026-07-11 07:51:39,2026-07-11 07:52:09
EVT-101823,USR-1048,Radiology,LOGIN,2026-07-05 18:05:39,2026-07-05 18:05:57
EVT-101080,USR-1118,Pharmacy,DISPENSE_MED,2026-07-06 08:05:39,2026-07-06 08:05:52
EVT-101045,USR-1187,Radiology,EDIT_RECORD,2026-07-30 06:25:39,2026-07-30 06:26:05
EVT-101774,USR-1069,HR,EDIT_RECORD,2026-08-25 16:19:39,2026-08-25 16:19:47
EVT-102430,USR-1179,Patient Records,DELETE_LOG,2026-07-08 16:37:39,2026-07-08 16:37:53
EVT-104579,USR-1035,Billing,DELETE_LOG,2026-06-12 16:57:39,2026-06-12 16:57:51
EVT-100018,USR-1007,Pharmacy,DELETE_LOG,2026-07-08 23:08:39,2026-07-08 23:09:01
EVT-101171,USR-1143,Laboratory,DISPENSE_MED,2026-06-28 13:56:39,2026-06-28 13:56:42
EVT-101701,USR-1163,Administration,RUN_TEST,2026-07-26 04:42:39,2026-07-26 04:42:50
EVT-102311,USR-1113,Patient Records,DELETE_LOG,2026-07-30 08:54:39,2026-07-31 17:39:39
EVT-100117,USR-1191,Patient Records,RUN_TEST,2026-06-08 10:17:39,2026-06-08 10:18:07
EVT-104983,USR-1064,Administration,DISPENSE_MED,2026-08-19 21:40:39,2026-08-19 21:40:49
EVT-104496,USR-1147,Billing,LOGIN,2026-07-25 08:32:39,2026-07-25 08:32:55
EVT-100282,USR-1062,Billing,RUN_TEST,2026-06-21 05:17:39,2026-06-21 05:17:51
EVT-103501,USR-1028,Radiology,EXPORT_REPORT,2026-07-03 22:07:39,2026-07-03 22:07:45
EVT-104146,USR-1037,HR,EXPORT_REPORT,2026-08-10 13:19:39,2026-08-10 13:19:54
EVT-105147,USR-1107,Pharmacy,EDIT_RECORD,2026-07-21 09:07:39,2026-07-21 09:08:00
EVT-100634,USR-1139,Laboratory,LOGIN,2026-07-21 05:33:39,2026-07-21 05:34:02
EVT-102276,USR-1096,Patient Records,EDIT_RECORD,2026-07-26 22:52:39,2026-07-26 22:52:50
EVT-104438,USR-1126,Pharmacy,EXPORT_REPORT,2026-08-06 13:49:39,2026-08-06 13:49:43
EVT-105189,USR-1115,Pharmacy,RUN_TEST,2026-08-20 20:31:39,2026-08-20 20:31:50
EVT-101783,USR-1107,Patient Records,EDIT_RECORD,2026-06-15 00:50:39,2026-06-15 00:50:44
EVT-104283,USR-1058,Laboratory,DISPENSE_MED,2026-07-09 18:05:39,2026-07-09 18:05:54
EVT-100856,USR-1042,Billing,EXPORT_REPORT,2026-08-09 14:49:39,2026-08-09 14:50:07
EVT-101712,USR-1091,Laboratory,VIEW_RECORD,2026-07-09 08:24:39,2026-07-09 08:24:58
EVT-103979,USR-1057,HR,DELETE_LOG,2026-07-16 20:34:39,2026-07-16 20:35:08
EVT-102581,USR-1182,Administration,VIEW_RECORD,2026-06-08 04:58:39,2026-06-08 04:58:48
EVT-102190,USR-1035,Billing,DISPENSE_MED,2026-06-10 13:33:39,2026-06-10 13:33:46
EVT-103669,USR-1070,Pharmacy,RUN_TEST,2026-08-29 11:00:39,2026-08-29 11:01:05
EVT-102317,USR-1136,Patient Records,VIEW_RECORD,2026-08-25 16:21:39,2026-08-25 23:44:39
EVT-104735,USR-1200,Pharmacy,VIEW_RECORD,2026-08-18 03:32:39,2026-08-18 03:32:42
EVT-103373,USR-1097,Patient Records,RUN_TEST,2026-07-09 13:00:39,2026-07-09 13:01:07
EVT-102150,USR-1164,Laboratory,RUN_TEST,2026-07-29 13:51:39,2026-07-29 13:52:01
EVT-103306,USR-1154,Radiology,DELETE_LOG,2026-06-20 20:50:39,2026-06-20 20:51:06
EVT-102924,USR-1199,Patient Records,VIEW_RECORD,2026-08-13 17:33:39,2026-08-13 17:33:42
EVT-104165,USR-1044,HR,VIEW_RECORD,2026-07-30 20:08:39,2026-07-30 20:09:06
EVT-101564,USR-1071,Pharmacy,EDIT_RECORD,2026-07-05 20:35:39,2026-07-05 20:35:42
EVT-104639,USR-1040,Laboratory,DELETE_LOG,2026-08-25 15:59:39,2026-08-25 16:00:02
EVT-102008,USR-1163,HR,EDIT_RECORD,2026-08-01 10:26:39,2026-08-01 10:26:52
EVT-104636,USR-1176,Pharmacy,EDIT_RECORD,2026-08-22 15:09:39,2026-08-22 15:09:50
EVT-100113,USR-1018,Billing,RUN_TEST,2026-08-09 18:06:39,2026-08-09 18:07:00
EVT-101310,USR-1078,Administration,LOGIN,2026-07-17 16:56:39,2026-07-17 16:56:44
EVT-103521,USR-1200,Billing,DISPENSE_MED,2026-07-22 13:14:39,2026-07-22 13:14:56
EVT-100020,USR-1051,Administration,DISPENSE_MED,2026-08-13 16:28:39,2026-08-13 16:28:57
EVT-103042,USR-1072,Pharmacy,VIEW_RECORD,2026-07-03 03:33:39,2026-07-03 03:33:52
EVT-101129,USR-1188,Administration,DISPENSE_MED,2026-06-11 12:45:39,2026-06-11 12:45:47
EVT-103443,USR-1088,HR,VIEW_RECORD,2026-08-25 13:12:39,2026-08-25 13:12:48
EVT-103715,USR-1196,Billing,EDIT_RECORD,2026-08-19 20:00:39,2026-08-19 20:01:07
EVT-103507,USR-1086,Administration,RUN_TEST,2026-08-25 04:44:39,2026-08-25 04:44:52
EVT-101369,USR-1031,Laboratory,RUN_TEST,2026-07-01 10:39:39,2026-07-01 10:39:48
EVT-104554,USR-1037,Patient Records,LOGIN,2026-06-11 04:01:39,2026-06-11 04:02:09
EVT-103006,USR-1198,Pharmacy,EXPORT_REPORT,2026-06-06 17:06:39,2026-06-06 17:06:55
EVT-103877,USR-1112,HR,EXPORT_REPORT,2026-07-11 08:33:39,2026-07-11 08:33:50
EVT-103559,USR-1038,HR,VIEW_RECORD,2026-06-09 10:06:39,2026-06-09 10:06:56
EVT-100152,USR-1075,Laboratory,VIEW_RECORD,2026-07-23 16:03:39,2026-07-23 16:03:54
EVT-102214,USR-1038,HR,LOGIN,2026-08-14 17:56:39,2026-08-14 17:56:58
EVT-104064,USR-1119,Billing,DISPENSE_MED,2026-07-04 18:51:39,2026-07-04 18:51:45
EVT-105057,USR-1134,Laboratory,RUN_TEST,2026-07-11 21:08:39,2026-07-11 21:09:03
EVT-100440,USR-1004,Laboratory,DELETE_LOG,2026-07-13 01:28:39,2026-07-13 01:29:02
EVT-104759,USR-1087,HR,LOGIN,2026-07-26 01:43:39,2026-07-26 01:43:51
EVT-103875,USR-1150,Patient Records,RUN_TEST,2026-07-14 04:10:39,2026-07-14 04:10:58
EVT-100308,USR-1134,Billing,DELETE_LOG,2026-08-20 20:01:39,2026-08-20 20:02:04
EVT-100695,USR-1112,HR,VIEW_RECORD,2026-07-15 06:52:39,2026-07-15 06:53:01
EVT-102357,USR-1115,Patient Records,EXPORT_REPORT,2026-06-20 05:13:39,2026-06-20 05:13:46
EVT-104828,USR-1003,Billing,VIEW_RECORD,2026-06-18 07:15:39,2026-06-18 07:15:52
EVT-102493,USR-1141,HR,VIEW_RECORD,2026-07-01 11:43:39,2026-07-01 11:43:48
EVT-104125,USR-1011,Billing,EDIT_RECORD,2026-07-10 19:52:39,2026-07-10 19:53:02
EVT-101389,USR-1093,Pharmacy,EXPORT_REPORT,2026-08-09 04:37:39,2026-08-10 04:51:39
EVT-102566,USR-1066,Laboratory,VIEW_RECORD,2026-08-04 07:00:39,2026-08-04 07:00:54
EVT-102745,USR-1022,Patient Records,EDIT_RECORD,2026-07-19 12:30:39,2026-07-19 12:30:45
EVT-100284,USR-1087,Radiology,DELETE_LOG,2026-06-29 08:03:39,2026-06-29 08:03:56
EVT-103101,USR-1111,HR,RUN_TEST,2026-08-23 18:02:39,2026-08-23 18:02:59
EVT-101951,USR-1073,Administration,EXPORT_REPORT,2026-08-04 12:41:39,2026-08-04 12:42:04
EVT-104765,USR-1076,Administration,LOGIN,2026-07-19 23:23:39,2026-07-19 23:23:47
EVT-102962,USR-1132,Billing,VIEW_RECORD,2026-07-24 10:55:39,2026-07-24 10:55:43
EVT-101699,USR-1110,Patient Records,EXPORT_REPORT,2026-07-30 17:00:39,2026-07-30 17:01:08
EVT-100029,USR-1193,Radiology,RUN_TEST,2026-08-01 10:47:39,2026-08-01 10:48:04
EVT-103629,USR-1017,Laboratory,VIEW_RECORD,2026-08-31 01:20:39,2026-08-31 01:21:03
EVT-100232,USR-1057,HR,RUN_TEST,2026-06-14 15:37:39,2026-06-14 15:37:54
EVT-103917,USR-1053,Administration,DISPENSE_MED,2026-07-15 23:07:39,2026-07-15 23:07:57
EVT-102448,USR-1123,Patient Records,RUN_TEST,2026-07-02 03:05:39,2026-07-02 03:05:49
EVT-103292,USR-1009,Radiology,EXPORT_REPORT,2026-07-30 09:03:39,2026-07-30 09:04:04
EVT-105037,USR-1091,Pharmacy,VIEW_RECORD,2026-09-03 04:56:39,2026-09-03 04:56:40
EVT-101817,USR-1191,HR,DISPENSE_MED,2026-07-06 17:01:39,2026-07-06 17:01:53
EVT-104148,USR-1124,Patient Records,EDIT_RECORD,2026-07-20 09:51:39,2026-07-20 09:51:54
EVT-103393,USR-1083,Pharmacy,DELETE_LOG,2026-08-15 03:31:39,2026-08-17 23:18:39
EVT-100618,USR-1143,Laboratory,RUN_TEST,2026-07-26 04:01:39,2026-07-26 04:02:08
EVT-101670,USR-1135,Radiology,DELETE_LOG,2026-06-28 20:32:39,2026-06-28 20:32:55
EVT-101789,USR-1147,Pharmacy,LOGIN,2026-06-15 01:57:39,2026-06-15 01:57:44
EVT-103825,USR-1057,Administration,EDIT_RECORD,2026-06-12 23:16:39,2026-06-12 23:16:56
EVT-104819,USR-1130,Administration,LOGIN,2026-06-30 00:27:39,2026-06-30 00:28:09
EVT-103682,USR-1030,HR,VIEW_RECORD,2026-08-24 11:16:39,2026-08-24 11:16:40
EVT-104037,USR-1085,Patient Records,EXPORT_REPORT,2026-07-25 21:14:39,2026-07-25 21:14:41
EVT-101051,USR-1141,Patient Records,EXPORT_REPORT,2026-06-29 17:37:39,2026-06-29 17:37:46
EVT-101234,USR-1108,Administration,EXPORT_REPORT,2026-06-28 00:30:39,2026-06-28 00:30:58
EVT-103544,USR-1129,Laboratory,DELETE_LOG,2026-09-03 07:05:39,2026-09-03 07:05:41
EVT-101510,USR-1049,Radiology,DISPENSE_MED,2026-08-03 17:36:39,2026-08-03 17:36:49
EVT-100380,USR-1133,Administration,RUN_TEST,2026-08-31 03:51:39,2026-08-31 03:52:15
EVT-101749,USR-1049,Administration,RUN_TEST,2026-06-25 06:53:39,2026-06-25 06:53:48
EVT-102015,USR-1198,Pharmacy,EXPORT_REPORT,2026-06-13 02:31:39,2026-06-13 02:31:45
EVT-102330,USR-1020,HR,DELETE_LOG,2026-07-19 17:24:39,2026-07-19 17:24:48
EVT-104858,USR-1066,Administration,DELETE_LOG,2026-07-04 23:59:39,2026-07-04 23:59:49
EVT-100031,USR-1180,Laboratory,RUN_TEST,2026-06-17 20:59:39,2026-06-17 20:59:59
EVT-100242,USR-1111,HR,DISPENSE_MED,2026-08-13 18:37:39,2026-08-13 18:37:44
EVT-104788,USR-1093,Billing,LOGIN,2026-06-30 01:19:39,2026-06-30 01:19:54
EVT-101812,USR-1090,Administration,LOGIN,2026-08-03 07:31:39,2026-08-03 07:32:02
EVT-104515,USR-1040,Laboratory,DELETE_LOG,2026-08-11 20:48:39,2026-08-11 20:48:43
EVT-101653,USR-1194,HR,LOGIN,2026-08-30 00:41:39,2026-08-30 00:41:58
EVT-100569,USR-1086,Pharmacy,RUN_TEST,2026-06-25 23:58:39,2026-06-25 23:58:54
EVT-103576,USR-1019,HR,RUN_TEST,2026-06-16 18:20:39,2026-06-16 18:20:54
EVT-102651,USR-1066,Administration,DISPENSE_MED,2026-06-23 19:30:39,2026-06-23 19:30:46
EVT-103626,USR-1083,Billing,DISPENSE_MED,2026-06-27 08:33:39,2026-06-27 08:33:41
EVT-100472,USR-1065,HR,EXPORT_REPORT,2026-08-07 23:06:39,2026-08-07 23:06:49
EVT-103187,USR-1076,Patient Records,VIEW_RECORD,2026-07-08 17:55:39,2026-07-08 17:55:56
EVT-101040,USR-1148,HR,LOGIN,2026-08-21 21:03:39,2026-08-21 21:04:06
EVT-102803,USR-1090,Administration,RUN_TEST,2026-09-03 11:56:39,2026-09-03 11:56:57
EVT-102202,USR-1003,Administration,EDIT_RECORD,2026-06-21 23:39:39,2026-06-21 23:40:06
EVT-102690,USR-1057,Billing,EDIT_RECORD,2026-07-08 09:12:39,2026-07-08 09:13:00
EVT-100689,USR-1019,Pharmacy,EXPORT_REPORT,2026-07-17 14:02:39,2026-07-17 14:02:48
EVT-102631,USR-1076,Administration,DISPENSE_MED,2026-08-04 03:26:39,2026-08-06 19:58:39
EVT-102715,USR-1020,Billing,LOGIN,2026-08-07 17:23:39,2026-08-07 17:23:44
EVT-103959,USR-1081,Laboratory,DELETE_LOG,2026-06-25 13:22:39,2026-06-25 13:22:55
EVT-100075,USR-1115,Pharmacy,DELETE_LOG,2026-06-25 17:49:39,2026-06-25 17:50:00
EVT-104769,USR-1118,HR,EXPORT_REPORT,2026-08-21 08:36:39,2026-08-21 08:36:51
EVT-104304,USR-1029,Administration,RUN_TEST,2026-06-30 01:27:39,2026-06-30 01:28:09
EVT-100579,USR-1087,Billing,DISPENSE_MED,2026-07-22 13:07:39,2026-07-22 13:07:45
EVT-104053,USR-1101,Billing,LOGIN,2026-08-02 10:42:39,2026-08-02 10:43:00
EVT-102433,USR-1151,HR,LOGIN,2026-06-29 12:06:39,2026-06-29 12:07:08
EVT-101741,USR-1159,Radiology,LOGIN,2026-06-06 12:05:39,2026-06-06 12:05:56
EVT-101133,USR-1077,HR,VIEW_RECORD,2026-07-11 01:21:39,2026-07-11 01:22:01
EVT-102404,USR-1079,Laboratory,LOGIN,2026-07-07 21:45:39,2026-07-07 21:45:49
EVT-102285,USR-1118,Billing,LOGIN,2026-07-22 22:00:39,2026-07-22 22:01:03
EVT-104230,USR-1148,Radiology,LOGIN,2026-07-31 13:08:39,2026-07-31 13:09:08
EVT-101436,USR-1132,Laboratory,LOGIN,2026-06-08 07:07:39,2026-06-08 07:07:44
EVT-101868,USR-1019,Pharmacy,EDIT_RECORD,2026-08-17 02:43:39,2026-08-17 02:43:49
EVT-101548,USR-1113,Billing,RUN_TEST,2026-08-05 23:14:39,2026-08-05 23:14:58
EVT-104723,USR-1078,Pharmacy,DISPENSE_MED,2026-08-15 04:29:39,2026-08-15 04:29:42
EVT-100535,USR-1033,Patient Records,VIEW_RECORD,2026-08-18 01:06:39,2026-08-18 01:06:40
EVT-100002,USR-1044,HR,DELETE_LOG,2026-07-30 03:30:39,2026-07-30 03:30:55
EVT-102060,USR-1072,Laboratory,EXPORT_REPORT,2026-07-31 18:35:39,2026-07-31 18:36:08
EVT-104725,USR-1132,HR,VIEW_RECORD,2026-08-26 08:27:39,2026-08-26 08:27:57
EVT-100178,USR-1177,HR,RUN_TEST,2026-07-13 18:35:39,2026-07-13 18:35:45
EVT-101494,USR-1088,Administration,DISPENSE_MED,2026-06-18 03:32:39,2026-06-18 03:32:52
EVT-101953,USR-1168,Patient Records,EDIT_RECORD,2026-07-17 03:00:39,2026-07-17 03:00:45
EVT-101120,USR-1193,Billing,VIEW_RECORD,2026-06-30 19:07:39,2026-06-30 19:07:44
EVT-100383,USR-1106,Pharmacy,LOGIN,2026-07-01 12:52:39,2026-07-01 12:53:08
EVT-101153,USR-1078,Patient Records,LOGIN,2026-07-12 13:24:39,2026-07-12 13:24:55
EVT-102771,USR-1033,Billing,VIEW_RECORD,2026-08-10 22:50:39,2026-08-10 22:51:09
EVT-104383,USR-1164,Pharmacy,RUN_TEST,2026-08-30 07:32:39,2026-08-30 07:33:08
EVT-101834,USR-1192,Laboratory,VIEW_RECORD,2026-06-25 15:45:39,2026-06-25 15:45:50
EVT-101307,USR-1178,Billing,RUN_TEST,2026-07-23 23:06:39,2026-07-23 23:06:51
EVT-104980,USR-1030,Administration,DISPENSE_MED,2026-08-25 11:07:39,2026-08-25 11:07:42
EVT-103879,USR-1090,Administration,EDIT_RECORD,2026-06-19 10:18:39,2026-06-19 10:18:44
EVT-103599,USR-1049,Radiology,DELETE_LOG,2026-08-05 02:41:39,2026-08-05 02:41:57
EVT-101355,USR-1176,Pharmacy,DELETE_LOG,2026-08-16 11:29:39,2026-08-16 11:29:44
EVT-102116,USR-1148,Radiology,DELETE_LOG,2026-06-22 10:01:39,2026-06-24 07:34:39
EVT-101531,USR-1091,Laboratory,VIEW_RECORD,2026-07-15 13:15:39,2026-07-15 13:15:57
EVT-103081,USR-1166,Radiology,VIEW_RECORD,2026-08-31 04:11:39,2026-08-31 04:12:06
EVT-103770,USR-1137,HR,VIEW_RECORD,2026-06-06 13:42:39,2026-06-06 13:43:09
EVT-103235,USR-1106,Pharmacy,LOGIN,2026-06-16 05:54:39,2026-06-16 05:55:05
EVT-101343,USR-1049,Radiology,LOGIN,2026-08-18 07:43:39,2026-08-18 16:50:39
EVT-101967,USR-1084,Patient Records,EDIT_RECORD,2026-07-27 04:00:39,2026-07-27 04:00:40
EVT-102640,USR-1168,Radiology,EXPORT_REPORT,2026-08-27 03:31:39,2026-08-27 03:32:09
EVT-101093,USR-1097,Patient Records,VIEW_RECORD,2026-06-28 16:46:39,2026-06-28 16:46:47
EVT-104594,USR-1178,Administration,RUN_TEST,2026-07-12 09:15:39,2026-07-12 09:16:05
EVT-101525,USR-1103,Radiology,EXPORT_REPORT,2026-07-13 08:38:39,2026-07-13 08:38:51
EVT-100328,USR-1029,Radiology,LOGIN,2026-08-29 16:30:39,2026-08-29 16:31:01
EVT-102123,USR-1166,Laboratory,DELETE_LOG,2026-08-18 14:05:39,2026-08-18 14:05:57
EVT-102369,USR-1156,Pharmacy,RUN_TEST,2026-07-22 02:29:39,2026-07-22 02:29:51
EVT-103317,USR-1006,Patient Records,LOGIN,2026-07-23 20:08:39,2026-07-23 20:09:07
EVT-104633,USR-1064,Pharmacy,LOGIN,2026-06-27 22:49:39,2026-06-27 22:49:43
EVT-101724,USR-1141,Patient Records,LOGIN,2026-08-20 22:29:39,2026-08-20 22:29:43
EVT-101092,USR-1091,Administration,LOGIN,2026-07-09 18:19:39,2026-07-09 18:19:43
EVT-101743,USR-1172,Patient Records,RUN_TEST,2026-07-30 07:26:39,2026-07-30 07:26:45
EVT-103925,USR-1146,Patient Records,DISPENSE_MED,2026-06-19 01:15:39,2026-06-19 01:15:54
EVT-101177,USR-1008,Administration,LOGIN,2026-08-07 10:27:39,2026-08-07 10:27:57
EVT-100446,USR-1159,Billing,RUN_TEST,2026-08-01 08:32:39,2026-08-01 08:33:12
EVT-101778,USR-1020,Pharmacy,EDIT_RECORD,2026-08-28 01:24:39,2026-08-28 01:24:47
EVT-101982,USR-1057,HR,EXPORT_REPORT,2026-08-04 02:40:39,2026-08-04 02:40:41
EVT-104005,USR-1018,Pharmacy,DISPENSE_MED,2026-08-29 22:50:39,2026-08-29 22:50:45
EVT-103543,USR-1001,Pharmacy,EXPORT_REPORT,2026-07-26 21:33:39,2026-07-26 21:33:40
EVT-102949,USR-1079,Administration,DELETE_LOG,2026-08-26 11:11:39,2026-08-26 11:11:58
EVT-100210,USR-1006,Patient Records,VIEW_RECORD,2026-07-11 16:33:39,2026-07-11 16:34:05
EVT-101344,USR-1127,Laboratory,EXPORT_REPORT,2026-08-05 14:08:39,2026-08-05 14:08:55
EVT-101521,USR-1190,Radiology,DELETE_LOG,2026-06-17 20:02:39,2026-06-17 20:02:54
EVT-103153,USR-1067,Laboratory,EDIT_RECORD,2026-08-10 08:20:39,2026-08-10 08:21:17
EVT-103750,USR-1051,Patient Records,DISPENSE_MED,2026-08-18 07:46:39,2026-08-18 07:46:51
EVT-104866,USR-1057,HR,VIEW_RECORD,2026-07-06 02:35:39,2026-07-06 02:35:42
EVT-102002,USR-1144,Administration,LOGIN,2026-06-06 22:31:39,2026-06-08 02:08:39
EVT-104704,USR-1024,Laboratory,EXPORT_REPORT,2026-07-09 18:49:39,2026-07-09 18:50:00
EVT-104441,USR-1081,Laboratory,DISPENSE_MED,2026-06-22 06:12:39,2026-06-22 06:12:42
EVT-100727,USR-1053,HR,RUN_TEST,2026-08-03 18:12:39,2026-08-03 18:13:01
EVT-103884,USR-1085,HR,DISPENSE_MED,2026-08-20 01:16:39,2026-08-20 01:16:47
EVT-103918,USR-1184,Laboratory,DISPENSE_MED,2026-07-17 05:34:39,2026-07-17 05:34:58
EVT-101990,USR-1077,Pharmacy,VIEW_RECORD,2026-08-16 21:36:39,2026-08-16 21:36:43
EVT-101522,USR-1158,Pharmacy,RUN_TEST,2026-08-25 23:53:39,2026-08-27 03:30:39
EVT-100403,USR-1164,Administration,EDIT_RECORD,2026-08-14 03:10:39,2026-08-14 03:11:03
EVT-103840,USR-1065,Laboratory,EDIT_RECORD,2026-06-09 13:51:39,2026-06-09 13:51:49
EVT-103066,USR-1071,Pharmacy,LOGIN,2026-07-08 09:09:39,2026-07-08 09:09:50
EVT-100057,USR-1026,Administration,EXPORT_REPORT,2026-08-05 10:10:39,2026-08-05 10:10:58
EVT-104481,USR-1162,Radiology,EXPORT_REPORT,2026-06-21 20:15:39,2026-06-21 20:16:04
EVT-103244,USR-1035,Laboratory,VIEW_RECORD,2026-06-20 11:43:39,2026-06-20 11:43:53
EVT-105010,USR-1179,Billing,EXPORT_REPORT,2026-08-30 12:26:39,2026-08-30 12:27:04
EVT-104584,USR-1127,Laboratory,VIEW_RECORD,2026-06-11 12:37:39,2026-06-11 12:37:47
EVT-102162,USR-1098,Pharmacy,DISPENSE_MED,2026-07-14 18:31:39,2026-07-14 18:31:42
EVT-104055,USR-1030,Radiology,VIEW_RECORD,2026-09-02 14:18:39,2026-09-02 14:19:08
EVT-102641,USR-1021,HR,DELETE_LOG,2026-07-19 13:17:39,2026-07-19 13:17:40
EVT-101596,USR-1083,Pharmacy,VIEW_RECORD,2026-07-06 01:37:39,2026-07-06 01:37:44
EVT-101926,USR-1080,Billing,VIEW_RECORD,2026-08-16 18:58:39,2026-08-16 18:58:42
EVT-104537,USR-1056,Pharmacy,DISPENSE_MED,2026-08-09 21:38:39,2026-08-09 21:38:53
EVT-104692,USR-1017,Laboratory,LOGIN,2026-06-10 02:45:39,2026-06-10 02:45:46
EVT-103182,USR-1119,Radiology,DELETE_LOG,2026-07-05 22:42:39,2026-07-05 22:42:49
EVT-104775,USR-1104,HR,LOGIN,2026-08-23 19:44:39,2026-08-23 19:44:52
EVT-103520,USR-1163,HR,VIEW_RECORD,2026-08-01 12:59:39,2026-08-01 12:59:46
EVT-101760,USR-1130,Administration,VIEW_RECORD,2026-08-05 15:11:39,2026-08-05 15:11:54
EVT-103315,USR-1005,HR,LOGIN,2026-06-08 19:53:39,2026-06-08 19:54:04
EVT-102461,USR-1112,Patient Records,RUN_TEST,2026-07-14 03:45:39,2026-07-14 03:45:45
EVT-104346,USR-1184,Pharmacy,VIEW_RECORD,2026-08-16 13:35:39,2026-08-16 13:35:54
EVT-103260,USR-1192,Laboratory,RUN_TEST,2026-06-21 21:15:39,2026-06-21 21:16:01
EVT-104355,USR-1191,Radiology,VIEW_RECORD,2026-06-14 01:38:39,2026-06-14 01:38:45
EVT-104299,USR-1172,Patient Records,DELETE_LOG,2026-08-11 08:06:39,2026-08-11 08:06:54
EVT-104903,USR-1101,Radiology,EDIT_RECORD,2026-08-17 04:37:39,2026-08-17 04:37:44
EVT-101009,USR-1071,Pharmacy,EDIT_RECORD,2026-08-09 05:03:39,2026-08-09 05:04:05
EVT-103771,USR-1077,HR,EDIT_RECORD,2026-07-15 05:31:39,2026-07-15 05:31:52
EVT-102616,USR-1194,Patient Records,LOGIN,2026-06-27 01:58:39,2026-06-29 07:58:39
EVT-100446,USR-1159,Billing,RUN_TEST,2026-08-01 08:32:39,2026-08-01 08:33:02
EVT-103831,USR-1020,Patient Records,EDIT_RECORD,2026-07-25 10:38:39,2026-07-25 10:39:08
EVT-102621,USR-1007,Laboratory,EDIT_RECORD,2026-06-05 22:51:39,2026-06-05 22:51:51
EVT-100796,USR-1193,Administration,RUN_TEST,2026-08-19 06:38:39,2026-08-19 06:38:51
EVT-101752,USR-1164,Laboratory,LOGIN,2026-06-18 07:28:39,2026-06-18 07:28:47
EVT-102994,USR-1183,Pharmacy,RUN_TEST,2026-07-19 19:30:39,2026-07-19 19:30:44
EVT-102165,USR-1130,Administration,VIEW_RECORD,2026-07-08 23:43:39,2026-07-08 23:43:59
EVT-INV-22,USR-INVALID-9999,UnknownApp,INVALID_ACTION,2026-09-03 20:45:39,2026-09-03 20:45:39
EVT-100464,USR-1023,Patient Records,DELETE_LOG,2026-08-20 21:28:39,2026-08-20 21:28:43
EVT-102174,USR-1071,Pharmacy,EDIT_RECORD,2026-07-08 11:54:39,2026-07-08 11:55:08
EVT-104647,USR-1078,Pharmacy,RUN_TEST,2026-08-29 08:55:39,2026-08-29 08:56:00
EVT-103624,USR-1111,Administration,EXPORT_REPORT,2026-08-21 01:10:39,2026-08-21 01:10:45
EVT-102520,USR-1017,Patient Records,RUN_TEST,2026-07-07 07:40:39,2026-07-07 07:40:50
EVT-102674,USR-1162,Patient Records,DISPENSE_MED,2026-07-23 13:04:39,2026-07-23 13:04:50
EVT-102010,USR-1148,HR,LOGIN,2026-07-11 22:07:39,2026-07-11 22:08:03
EVT-101714,USR-1051,Administration,DISPENSE_MED,2026-07-04 20:57:39,2026-07-07 13:47:39
EVT-100615,USR-1193,Administration,EXPORT_REPORT,2026-08-20 05:57:39,2026-08-20 05:57:59
EVT-102476,USR-1049,Radiology,EDIT_RECORD,2026-07-22 11:33:39,2026-07-22 11:33:44
EVT-102095,USR-1081,Billing,VIEW_RECORD,2026-08-07 10:36:39,2026-08-07 10:36:45
EVT-101469,USR-1073,HR,RUN_TEST,2026-06-16 18:49:39,2026-06-16 18:49:49
EVT-101057,USR-1191,Patient Records,EDIT_RECORD,2026-06-27 23:11:39,2026-06-27 23:11:46
EVT-103060,USR-1034,Patient Records,EXPORT_REPORT,2026-08-06 05:06:39,2026-08-06 05:07:04
EVT-100507,USR-1057,Pharmacy,VIEW_RECORD,2026-07-12 22:07:39,2026-07-12 22:07:50
EVT-104687,USR-1169,Patient Records,DISPENSE_MED,2026-08-16 03:44:39,2026-08-16 03:44:54
EVT-103605,USR-1072,Pharmacy,DELETE_LOG,2026-06-10 07:54:39,2026-06-10 07:54:54
EVT-104314,USR-1055,HR,LOGIN,2026-08-30 23:01:39,2026-08-30 23:01:58
EVT-102842,USR-1045,Administration,DISPENSE_MED,2026-08-30 20:55:39,2026-08-30 20:55:47
EVT-100443,USR-1019,HR,LOGIN,2026-07-31 22:20:39,2026-07-31 22:20:55
EVT-103468,USR-1129,HR,VIEW_RECORD,2026-08-23 07:36:39,2026-08-23 07:36:41
EVT-102589,USR-1055,HR,VIEW_RECORD,2026-07-01 00:05:39,2026-07-01 00:05:46
EVT-100770,USR-1123,Patient Records,EXPORT_REPORT,2026-08-03 23:52:39,2026-08-03 23:53:07
EVT-104072,USR-1132,HR,LOGIN,2026-08-02 18:33:39,2026-08-02 18:33:56
EVT-103467,USR-1141,Administration,EDIT_RECORD,2026-06-24 13:30:39,2026-06-24 13:30:40
EVT-100739,USR-1124,Pharmacy,DISPENSE_MED,2026-06-16 01:27:39,2026-06-16 01:27:50
EVT-101888,USR-1026,Administration,EDIT_RECORD,2026-07-12 00:39:39,2026-07-12 00:39:43
EVT-103615,USR-1015,HR,EXPORT_REPORT,2026-07-13 22:27:39,2026-07-13 22:28:07
EVT-100556,USR-1030,HR,EXPORT_REPORT,2026-07-12 02:40:39,2026-07-12 02:41:03
EVT-105171,USR-1065,HR,RUN_TEST,2026-07-26 15:26:39,2026-07-26 15:26:56
EVT-101631,USR-1124,Pharmacy,EDIT_RECORD,2026-07-15 00:40:39,2026-07-15 00:40:47
EVT-103068,USR-1024,Laboratory,DELETE_LOG,2026-06-20 20:00:39,2026-06-20 20:00:46
EVT-105113,USR-1041,Billing,EDIT_RECORD,2026-08-14 02:06:39,2026-08-14 02:06:46
EVT-100223,USR-1167,Administration,EDIT_RECORD,2026-07-23 08:51:39,2026-07-23 08:51:43
EVT-102992,USR-1001,Laboratory,DISPENSE_MED,2026-06-26 19:48:39,2026-06-26 19:49:04
EVT-104129,USR-1020,Patient Records,DELETE_LOG,2026-08-24 04:08:39,2026-08-24 04:08:44
EVT-102999,USR-1135,Radiology,LOGIN,2026-06-09 01:41:39,2026-06-09 01:41:53
EVT-100516,USR-1005,Radiology,LOGIN,2026-08-22 09:35:39,2026-08-22 09:35:51
EVT-102895,USR-1148,Laboratory,DELETE_LOG,2026-07-23 18:00:39,2026-07-23 18:00:45
EVT-104904,USR-1024,HR,DISPENSE_MED,2026-06-08 02:51:39,2026-06-08 02:52:06
EVT-101074,USR-1189,Patient Records,LOGIN,2026-08-14 18:55:39,2026-08-14 18:55:43
EVT-100132,USR-1147,Pharmacy,VIEW_RECORD,2026-07-11 13:59:39,2026-07-11 14:00:01
EVT-103327,USR-1116,HR,DELETE_LOG,2026-08-03 09:22:39,2026-08-03 09:22:41
EVT-103454,USR-1004,Laboratory,DISPENSE_MED,2026-08-13 09:19:39,2026-08-13 09:19:56
EVT-101264,USR-1096,Administration,DISPENSE_MED,2026-09-01 12:09:39,2026-09-01 12:09:47
EVT-INV-27,,Patient Records,INVALID_ACTION,2026-09-03 20:45:39,2026-09-03 20:45:39
EVT-104909,USR-1044,Billing,LOGIN,2026-07-26 02:16:39,2026-07-26 02:16:43
EVT-100086,USR-1197,Radiology,RUN_TEST,2026-07-09 19:06:39,2026-07-09 19:06:56
EVT-103668,USR-1027,Radiology,EDIT_RECORD,2026-07-23 20:04:39,2026-07-23 20:04:43
EVT-100250,USR-1187,Radiology,EDIT_RECORD,2026-07-17 08:57:39,2026-07-17 08:57:58
EVT-103466,USR-1018,Pharmacy,EDIT_RECORD,2026-08-13 10:55:39,2026-08-13 10:55:59
EVT-104439,USR-1046,Billing,DISPENSE_MED,2026-06-29 22:40:39,2026-06-29 22:40:49
EVT-105151,USR-1056,Billing,DISPENSE_MED,2026-06-19 02:40:39,2026-06-19 02:41:07
EVT-101144,USR-1130,Laboratory,LOGIN,2026-08-26 01:08:39,2026-08-26 01:09:02
EVT-103441,USR-1072,Billing,LOGIN,2026-06-19 22:57:39,2026-06-19 22:57:42
EVT-100841,USR-1036,Laboratory,LOGIN,2026-07-11 02:33:39,2026-07-11 02:33:43
EVT-103346,USR-1198,Billing,VIEW_RECORD,2026-07-03 12:33:39,2026-07-03 12:33:50
EVT-101923,USR-1181,Radiology,VIEW_RECORD,2026-08-22 09:45:39,2026-08-22 09:46:07
EVT-100099,USR-1082,Pharmacy,VIEW_RECORD,2026-07-16 03:05:39,2026-07-16 03:05:48
EVT-103113,USR-1018,Patient Records,DELETE_LOG,2026-07-24 04:34:39,2026-07-24 04:35:00
EVT-104887,USR-1137,HR,VIEW_RECORD,2026-08-04 03:03:39,2026-08-04 03:04:02
EVT-102580,USR-1088,Pharmacy,EDIT_RECORD,2026-08-14 11:46:39,2026-08-14 11:47:00
EVT-100429,USR-1015,HR,EDIT_RECORD,2026-07-08 19:28:39,2026-07-08 19:29:00
EVT-104056,USR-1055,Administration,LOGIN,2026-07-30 21:50:39,2026-07-30 21:50:47
EVT-105092,USR-1048,Administration,EDIT_RECORD,2026-06-15 16:36:39,2026-06-15 16:36:40
EVT-101011,USR-1057,Billing,DISPENSE_MED,2026-07-06 07:52:39,2026-07-06 07:53:04
EVT-101224,USR-1037,HR,RUN_TEST,2026-07-06 16:36:39,2026-07-06 16:36:53
EVT-104821,USR-1099,Patient Records,EXPORT_REPORT,2026-07-26 23:29:39,2026-07-26 23:29:42
EVT-101376,USR-1104,Patient Records,LOGIN,2026-06-09 17:15:39,2026-06-09 17:15:57
EVT-101286,USR-1111,Patient Records,DELETE_LOG,2026-08-06 09:34:39,2026-08-06 09:35:00
EVT-103328,USR-1199,Billing,EDIT_RECORD,2026-07-10 21:58:39,2026-07-10 21:58:43
EVT-104423,USR-1048,Administration,DELETE_LOG,2026-08-31 04:24:39,2026-09-01 13:02:49
EVT-102705,USR-1044,HR,LOGIN,2026-07-24 22:51:39,2026-07-24 22:51:46
EVT-102319,USR-1079,Laboratory,DELETE_LOG,2026-08-06 03:54:39,2026-08-06 03:55:01
EVT-102322,USR-1032,Radiology,DISPENSE_MED,2026-08-23 15:49:39,2026-08-23 15:49:52
EVT-101732,USR-1132,HR,RUN_TEST,2026-06-28 08:34:39,2026-06-28 08:34:46
EVT-104337,USR-1086,Administration,EDIT_RECORD,2026-07-31 03:31:39,2026-07-31 03:31:41
EVT-102871,USR-1163,Laboratory,EXPORT_REPORT,2026-06-11 03:26:39,2026-06-11 03:26:54
EVT-102850,USR-1148,Pharmacy,DISPENSE_MED,2026-08-28 18:32:39,2026-08-28 18:32:48
EVT-103190,USR-1012,Billing,EXPORT_REPORT,2026-08-06 23:33:39,2026-08-06 23:33:53
EVT-104490,USR-1132,HR,RUN_TEST,2026-06-16 16:29:39,2026-06-16 16:30:06
EVT-100990,USR-1083,HR,DISPENSE_MED,2026-06-30 17:24:39,2026-06-30 17:24:55
EVT-104597,USR-1182,Laboratory,RUN_TEST,2026-06-13 09:45:39,2026-06-13 09:46:09
EVT-INV-6,USR-INVALID-9999,Patient Records,INVALID_ACTION,2026-09-03 20:45:39,2026-09-03 20:45:39
EVT-104567,USR-1058,HR,VIEW_RECORD,2026-06-26 06:17:39,2026-06-26 06:17:46
EVT-101019,USR-1040,HR,EXPORT_REPORT,2026-09-02 23:37:39,2026-09-02 23:38:01
EVT-104987,USR-1039,Laboratory,DISPENSE_MED,2026-06-08 21:45:39,2026-06-08 21:45:46
EVT-104210,USR-1034,Patient Records,DISPENSE_MED,2026-08-26 22:28:39,2026-08-26 22:28:41
EVT-101845,USR-1035,Billing,VIEW_RECORD,2026-06-16 13:30:39,2026-06-16 13:30:41
EVT-102699,USR-1029,Administration,EDIT_RECORD,2026-06-24 17:20:39,2026-06-24 17:21:09
EVT-102338,USR-1155,Patient Records,VIEW_RECORD,2026-08-18 17:19:39,2026-08-18 17:19:44
EVT-102307,USR-1093,Billing,EXPORT_REPORT,2026-08-21 00:16:39,2026-08-21 00:16:42
EVT-104562,USR-1027,Billing,LOGIN,2026-07-28 21:40:39,2026-07-28 21:40:56
EVT-102342,USR-1099,Administration,VIEW_RECORD,2026-07-27 16:55:39,2026-07-27 16:56:09
EVT-102614,USR-1177,HR,EDIT_RECORD,2026-07-03 01:31:39,2026-07-03 01:31:47
EVT-100360,USR-1106,Laboratory,DISPENSE_MED,2026-07-30 11:29:39,2026-07-30 11:29:57
EVT-101123,USR-1195,Administration,DISPENSE_MED,2026-06-07 12:41:39,2026-06-07 12:41:52
EVT-102240,USR-1041,Administration,EDIT_RECORD,2026-08-26 13:11:39,2026-08-26 13:12:03
EVT-102112,USR-1057,HR,DISPENSE_MED,2026-07-04 09:36:39,2026-07-04 09:36:41
EVT-104991,USR-1044,HR,VIEW_RECORD,2026-07-04 02:19:39,2026-07-04 02:19:55
EVT-104923,USR-1164,Laboratory,VIEW_RECORD,2026-08-25 16:16:39,2026-08-25 16:16:42
EVT-104039,USR-1070,HR,EDIT_RECORD,2026-07-02 15:51:39,2026-07-02 15:52:02
EVT-102858,USR-1140,Laboratory,EXPORT_REPORT,2026-07-30 07:14:39,2026-07-30 17:25:39
EVT-103797,USR-1028,Radiology,DISPENSE_MED,2026-07-03 17:14:39,2026-07-03 17:14:47
EVT-INV-20,USR-INVALID-9999,Patient Records,INVALID_ACTION,2026-09-03 20:45:39,2026-09-03 20:45:39
EVT-100353,USR-1020,HR,EDIT_RECORD,2026-07-17 04:51:39,2026-07-17 04:51:50
EVT-103526,USR-1167,Administration,LOGIN,2026-06-25 04:50:39,2026-06-25 04:50:54
EVT-104370,USR-1200,Pharmacy,DELETE_LOG,2026-07-11 04:28:39,2026-07-11 04:28:45
EVT-100406,USR-1041,Radiology,VIEW_RECORD,2026-08-15 04:32:39,2026-08-15 04:32:54
EVT-100342,USR-1047,Patient Records,LOGIN,2026-06-12 19:08:39,2026-06-12 19:08:48
EVT-105042,USR-1158,Radiology,DISPENSE_MED,2026-08-06 08:53:39,2026-08-06 08:53:59
EVT-101530,USR-1139,Pharmacy,LOGIN,2026-06-11 13:07:39,2026-06-11 13:07:53
EVT-104707,USR-1018,Patient Records,DISPENSE_MED,2026-08-21 02:51:39,2026-08-21 02:51:48
EVT-100919,USR-1108,Administration,VIEW_RECORD,2026-06-18 17:00:39,2026-06-18 17:01:02
EVT-101895,USR-1153,Patient Records,DISPENSE_MED,2026-07-31 08:00:39,2026-07-31 08:00:45
EVT-103004,USR-1121,Radiology,VIEW_RECORD,2026-06-11 16:27:39,2026-06-11 16:27:43
EVT-103830,USR-1197,Radiology,DELETE_LOG,2026-08-27 15:53:39,2026-08-27 15:53:59
EVT-105178,USR-1192,Billing,DELETE_LOG,2026-09-01 20:54:39,2026-09-01 20:55:00
EVT-103040,USR-1152,Administration,DISPENSE_MED,2026-07-10 16:34:39,2026-07-10 16:34:45
EVT-103769,USR-1024,HR,DISPENSE_MED,2026-06-30 08:31:39,2026-06-30 08:31:40
EVT-101639,USR-1063,Patient Records,EDIT_RECORD,2026-07-30 18:27:39,2026-07-30 18:28:07
EVT-101295,USR-1127,Laboratory,DELETE_LOG,2026-06-15 17:39:39,2026-06-15 17:40:01
EVT-105114,USR-1153,Laboratory,DISPENSE_MED,2026-08-26 15:52:39,2026-08-26 15:52:53
EVT-102149,USR-1138,Patient Records,DELETE_LOG,2026-08-17 23:04:39,2026-08-17 23:05:01
EVT-100191,USR-1014,Pharmacy,VIEW_RECORD,2026-06-15 10:22:39,2026-06-15 10:23:02
EVT-101109,USR-1002,HR,EXPORT_REPORT,2026-08-16 21:14:39,2026-08-16 21:14:45
EVT-102989,USR-1024,Pharmacy,EDIT_RECORD,2026-09-01 16:01:39,2026-09-01 16:01:50
EVT-101173,USR-1141,Radiology,EXPORT_REPORT,2026-06-17 20:24:39,2026-06-17 20:24:43
EVT-100237,USR-1044,Billing,EDIT_RECORD,2026-08-04 14:46:39,2026-08-04 14:47:02
EVT-101944,USR-1080,HR,DELETE_LOG,2026-07-25 15:18:39,2026-07-25 15:18:48
EVT-100481,USR-1090,Laboratory,DELETE_LOG,2026-07-25 07:38:39,2026-07-25 07:38:42
EVT-101351,USR-1069,Radiology,LOGIN,2026-06-15 02:39:39,2026-06-15 02:40:00
EVT-104113,USR-1188,Patient Records,DELETE_LOG,2026-06-07 23:54:39,2026-06-07 23:55:16
EVT-100359,USR-1075,Administration,VIEW_RECORD,2026-09-01 13:21:39,2026-09-01 13:21:58
EVT-104806,USR-1030,Laboratory,DISPENSE_MED,2026-08-11 00:14:39,2026-08-11 00:15:08
EVT-101773,USR-1199,Radiology,LOGIN,2026-07-14 01:26:39,2026-07-14 01:27:05
EVT-100090,USR-1015,Administration,EDIT_RECORD,2026-07-11 19:25:39,2026-07-11 19:26:04
EVT-100989,USR-1068,Radiology,VIEW_RECORD,2026-08-05 13:43:39,2026-08-05 13:43:56
EVT-104815,USR-1200,Patient Records,DISPENSE_MED,2026-08-24 10:48:39,2026-08-24 10:48:41
EVT-104465,USR-1195,Radiology,DISPENSE_MED,2026-07-04 14:11:39,2026-07-04 14:11:46
EVT-100066,USR-1044,Billing,VIEW_RECORD,2026-08-22 06:24:39,2026-08-22 06:25:08
EVT-102179,USR-1038,HR,LOGIN,2026-07-17 09:08:39,2026-07-17 09:09:04
EVT-103514,USR-1072,Billing,DELETE_LOG,2026-08-24 13:29:39,2026-08-24 13:29:59
EVT-100719,USR-1131,Patient Records,DISPENSE_MED,2026-06-24 21:56:39,2026-06-24 21:57:00
EVT-104350,USR-1194,HR,VIEW_RECORD,2026-08-11 18:41:39,2026-08-11 18:41:54
EVT-101059,USR-1063,Patient Records,VIEW_RECORD,2026-08-05 02:10:39,2026-08-05 02:10:54
EVT-100361,USR-1047,Patient Records,EDIT_RECORD,2026-07-20 09:11:39,2026-07-20 09:12:06
EVT-103039,USR-1085,Billing,LOGIN,2026-06-20 03:40:39,2026-06-20 03:40:44
EVT-100069,USR-1075,Billing,LOGIN,2026-06-30 00:04:39,2026-06-30 00:04:55
EVT-103556,USR-1086,Billing,EXPORT_REPORT,2026-06-09 10:38:39,2026-06-09 10:38:53
EVT-101956,USR-1143,HR,VIEW_RECORD,2026-07-15 12:49:39,2026-07-15 12:49:40
EVT-103243,USR-1183,Laboratory,RUN_TEST,2026-08-26 08:25:39,2026-08-26 08:25:50
EVT-103246,USR-1137,Pharmacy,VIEW_RECORD,2026-07-02 06:16:39,2026-07-02 06:16:56
EVT-100341,USR-1005,Radiology,RUN_TEST,2026-06-25 21:29:39,2026-06-25 21:29:59
EVT-101938,USR-1138,Laboratory,EDIT_RECORD,2026-07-05 17:38:39,2026-07-05 17:39:02
EVT-103223,USR-1091,Laboratory,LOGIN,2026-07-17 08:20:39,2026-07-17 08:21:06
EVT-105134,USR-1139,Pharmacy,DELETE_LOG,2026-08-16 23:47:39,2026-08-16 23:47:52
EVT-102709,USR-1024,Laboratory,RUN_TEST,2026-08-21 13:33:39,2026-08-21 13:33:50
EVT-100397,USR-1150,HR,EDIT_RECORD,2026-07-09 17:18:39,2026-07-09 17:19:04
EVT-103288,USR-1133,Administration,DISPENSE_MED,2026-06-27 00:12:39,2026-06-27 00:12:51
EVT-104235,USR-1119,Radiology,DISPENSE_MED,2026-07-03 15:15:39,2026-07-03 15:15:48
EVT-103181,USR-1029,HR,EDIT_RECORD,2026-07-18 08:22:39,2026-07-18 08:22:43
EVT-101771,USR-1044,Billing,RUN_TEST,2026-06-13 23:13:39,2026-06-13 23:13:44
EVT-100049,USR-1172,Radiology,RUN_TEST,2026-07-08 22:43:39,2026-07-08 22:43:57
EVT-103674,USR-1057,Billing,RUN_TEST,2026-08-25 23:55:39,2026-08-25 23:56:01
EVT-104551,USR-1193,Billing,EXPORT_REPORT,2026-08-03 05:12:39,2026-08-03 05:12:45
EVT-103983,USR-1030,Laboratory,DISPENSE_MED,2026-06-14 15:17:39,2026-06-14 15:18:08
EVT-103064,USR-1106,Laboratory,RUN_TEST,2026-07-10 21:28:39,2026-07-10 21:28:48
EVT-101063,USR-1180,Laboratory,RUN_TEST,2026-08-25 17:11:39,2026-08-25 17:11:43
EVT-100135,USR-1153,Patient Records,EDIT_RECORD,2026-08-18 02:51:39,2026-08-18 02:51:55
EVT-102468,USR-1188,Patient Records,DELETE_LOG,2026-07-16 20:53:39,2026-07-16 20:53:43
EVT-104380,USR-1192,Laboratory,LOGIN,2026-06-06 17:23:39,2026-06-09 09:54:39
EVT-104975,USR-1127,HR,LOGIN,2026-07-12 11:06:39,2026-07-12 11:07:00
EVT-103149,USR-1163,HR,DELETE_LOG,2026-06-19 05:44:39,2026-06-19 05:44:57
EVT-101130,USR-1133,Administration,DISPENSE_MED,2026-08-31 17:23:39,2026-08-31 17:23:51
EVT-100112,USR-1098,HR,EXPORT_REPORT,2026-08-02 20:00:39,2026-08-02 20:00:49
EVT-105192,USR-1178,Billing,RUN_TEST,2026-07-27 08:57:39,2026-07-27 08:57:49
EVT-104953,USR-1193,Billing,EDIT_RECORD,2026-06-25 17:24:39,2026-06-25 17:25:01
EVT-105033,USR-1033,Radiology,DELETE_LOG,2026-07-15 09:41:39,2026-07-15 09:41:49
EVT-103080,USR-1189,Patient Records,RUN_TEST,2026-08-11 17:35:39,2026-08-11 17:35:40
EVT-104721,USR-1130,Administration,LOGIN,2026-08-26 03:31:39,2026-08-26 03:31:44
EVT-102677,USR-1184,Laboratory,EXPORT_REPORT,2026-06-27 13:09:39,2026-06-27 13:09:40
EVT-102034,USR-1196,Billing,EDIT_RECORD,2026-06-12 12:09:39,2026-06-12 12:10:09
EVT-101473,USR-1089,Radiology,VIEW_RECORD,2026-06-08 03:36:39,2026-06-08 03:37:03
EVT-103338,USR-1033,Laboratory,DELETE_LOG,2026-08-01 11:24:39,2026-08-01 11:25:04
EVT-101084,USR-1087,Radiology,LOGIN,2026-07-01 00:13:39,2026-07-01 00:14:09
EVT-105172,USR-1048,Administration,EDIT_RECORD,2026-07-04 07:28:39,2026-07-04 07:29:16
EVT-103175,USR-1058,Billing,EDIT_RECORD,2026-08-07 06:25:39,2026-08-07 06:25:54
EVT-103981,USR-1193,Billing,LOGIN,2026-08-20 20:56:39,2026-08-20 20:56:57
EVT-103451,USR-1115,Patient Records,DELETE_LOG,2026-07-01 21:26:39,2026-07-01 21:27:03
EVT-102231,USR-1115,Administration,EXPORT_REPORT,2026-06-18 21:12:39,2026-06-18 21:13:05
EVT-104724,USR-1080,Radiology,DELETE_LOG,2026-06-24 23:41:39,2026-06-27 15:19:39
EVT-101998,USR-1125,Patient Records,RUN_TEST,2026-08-11 23:55:39,2026-08-11 23:55:46
EVT-102777,USR-1042,Pharmacy,DISPENSE_MED,2026-08-29 02:31:39,2026-08-29 02:31:44
EVT-104689,USR-1182,Administration,VIEW_RECORD,2026-08-15 08:17:39,2026-08-15 08:18:04
EVT-105056,USR-1115,Pharmacy,DISPENSE_MED,2026-06-22 06:14:39,2026-06-22 06:14:40
EVT-103199,USR-1121,Radiology,DISPENSE_MED,2026-07-17 04:05:39,2026-07-17 04:05:42
EVT-102370,USR-1082,Administration,EXPORT_REPORT,2026-06-16 17:15:39,2026-06-16 17:15:58
EVT-100521,USR-1039,Billing,RUN_TEST,2026-07-01 22:38:39,2026-07-01 22:38:43
EVT-103636,USR-1090,Administration,VIEW_RECORD,2026-06-26 06:59:39,2026-06-26 06:59:45
EVT-100655,USR-1178,Administration,EXPORT_REPORT,2026-07-07 11:11:39,2026-07-07 11:11:54
EVT-101612,USR-1151,HR,DISPENSE_MED,2026-06-30 00:47:39,2026-06-30 00:47:50
EVT-101128,USR-1150,Radiology,EXPORT_REPORT,2026-07-03 04:44:39,2026-07-03 04:44:41
EVT-104357,USR-1190,Radiology,VIEW_RECORD,2026-06-13 00:19:39,2026-06-13 00:19:58
EVT-100465,USR-1033,Laboratory,EDIT_RECORD,2026-07-13 13:41:39,2026-07-13 13:41:48
EVT-105155,USR-1146,Radiology,DELETE_LOG,2026-08-28 18:05:39,2026-08-28 18:05:49
EVT-102428,USR-1053,HR,EDIT_RECORD,2026-07-06 23:10:39,2026-07-06 23:11:07
EVT-102282,USR-1172,Patient Records,DISPENSE_MED,2026-08-12 02:58:39,2026-08-12 02:58:59
EVT-102977,USR-1185,Laboratory,EDIT_RECORD,2026-07-29 18:54:39,2026-07-29 18:54:40
EVT-102234,USR-1169,Patient Records,LOGIN,2026-08-10 03:43:39,2026-08-10 03:43:57
EVT-103911,USR-1057,Billing,EXPORT_REPORT,2026-07-30 02:16:39,2026-07-30 02:16:49
EVT-103900,USR-1139,Laboratory,RUN_TEST,2026-06-27 03:11:39,2026-06-29 23:04:39
EVT-100058,USR-1028,HR,VIEW_RECORD,2026-07-31 17:25:39,2026-07-31 17:26:09
EVT-105081,USR-1015,Administration,EXPORT_REPORT,2026-07-26 01:35:39,2026-07-26 01:35:55
EVT-101851,USR-1018,Billing,EDIT_RECORD,2026-08-24 22:17:39,2026-08-24 22:17:54
EVT-102569,USR-1011,Patient Records,EDIT_RECORD,2026-08-29 16:52:39,2026-08-29 16:52:42
EVT-100149,USR-1080,Radiology,EDIT_RECORD,2026-07-25 20:32:39,2026-07-25 20:32:49
EVT-100425,USR-1065,HR,LOGIN,2026-09-02 09:58:39,2026-09-02 09:58:59
EVT-101302,USR-1117,Pharmacy,EDIT_RECORD,2026-07-21 21:21:39,2026-07-21 21:21:46
EVT-103726,USR-1140,Pharmacy,RUN_TEST,2026-06-08 01:36:39,2026-06-08 01:37:01
EVT-102419,USR-1057,Billing,LOGIN,2026-06-30 22:59:39,2026-06-30 22:59:47
EVT-100265,USR-1019,Laboratory,EDIT_RECORD,2026-08-07 13:59:39,2026-08-07 14:00:09
EVT-102672,USR-1037,Pharmacy,DELETE_LOG,2026-07-21 08:20:39,2026-07-21 08:21:13
EVT-104867,USR-1151,HR,EXPORT_REPORT,2026-08-17 21:22:39,2026-08-17 21:22:40
EVT-100913,USR-1028,Patient Records,DELETE_LOG,2026-07-07 18:04:39,2026-07-07 18:05:07
EVT-100978,USR-1113,Patient Records,DISPENSE_MED,2026-06-15 21:53:39,2026-06-15 21:53:43
EVT-101528,USR-1153,Patient Records,DISPENSE_MED,2026-07-28 04:15:39,2026-07-28 04:15:51
EVT-101975,USR-1109,Administration,DELETE_LOG,2026-08-13 17:42:39,2026-08-13 17:42:55
EVT-102777,USR-1042,Pharmacy,DISPENSE_MED,2026-08-29 02:31:39,2026-08-29 02:31:54
EVT-101336,USR-1030,HR,LOGIN,2026-08-09 22:30:39,2026-08-09 22:31:09
EVT-102810,USR-1083,HR,DELETE_LOG,2026-08-17 17:21:39,2026-08-17 17:22:08
EVT-100386,USR-1153,Laboratory,RUN_TEST,2026-07-24 20:48:39,2026-07-24 20:48:45
EVT-104595,USR-1109,Laboratory,EXPORT_REPORT,2026-08-31 12:05:39,2026-08-31 12:05:57
EVT-102774,USR-1032,Patient Records,DISPENSE_MED,2026-08-18 23:23:39,2026-08-19 13:08:39
EVT-104535,USR-1130,HR,VIEW_RECORD,2026-08-10 03:55:39,2026-08-10 03:55:49
EVT-102259,USR-1042,Billing,EDIT_RECORD,2026-07-07 19:17:39,2026-07-07 19:18:06
EVT-104401,USR-1083,Patient Records,LOGIN,2026-06-17 13:40:39,2026-06-17 13:41:01
EVT-102747,USR-1066,Laboratory,EXPORT_REPORT,2026-07-09 04:15:39,2026-07-09 04:15:57
EVT-100789,USR-1054,Pharmacy,LOGIN,2026-07-19 16:32:39,2026-07-19 16:33:00
EVT-100822,USR-1066,Laboratory,RUN_TEST,2026-08-02 14:24:39,2026-08-02 14:25:04
EVT-103102,USR-1172,HR,DELETE_LOG,2026-08-27 06:51:39,2026-08-27 06:51:42
EVT-103194,USR-1113,Patient Records,VIEW_RECORD,2026-06-14 19:58:39,2026-06-14 19:58:41
EVT-101190,USR-1014,Pharmacy,VIEW_RECORD,2026-08-14 12:24:39,2026-08-14 12:24:49
EVT-101636,USR-1155,Billing,DELETE_LOG,2026-07-17 20:06:39,2026-07-17 20:06:50
EVT-100753,USR-1140,Pharmacy,DELETE_LOG,2026-06-23 22:57:39,2026-06-23 22:57:42
EVT-100647,USR-1147,Patient Records,DISPENSE_MED,2026-07-08 09:33:39,2026-07-08 09:34:05
EVT-INV-15,,Patient Records,INVALID_ACTION,2026-09-03 20:45:39,2026-09-03 20:45:39
EVT-102312,USR-1192,Billing,DISPENSE_MED,2026-08-21 04:00:39,2026-08-21 04:00:47
EVT-104431,USR-1166,Radiology,EDIT_RECORD,2026-08-11 00:06:39,2026-08-11 00:06:41
EVT-100760,USR-1037,HR,DISPENSE_MED,2026-06-18 14:56:39,2026-06-18 14:56:58
EVT-104911,USR-1081,Administration,EXPORT_REPORT,2026-06-27 17:29:39,2026-06-27 17:29:44
EVT-100963,USR-1033,Laboratory,DISPENSE_MED,2026-08-14 21:28:39,2026-08-14 21:29:00
EVT-100337,USR-1159,Radiology,DELETE_LOG,2026-08-29 04:28:39,2026-08-29 04:28:50
EVT-101378,USR-1142,HR,EDIT_RECORD,2026-06-06 04:25:39,2026-06-06 04:26:06
EVT-INV-48,USR-INVALID-9999,Patient Records,INVALID_ACTION,2026-09-03 20:45:39,2026-09-03 20:45:39
EVT-104963,USR-1178,Administration,DISPENSE_MED,2026-06-14 07:35:39,2026-06-14 07:35:40
EVT-103957,USR-1089,Radiology,DISPENSE_MED,2026-08-12 23:40:39,2026-08-12 23:40:53
EVT-104575,USR-1166,Radiology,VIEW_RECORD,2026-07-27 12:27:39,2026-07-27 12:28:05
EVT-104958,USR-1005,Radiology,DISPENSE_MED,2026-06-09 19:04:39,2026-06-09 19:05:06
EVT-104142,USR-1018,Billing,VIEW_RECORD,2026-08-12 12:24:39,2026-08-12 12:24:46
EVT-100349,USR-1001,Pharmacy,DELETE_LOG,2026-08-28 11:37:39,2026-08-28 11:37:40
EVT-103993,USR-1102,Billing,VIEW_RECORD,2026-07-16 16:41:39,2026-07-18 16:17:39
EVT-103539,USR-1098,Pharmacy,EDIT_RECORD,2026-06-29 03:44:39,2026-06-29 03:44:51
EVT-100438,USR-1054,Pharmacy,EXPORT_REPORT,2026-06-25 10:51:39,2026-06-25 10:51:50
EVT-104156,USR-1026,Billing,EDIT_RECORD,2026-08-08 20:58:39,2026-08-08 20:58:57
EVT-104122,USR-1146,Patient Records,EDIT_RECORD,2026-08-29 08:43:39,2026-08-29 08:43:49
EVT-100170,USR-1065,Radiology,VIEW_RECORD,2026-07-12 06:22:39,2026-07-12 06:22:54
EVT-102160,USR-1087,Radiology,VIEW_RECORD,2026-07-17 10:04:39,2026-07-17 10:05:01
EVT-102458,USR-1055,HR,VIEW_RECORD,2026-07-25 18:47:39,2026-07-25 18:47:46
EVT-103838,USR-1198,Billing,DELETE_LOG,2026-06-27 08:46:39,2026-06-27 08:46:54
EVT-104956,USR-1076,Administration,DISPENSE_MED,2026-07-26 20:27:39,2026-07-26 20:27:40
EVT-105104,USR-1090,Laboratory,RUN_TEST,2026-08-18 16:42:39,2026-08-18 16:42:49
EVT-100455,USR-1043,Laboratory,EDIT_RECORD,2026-07-28 09:24:39,2026-07-28 09:25:00
EVT-103378,USR-1054,Administration,EXPORT_REPORT,2026-09-01 18:36:39,2026-09-01 18:37:05
EVT-101083,USR-1007,Laboratory,VIEW_RECORD,2026-07-28 10:42:39,2026-07-28 10:42:59
EVT-103421,USR-1051,Pharmacy,EDIT_RECORD,2026-09-01 19:06:39,2026-09-01 19:06:56
EVT-102807,USR-1100,Radiology,EXPORT_REPORT,2026-06-21 06:50:39,2026-06-21 06:50:58
EVT-101940,USR-1115,Administration,DELETE_LOG,2026-06-17 05:18:39,2026-06-17 05:18:53
EVT-101669,USR-1083,Patient Records,DELETE_LOG,2026-08-21 12:33:39,2026-08-21 12:33:43
EVT-101693,USR-1127,Laboratory,DELETE_LOG,2026-09-03 19:21:39,2026-09-04 16:09:39
EVT-104918,USR-1083,HR,LOGIN,2026-07-09 10:20:39,2026-07-09 10:20:47
EVT-103583,USR-1132,HR,LOGIN,2026-06-29 03:55:39,2026-06-29 03:55:50
EVT-102315,USR-1037,Radiology,EDIT_RECORD,2026-06-14 13:26:39,2026-06-14 13:27:07
EVT-103131,USR-1193,Billing,EDIT_RECORD,2026-06-15 00:00:39,2026-06-15 00:00:58
EVT-100742,USR-1015,HR,DELETE_LOG,2026-08-17 19:50:39,2026-08-17 19:50:42
EVT-102769,USR-1113,Billing,EDIT_RECORD,2026-08-27 22:31:39,2026-08-27 22:32:00
EVT-104982,USR-1150,Radiology,DISPENSE_MED,2026-07-10 15:18:39,2026-07-10 15:18:55
EVT-101290,USR-1101,Billing,RUN_TEST,2026-06-10 23:49:39,2026-06-10 23:49:55
EVT-102636,USR-1189,Pharmacy,EDIT_RECORD,2026-08-01 11:29:39,2026-08-01 11:30:07
EVT-103210,USR-1008,Administration,DISPENSE_MED,2026-06-15 02:03:39,2026-06-15 02:03:42
EVT-101242,USR-1056,Billing,VIEW_RECORD,2026-06-07 23:12:39,2026-06-07 23:12:43
EVT-100538,USR-1070,HR,DELETE_LOG,2026-06-29 13:12:39,2026-06-29 13:13:06
EVT-104428,USR-1120,Billing,RUN_TEST,2026-08-20 21:06:39,2026-08-20 21:06:57
EVT-104376,USR-1198,Billing,DISPENSE_MED,2026-06-26 20:20:39,2026-06-26 20:21:02
EVT-103644,USR-1023,Billing,VIEW_RECORD,2026-06-30 17:21:39,2026-06-30 17:21:59
EVT-100173,USR-1171,HR,DELETE_LOG,2026-08-15 23:10:39,2026-08-16 21:24:39
EVT-102284,USR-1078,Patient Records,EDIT_RECORD,2026-07-16 21:42:39,2026-07-16 21:43:09
EVT-103272,USR-1189,Pharmacy,EXPORT_REPORT,2026-08-31 01:17:39,2026-08-31 01:17:41
EVT-104544,USR-1123,HR,EXPORT_REPORT,2026-07-06 22:14:39,2026-07-06 22:14:54
EVT-104457,USR-1153,Laboratory,VIEW_RECORD,2026-06-15 04:37:39,2026-06-15 04:37:47
EVT-103046,USR-1014,Pharmacy,VIEW_RECORD,2026-06-23 13:41:39,2026-06-23 13:41:49
EVT-104209,USR-1100,Billing,DELETE_LOG,2026-08-02 15:21:39,2026-08-02 15:21:47
EVT-101955,USR-1117,Pharmacy,DELETE_LOG,2026-08-20 04:10:39,2026-08-20 04:10:50
EVT-100327,USR-1006,Pharmacy,EDIT_RECORD,2026-08-11 22:29:39,2026-08-11 22:29:40
EVT-101314,USR-1088,Pharmacy,DELETE_LOG,2026-08-10 08:04:39,2026-08-10 08:04:54
EVT-103225,USR-1082,Pharmacy,LOGIN,2026-08-20 20:55:39,2026-08-20 20:55:53
EVT-103135,USR-1180,HR,RUN_TEST,2026-06-16 15:33:39,2026-06-16 15:33:49
EVT-104822,USR-1051,Administration,LOGIN,2026-07-06 06:11:39,2026-07-06 06:11:57
EVT-101713,USR-1032,Radiology,EDIT_RECORD,2026-08-29 23:48:39,2026-08-29 23:48:52
EVT-100198,USR-1061,Patient Records,LOGIN,2026-08-24 12:05:39,2026-08-24 12:05:50
EVT-105022,USR-1134,Billing,LOGIN,2026-08-19 18:20:39,2026-08-19 18:20:42
EVT-100668,USR-1187,Laboratory,EDIT_RECORD,2026-08-21 06:43:39,2026-08-21 06:43:51
EVT-101460,USR-1123,Patient Records,EDIT_RECORD,2026-08-17 18:38:39,2026-08-17 18:39:00
EVT-101226,USR-1038,Patient Records,LOGIN,2026-08-12 22:36:39,2026-08-12 22:36:49
EVT-104473,USR-1178,Patient Records,EXPORT_REPORT,2026-07-10 10:52:39,2026-07-10 10:53:01
EVT-104950,USR-1034,Laboratory,DISPENSE_MED,2026-08-07 21:02:39,2026-08-07 21:03:06
EVT-INV-40,USR-INVALID-9999,UnknownApp,INVALID_ACTION,2026-09-03 20:45:39,2026-09-03 20:45:39
EVT-100151,USR-1142,HR,RUN_TEST,2026-06-12 05:06:39,2026-06-12 05:06:56
EVT-102264,USR-1073,Radiology,VIEW_RECORD,2026-06-26 02:32:39,2026-06-26 02:32:45
EVT-104421,USR-1043,Laboratory,EXPORT_REPORT,2026-07-15 16:35:39,2026-07-15 16:35:46
EVT-100961,USR-1146,Radiology,EDIT_RECORD,2026-07-09 18:52:39,2026-07-09 18:52:50
EVT-102554,USR-1115,Pharmacy,DISPENSE_MED,2026-06-20 23:09:39,2026-06-20 23:09:46
EVT-102613,USR-1083,Billing,VIEW_RECORD,2026-07-14 17:47:39,2026-07-14 17:47:55
EVT-102552,USR-1081,Laboratory,EXPORT_REPORT,2026-07-29 14:52:39,2026-07-29 14:52:49
EVT-100104,USR-1161,Laboratory,LOGIN,2026-08-28 19:16:39,2026-08-28 19:16:48
EVT-102014,USR-1111,Billing,EDIT_RECORD,2026-06-07 21:04:39,2026-06-07 21:05:07
EVT-104816,USR-1068,Radiology,RUN_TEST,2026-08-19 03:04:39,2026-08-19 03:04:48
EVT-100093,USR-1037,Radiology,DELETE_LOG,2026-08-13 14:42:39,2026-08-13 14:42:51
EVT-102336,USR-1006,Patient Records,DISPENSE_MED,2026-09-02 10:08:39,2026-09-02 10:08:48
EVT-100415,USR-1150,Radiology,DELETE_LOG,2026-08-15 03:56:39,2026-08-15 03:57:06
EVT-105165,USR-1188,HR,DISPENSE_MED,2026-07-21 21:32:39,2026-07-21 21:33:01
EVT-103874,USR-1127,Laboratory,EDIT_RECORD,2026-06-16 07:11:39,2026-06-16 07:11:52
EVT-104030,USR-1086,Patient Records,RUN_TEST,2026-07-09 17:47:39,2026-07-09 17:47:57
EVT-100385,USR-1141,Radiology,EXPORT_REPORT,2026-08-23 07:33:39,2026-08-23 07:34:00
EVT-103264,USR-1027,Billing,DISPENSE_MED,2026-07-23 04:29:39,2026-07-25 17:49:39
EVT-100959,USR-1023,Patient Records,DISPENSE_MED,2026-07-02 14:59:39,2026-07-02 14:59:54
EVT-104934,USR-1102,Billing,DELETE_LOG,2026-08-24 17:55:39,2026-08-24 17:56:04
EVT-102039,USR-1098,Pharmacy,DISPENSE_MED,2026-07-21 05:41:39,2026-07-21 05:42:03
EVT-102997,USR-1184,Laboratory,DELETE_LOG,2026-06-12 13:55:39,2026-06-12 13:55:59
EVT-103215,USR-1023,Patient Records,EDIT_RECORD,2026-08-17 08:08:39,2026-08-17 08:08:45
EVT-102223,USR-1103,Radiology,EDIT_RECORD,2026-07-07 06:15:39,2026-07-07 06:16:07
EVT-102135,USR-1160,Radiology,VIEW_RECORD,2026-06-29 17:04:39,2026-06-29 17:04:55
EVT-103702,USR-1077,HR,RUN_TEST,2026-07-10 10:42:39,2026-07-10 10:43:05
EVT-102630,USR-1178,Administration,EXPORT_REPORT,2026-08-13 03:05:39,2026-08-13 03:05:48
EVT-100782,USR-1115,Pharmacy,RUN_TEST,2026-08-14 11:13:39,2026-08-14 11:13:50
EVT-100648,USR-1061,Patient Records,EXPORT_REPORT,2026-07-28 21:12:39,2026-07-28 21:12:48
EVT-104462,USR-1191,HR,DISPENSE_MED,2026-08-19 22:28:39,2026-08-19 22:29:04
EVT-102838,USR-1131,Patient Records,LOGIN,2026-08-08 10:37:39,2026-08-08 10:37:53
EVT-102821,USR-1110,Patient Records,DISPENSE_MED,2026-06-06 22:26:39,2026-06-08 20:04:39
EVT-100012,USR-1122,Administration,EXPORT_REPORT,2026-08-15 01:00:39,2026-08-15 01:00:47
EVT-104169,USR-1019,Pharmacy,EDIT_RECORD,2026-08-15 10:23:39,2026-08-15 10:23:41
EVT-102901,USR-1077,HR,RUN_TEST,2026-08-28 07:22:39,2026-08-28 07:22:52
EVT-104574,USR-1076,Billing,RUN_TEST,2026-09-01 02:36:39,2026-09-01 02:36:43
EVT-100602,USR-1091,Pharmacy,VIEW_RECORD,2026-08-03 06:02:39,2026-08-03 06:03:00
EVT-104957,USR-1199,Patient Records,EXPORT_REPORT,2026-06-14 15:21:39,2026-06-14 15:21:46
EVT-100304,USR-1035,Billing,RUN_TEST,2026-06-28 14:28:39,2026-06-28 14:28:54
EVT-INV-13,,UnknownApp,INVALID_ACTION,INVALID_DATE,2026-09-03 20:45:39
EVT-101578,USR-1048,Administration,VIEW_RECORD,2026-08-15 04:14:39,2026-08-15 04:14:43
EVT-103142,USR-1184,Pharmacy,RUN_TEST,2026-06-10 08:03:39,2026-06-10 08:04:05
EVT-102881,USR-1168,Radiology,EDIT_RECORD,2026-06-18 00:09:39,2026-06-18 00:09:56
EVT-102196,USR-1132,Billing,EXPORT_REPORT,2026-06-08 06:12:39,2026-06-08 06:13:03
EVT-100643,USR-1077,Pharmacy,RUN_TEST,2026-06-16 22:52:39,2026-06-16 22:52:54
EVT-102844,USR-1189,HR,EXPORT_REPORT,2026-07-25 09:22:39,2026-07-25 09:23:09
EVT-104859,USR-1178,Patient Records,EDIT_RECORD,2026-07-04 05:28:39,2026-07-04 05:28:49
EVT-104410,USR-1014,Administration,DISPENSE_MED,2026-08-03 01:43:39,2026-08-03 01:43:44
EVT-101364,USR-1044,Pharmacy,EXPORT_REPORT,2026-07-17 09:34:39,2026-07-17 09:34:42
EVT-101958,USR-1166,Pharmacy,RUN_TEST,2026-07-29 15:27:39,2026-07-29 15:27:41
EVT-103960,USR-1152,Administration,LOGIN,2026-06-24 07:03:39,2026-06-24 07:03:57
EVT-100736,USR-1030,Radiology,EDIT_RECORD,2026-08-11 16:00:39,2026-08-11 16:01:04
EVT-102927,USR-1081,Pharmacy,RUN_TEST,2026-06-26 05:28:39,2026-06-26 05:29:08
EVT-104566,USR-1057,Administration,EDIT_RECORD,2026-07-25 01:34:39,2026-07-25 01:34:48
EVT-100280,USR-1195,Administration,DELETE_LOG,2026-07-24 08:33:39,2026-07-24 08:34:02
EVT-103861,USR-1044,HR,RUN_TEST,2026-06-14 12:14:39,2026-06-14 12:15:07
EVT-100585,USR-1137,HR,DISPENSE_MED,2026-08-26 00:06:39,2026-08-26 00:06:51
EVT-104984,USR-1073,Radiology,RUN_TEST,2026-06-15 11:44:39,2026-06-15 11:44:43
EVT-100625,USR-1007,Laboratory,LOGIN,2026-07-29 17:44:39,2026-07-29 17:45:03
EVT-100618,USR-1143,Laboratory,RUN_TEST,2026-07-26 04:01:39,2026-07-26 04:02:18
EVT-103388,USR-1083,HR,RUN_TEST,2026-07-10 08:11:39,2026-07-10 08:11:40
EVT-103854,USR-1143,Billing,DELETE_LOG,2026-06-20 01:54:39,2026-06-20 01:54:52
EVT-100043,USR-1121,Radiology,DELETE_LOG,2026-07-07 17:01:39,2026-07-07 17:01:57
EVT-100539,USR-1088,Administration,LOGIN,2026-08-25 20:16:39,2026-08-25 20:17:04
EVT-102583,USR-1023,Billing,EDIT_RECORD,2026-08-21 18:13:39,2026-08-24 04:14:39
EVT-105143,USR-1113,Billing,EDIT_RECORD,2026-08-18 23:49:39,2026-08-18 23:50:03
EVT-101055,USR-1030,Radiology,VIEW_RECORD,2026-07-19 19:15:39,2026-07-20 00:53:39
EVT-103408,USR-1142,HR,EXPORT_REPORT,2026-07-10 15:46:39,2026-07-10 15:47:03
EVT-104379,USR-1093,Patient Records,LOGIN,2026-06-23 13:18:39,2026-06-23 13:18:44
EVT-103637,USR-1066,Pharmacy,LOGIN,2026-08-08 23:22:39,2026-08-11 07:16:39
EVT-100211,USR-1086,Pharmacy,EDIT_RECORD,2026-07-01 16:05:39,2026-07-01 16:06:02
EVT-103533,USR-1018,Patient Records,DELETE_LOG,2026-06-12 18:31:39,2026-06-12 18:31:53
EVT-104042,USR-1193,Patient Records,VIEW_RECORD,2026-09-01 23:57:39,2026-09-04 20:57:39
EVT-102220,USR-1082,Pharmacy,RUN_TEST,2026-08-07 06:56:39,2026-08-07 06:56:40
EVT-100001,USR-1014,Administration,DELETE_LOG,2026-06-27 13:07:39,2026-06-27 13:07:41
EVT-104989,USR-1025,Pharmacy,VIEW_RECORD,2026-06-27 21:11:39,2026-06-27 21:11:58
EVT-104506,USR-1078,Patient Records,VIEW_RECORD,2026-07-29 13:51:39,2026-07-29 13:51:57
EVT-102348,USR-1093,Billing,DISPENSE_MED,2026-08-31 18:00:39,2026-08-31 18:00:44
EVT-105164,USR-1044,HR,DISPENSE_MED,2026-07-11 23:13:39,2026-07-11 23:13:46
EVT-102254,USR-1172,Radiology,EDIT_RECORD,2026-08-09 19:23:39,2026-08-09 19:23:56
EVT-102544,USR-1071,Radiology,EDIT_RECORD,2026-07-28 14:50:39,2026-07-28 14:50:53
EVT-102408,USR-1032,Patient Records,DELETE_LOG,2026-06-12 23:44:39,2026-06-12 23:45:08
EVT-101507,USR-1030,Laboratory,EDIT_RECORD,2026-07-28 23:52:39,2026-07-28 23:53:07
EVT-102444,USR-1158,Pharmacy,VIEW_RECORD,2026-06-27 00:01:39,2026-06-27 00:01:48
EVT-101556,USR-1035,Radiology,DELETE_LOG,2026-07-15 12:55:39,2026-07-15 12:55:50
EVT-100331,USR-1111,Billing,VIEW_RECORD,2026-07-31 15:28:39,2026-07-31 15:29:08
EVT-103766,USR-1017,Patient Records,EXPORT_REPORT,2026-08-12 06:22:39,2026-08-12 06:23:04
EVT-101721,USR-1134,Patient Records,EXPORT_REPORT,2026-07-07 15:23:39,2026-07-07 15:23:49
EVT-101585,USR-1155,Patient Records,EXPORT_REPORT,2026-08-09 06:43:39,2026-08-09 06:43:43
EVT-103968,USR-1070,Pharmacy,LOGIN,2026-07-23 18:41:39,2026-07-23 18:41:53
EVT-104225,USR-1168,Radiology,EXPORT_REPORT,2026-07-19 14:14:39,2026-07-20 06:43:39
EVT-101625,USR-1132,Laboratory,RUN_TEST,2026-07-23 22:21:39,2026-07-23 22:21:50
EVT-104840,USR-1159,Radiology,LOGIN,2026-06-08 19:29:39,2026-06-08 19:30:08
EVT-100582,USR-1075,Patient Records,EDIT_RECORD,2026-08-05 16:39:39,2026-08-05 16:39:58
EVT-104896,USR-1069,Radiology,EDIT_RECORD,2026-07-22 01:44:39,2026-07-22 01:44:43
EVT-104783,USR-1037,Pharmacy,RUN_TEST,2026-06-19 03:58:39,2026-06-19 03:59:07
EVT-105096,USR-1148,Pharmacy,EXPORT_REPORT,2026-07-27 20:42:39,2026-07-27 20:43:06
EVT-102733,USR-1183,Laboratory,DISPENSE_MED,2026-07-07 10:41:39,2026-07-07 10:42:02
EVT-101202,USR-1088,HR,EXPORT_REPORT,2026-08-31 17:44:39,2026-08-31 17:44:49
EVT-100369,USR-1133,Administration,EXPORT_REPORT,2026-07-06 19:28:39,2026-07-06 19:28:45
EVT-101470,USR-1147,Patient Records,VIEW_RECORD,2026-07-03 18:05:39,2026-07-03 18:06:08
EVT-104716,USR-1081,Laboratory,VIEW_RECORD,2026-06-24 22:56:39,2026-06-26 22:42:39
EVT-100706,USR-1199,Billing,VIEW_RECORD,2026-06-25 22:29:39,2026-06-25 22:29:43
EVT-103433,USR-1028,HR,EDIT_RECORD,2026-08-06 21:54:39,2026-08-06 21:54:41
EVT-101850,USR-1167,HR,EDIT_RECORD,2026-07-16 16:09:39,2026-07-16 16:09:59
EVT-100509,USR-1119,Radiology,EDIT_RECORD,2026-07-27 16:19:39,2026-07-27 16:19:51
EVT-102865,USR-1029,Administration,DELETE_LOG,2026-07-19 10:56:39,2026-07-19 10:57:04
EVT-104066,USR-1036,Laboratory,EDIT_RECORD,2026-07-18 11:21:39,2026-07-18 11:21:48
EVT-100601,USR-1119,Radiology,LOGIN,2026-07-14 07:23:39,2026-07-14 07:23:55
EVT-101390,USR-1007,Laboratory,VIEW_RECORD,2026-06-21 10:54:39,2026-06-21 10:54:59
EVT-101610,USR-1075,Administration,RUN_TEST,2026-06-12 07:17:39,2026-06-12 07:17:50
EVT-104063,USR-1083,Patient Records,DISPENSE_MED,2026-08-30 15:20:39,2026-08-30 15:21:06
EVT-104016,USR-1057,Pharmacy,DISPENSE_MED,2026-07-08 04:23:39,2026-07-08 04:23:50
EVT-104065,USR-1078,Pharmacy,LOGIN,2026-06-15 08:00:39,2026-06-15 08:00:54
EVT-100425,USR-1065,HR,LOGIN,2026-09-02 09:58:39,2026-09-02 09:58:49
EVT-100105,USR-1135,Pharmacy,DELETE_LOG,2026-06-12 18:34:39,2026-06-12 18:35:07
EVT-100795,USR-1178,Billing,VIEW_RECORD,2026-06-19 21:05:39,2026-06-19 21:05:50
EVT-103316,USR-1147,Pharmacy,DELETE_LOG,2026-07-19 21:49:39,2026-07-19 21:49:50
EVT-102587,USR-1129,HR,DISPENSE_MED,2026-07-23 16:11:39,2026-07-23 16:11:50
EVT-105069,USR-1078,Pharmacy,EXPORT_REPORT,2026-08-05 14:47:39,2026-08-05 14:47:57
EVT-103950,USR-1194,HR,EXPORT_REPORT,2026-06-14 02:00:39,2026-06-14 02:00:48
EVT-101591,USR-1098,Pharmacy,DELETE_LOG,2026-08-29 00:22:39,2026-08-29 00:23:08
EVT-100595,USR-1112,HR,EXPORT_REPORT,2026-08-03 23:01:39,2026-08-03 23:01:49
EVT-101848,USR-1089,Radiology,VIEW_RECORD,2026-08-29 07:55:39,2026-08-29 07:55:48
EVT-102605,USR-1192,Laboratory,LOGIN,2026-09-03 01:49:39,2026-09-03 01:50:07
EVT-101339,USR-1177,HR,EXPORT_REPORT,2026-06-06 15:39:39,2026-06-06 15:39:50
EVT-100988,USR-1043,Laboratory,DELETE_LOG,2026-07-19 12:29:39,2026-07-19 12:29:56
EVT-102111,USR-1069,Radiology,EXPORT_REPORT,2026-08-18 11:49:39,2026-08-18 11:49:49
EVT-104021,USR-1047,Patient Records,LOGIN,2026-06-12 17:17:39,2026-06-12 17:18:04
EVT-102518,USR-1020,HR,EXPORT_REPORT,2026-07-06 06:19:39,2026-07-06 06:19:56
EVT-102031,USR-1004,Laboratory,VIEW_RECORD,2026-07-31 01:16:39,2026-07-31 01:17:09
EVT-102537,USR-1138,Patient Records,LOGIN,2026-06-11 17:34:39,2026-06-11 17:35:08
EVT-100056,USR-1062,Radiology,EDIT_RECORD,2026-07-28 07:59:39,2026-07-28 07:59:53
EVT-102379,USR-1164,Administration,LOGIN,2026-07-15 18:15:39,2026-07-15 18:15:44
EVT-101253,USR-1138,Patient Records,LOGIN,2026-07-05 13:15:39,2026-07-05 13:15:47
EVT-103935,USR-1172,Patient Records,LOGIN,2026-07-04 19:01:39,2026-07-04 19:01:55
EVT-102730,USR-1131,Patient Records,EXPORT_REPORT,2026-08-13 11:22:39,2026-08-13 11:22:51
EVT-104685,USR-1101,Administration,LOGIN,2026-08-16 09:05:39,2026-08-16 09:05:46
EVT-103528,USR-1016,Radiology,RUN_TEST,2026-07-18 04:40:39,2026-07-18 04:40:41
EVT-104311,USR-1125,Patient Records,EDIT_RECORD,2026-08-17 07:46:39,2026-08-17 07:47:02
EVT-100824,USR-1134,Laboratory,DISPENSE_MED,2026-08-04 00:15:39,2026-08-04 00:16:05
EVT-103351,USR-1143,Laboratory,DISPENSE_MED,2026-06-26 09:51:39,2026-06-26 09:52:08
EVT-103347,USR-1053,Laboratory,EXPORT_REPORT,2026-08-15 11:46:39,2026-08-15 11:46:45
EVT-105044,USR-1005,Radiology,VIEW_RECORD,2026-06-07 20:21:39,2026-06-07 20:21:46
EVT-103675,USR-1045,Laboratory,DISPENSE_MED,2026-08-25 02:08:39,2026-08-25 02:08:40
EVT-100023,USR-1079,HR,EXPORT_REPORT,2026-08-22 14:26:39,2026-08-22 14:26:41
EVT-105145,USR-1182,Laboratory,DELETE_LOG,2026-06-23 05:19:39,2026-06-24 13:24:39
EVT-102016,USR-1066,Administration,DELETE_LOG,2026-08-13 18:19:39,2026-08-13 18:19:42
EVT-102986,USR-1002,Laboratory,VIEW_RECORD,2026-08-06 14:48:39,2026-08-06 14:48:45
EVT-103882,USR-1146,Radiology,DISPENSE_MED,2026-07-01 04:42:39,2026-07-01 04:42:48
EVT-100698,USR-1131,Patient Records,EXPORT_REPORT,2026-07-23 08:17:39,2026-07-23 08:18:08
EVT-100036,USR-1067,HR,LOGIN,2026-08-30 21:08:39,2026-08-30 21:08:44
EVT-101079,USR-1079,Administration,VIEW_RECORD,2026-08-25 05:27:39,2026-08-25 05:27:45
EVT-104375,USR-1087,Laboratory,EDIT_RECORD,2026-07-11 08:40:39,2026-07-13 09:31:39
EVT-103296,USR-1143,Billing,DELETE_LOG,2026-06-12 21:42:39,2026-06-12 21:43:01
EVT-103032,USR-1058,HR,VIEW_RECORD,2026-08-31 21:21:39,2026-08-31 21:22:06
EVT-100279,USR-1150,Laboratory,VIEW_RECORD,2026-08-27 03:48:39,2026-08-27 03:49:05
EVT-104467,USR-1124,Pharmacy,RUN_TEST,2026-08-04 06:16:39,2026-08-04 06:17:08
EVT-104657,USR-1134,Billing,DISPENSE_MED,2026-06-26 04:02:39,2026-06-26 04:02:53
EVT-101025,USR-1041,Billing,DELETE_LOG,2026-07-30 06:51:39,2026-07-30 06:51:46
EVT-103283,USR-1112,HR,VIEW_RECORD,2026-07-17 18:37:39,2026-07-17 18:37:52
EVT-105083,USR-1027,Laboratory,EDIT_RECORD,2026-07-29 15:32:39,2026-07-29 15:33:01
EVT-104577,USR-1024,Pharmacy,RUN_TEST,2026-06-06 15:02:39,2026-06-06 15:03:09
EVT-102139,USR-1053,HR,LOGIN,2026-08-05 03:19:39,2026-08-05 03:19:44
EVT-105099,USR-1088,HR,DELETE_LOG,2026-08-30 01:49:39,2026-08-30 01:49:51
EVT-100839,USR-1132,Radiology,DELETE_LOG,2026-07-17 16:50:39,2026-07-17 16:50:46
EVT-104986,USR-1158,Patient Records,VIEW_RECORD,2026-08-31 22:01:39,2026-08-31 22:01:43
EVT-103508,USR-1036,Laboratory,EDIT_RECORD,2026-09-01 12:42:39,2026-09-01 12:42:55
EVT-103495,USR-1197,Radiology,VIEW_RECORD,2026-08-02 17:34:39,2026-08-02 17:34:59
EVT-103969,USR-1085,HR,EDIT_RECORD,2026-07-03 22:13:39,2026-07-06 18:16:39
EVT-104672,USR-1056,Radiology,DISPENSE_MED,2026-07-13 12:22:39,2026-07-13 12:22:53
EVT-100254,USR-1104,HR,DELETE_LOG,2026-08-03 17:13:39,2026-08-03 17:13:47
EVT-101902,USR-1053,Administration,RUN_TEST,2026-08-09 12:54:39,2026-08-09 12:54:59
EVT-102760,USR-1193,Billing,VIEW_RECORD,2026-07-20 09:23:39,2026-07-20 09:23:52
EVT-101914,USR-1093,Billing,DISPENSE_MED,2026-07-20 23:14:39,2026-07-20 23:15:07
EVT-INV-38,USR-INVALID-9999,Patient Records,INVALID_ACTION,2026-09-03 20:45:39,2026-09-03 20:45:39
EVT-104249,USR-1029,HR,DISPENSE_MED,2026-07-11 22:35:39,2026-07-11 22:35:58
EVT-100456,USR-1043,Laboratory,DELETE_LOG,2026-08-05 03:56:39,2026-08-05 03:57:01
EVT-101240,USR-1150,Radiology,LOGIN,2026-07-18 15:12:39,2026-07-18 15:12:57
EVT-105088,USR-1147,Laboratory,LOGIN,2026-06-27 03:29:39,2026-06-27 03:29:45
EVT-102700,USR-1189,HR,EXPORT_REPORT,2026-07-11 21:41:39,2026-07-11 21:42:06
EVT-100094,USR-1087,Laboratory,DELETE_LOG,2026-06-29 13:21:39,2026-06-29 13:21:43
EVT-102432,USR-1199,Administration,EDIT_RECORD,2026-08-25 20:55:39,2026-08-25 20:55:53
EVT-101110,USR-1072,Pharmacy,VIEW_RECORD,2026-08-07 06:37:39,2026-08-07 06:37:54
EVT-101309,USR-1030,HR,EDIT_RECORD,2026-09-03 01:24:39,2026-09-03 01:24:55
EVT-102435,USR-1072,Administration,VIEW_RECORD,2026-08-09 16:27:39,2026-08-09 16:27:41
EVT-103144,USR-1168,Radiology,RUN_TEST,2026-07-02 02:04:39,2026-07-02 02:05:00
EVT-102681,USR-1085,HR,VIEW_RECORD,2026-08-15 02:44:39,2026-08-15 02:44:52
EVT-103562,USR-1061,Billing,LOGIN,2026-08-23 08:52:39,2026-08-23 08:52:44
EVT-104425,USR-1124,Pharmacy,VIEW_RECORD,2026-06-18 10:48:39,2026-06-18 10:49:06
EVT-105021,USR-1166,Pharmacy,RUN_TEST,2026-06-08 11:59:39,2026-06-08 11:59:45
EVT-104846,USR-1076,Billing,EDIT_RECORD,2026-07-20 07:11:39,2026-07-20 07:11:49
EVT-100272,USR-1058,Radiology,EXPORT_REPORT,2026-07-12 03:32:39,2026-07-12 03:32:50
EVT-101085,USR-1127,HR,RUN_TEST,2026-08-19 06:12:39,2026-08-19 06:12:43
EVT-103851,USR-1130,Billing,DISPENSE_MED,2026-06-13 20:07:39,2026-06-13 20:08:04
EVT-104453,USR-1186,Billing,EXPORT_REPORT,2026-09-03 16:06:39,2026-09-03 16:06:51
EVT-104975,USR-1127,HR,LOGIN,2026-07-12 11:06:39,2026-07-12 11:06:50
EVT-102074,USR-1132,Radiology,DELETE_LOG,2026-08-15 16:26:39,2026-08-15 16:27:04
EVT-102633,USR-1015,HR,RUN_TEST,2026-09-02 21:26:39,2026-09-02 21:26:40
EVT-104061,USR-1162,Radiology,RUN_TEST,2026-06-17 12:31:39,2026-06-17 12:31:45
EVT-104710,USR-1005,Radiology,VIEW_RECORD,2026-08-08 12:05:39,2026-08-09 19:17:39
EVT-104232,USR-1025,Pharmacy,DISPENSE_MED,2026-08-12 19:34:39,2026-08-12 19:35:00
EVT-101673,USR-1033,Billing,EXPORT_REPORT,2026-08-04 11:42:39,2026-08-04 11:43:04
EVT-100137,USR-1083,Billing,DELETE_LOG,2026-06-07 16:21:39,2026-06-09 07:11:39
EVT-100969,USR-1086,Billing,VIEW_RECORD,2026-07-08 09:35:39,2026-07-08 09:36:04
EVT-102462,USR-1167,HR,RUN_TEST,2026-07-12 23:46:39,2026-07-12 23:46:58
EVT-101784,USR-1148,Laboratory,RUN_TEST,2026-06-21 12:31:39,2026-06-21 12:32:09
EVT-100580,USR-1169,Patient Records,LOGIN,2026-07-30 05:46:39,2026-07-30 05:46:58
EVT-104621,USR-1055,HR,RUN_TEST,2026-06-06 02:39:39,2026-06-06 02:40:06
EVT-102329,USR-1079,HR,EXPORT_REPORT,2026-08-06 00:31:39,2026-08-06 00:31:46
EVT-100277,USR-1051,Administration,VIEW_RECORD,2026-09-02 19:25:39,2026-09-02 19:25:40
EVT-101859,USR-1188,HR,LOGIN,2026-07-10 10:18:39,2026-07-10 10:18:50
EVT-102499,USR-1057,Billing,LOGIN,2026-08-05 02:43:39,2026-08-05 02:43:40
EVT-100552,USR-1082,Administration,DELETE_LOG,2026-08-28 12:42:39,2026-08-28 12:43:05
EVT-105054,USR-1063,Patient Records,DISPENSE_MED,2026-08-11 22:32:39,2026-08-11 22:33:08
EVT-101203,USR-1062,HR,EXPORT_REPORT,2026-08-23 15:03:39,2026-08-23 15:04:07
EVT-103268,USR-1108,Administration,RUN_TEST,2026-08-21 05:10:39,2026-08-21 05:10:58
EVT-103821,USR-1078,Pharmacy,DISPENSE_MED,2026-07-26 21:23:39,2026-07-26 21:23:55
EVT-100407,USR-1162,Administration,DISPENSE_MED,2026-07-31 20:52:39,2026-07-31 20:53:03
EVT-102438,USR-1122,Administration,RUN_TEST,2026-07-06 20:33:39,2026-07-06 20:33:52
EVT-102373,USR-1093,Patient Records,RUN_TEST,2026-06-11 18:30:39,2026-06-11 18:31:08
EVT-100545,USR-1062,Billing,VIEW_RECORD,2026-07-19 01:22:39,2026-07-19 01:22:43
EVT-100037,USR-1162,Administration,DELETE_LOG,2026-09-01 00:26:39,2026-09-01 00:26:55
EVT-100241,USR-1031,Laboratory,EDIT_RECORD,2026-07-03 13:30:39,2026-07-03 13:31:04
EVT-100081,USR-1117,Pharmacy,DELETE_LOG,2026-07-29 23:21:39,2026-07-29 23:21:50
EVT-103297,USR-1192,Laboratory,DISPENSE_MED,2026-07-31 12:36:39,2026-07-31 12:37:05
EVT-101033,USR-1125,Patient Records,LOGIN,2026-08-19 05:24:39,2026-08-19 05:25:09
EVT-101268,USR-1078,Pharmacy,VIEW_RECORD,2026-08-09 22:58:39,2026-08-12 04:27:39
EVT-100694,USR-1041,Radiology,VIEW_RECORD,2026-08-06 03:27:39,2026-08-06 03:27:55
EVT-104912,USR-1090,Pharmacy,EDIT_RECORD,2026-08-29 20:47:39,2026-08-29 20:48:06
EVT-101554,USR-1151,HR,VIEW_RECORD,2026-07-19 23:12:39,2026-07-19 23:12:58
EVT-104325,USR-1034,HR,VIEW_RECORD,2026-08-11 06:09:39,2026-08-11 06:09:52
EVT-104941,USR-1042,Radiology,DELETE_LOG,2026-08-08 05:18:39,2026-08-08 05:19:03
EVT-101640,USR-1029,Radiology,RUN_TEST,2026-08-16 09:15:39,2026-08-16 09:15:46
EVT-102682,USR-1058,HR,VIEW_RECORD,2026-08-10 04:59:39,2026-08-10 04:59:40
EVT-100784,USR-1049,Radiology,VIEW_RECORD,2026-06-18 04:28:39,2026-06-18 04:28:56
EVT-100258,USR-1194,Patient Records,VIEW_RECORD,2026-08-06 19:51:39,2026-08-06 19:51:52
EVT-104981,USR-1039,Laboratory,DISPENSE_MED,2026-06-20 07:18:39,2026-06-20 07:19:08
EVT-102061,USR-1005,HR,VIEW_RECORD,2026-08-06 20:24:39,2026-08-06 20:25:00
EVT-104287,USR-1085,HR,DISPENSE_MED,2026-06-30 10:03:39,2026-07-02 14:17:39
EVT-100401,USR-1194,Patient Records,RUN_TEST,2026-07-13 02:15:39,2026-07-13 02:15:46
EVT-101415,USR-1090,Administration,EDIT_RECORD,2026-06-12 11:13:39,2026-06-12 11:13:51
EVT-104303,USR-1134,Patient Records,LOGIN,2026-07-11 20:38:39,2026-07-11 20:38:53
EVT-102088,USR-1190,Administration,RUN_TEST,2026-07-29 09:18:39,2026-07-29 09:18:45
EVT-102024,USR-1111,Billing,DELETE_LOG,2026-08-15 09:29:39,2026-08-15 09:30:00
EVT-100995,USR-1180,HR,DELETE_LOG,2026-07-31 19:31:39,2026-07-31 19:31:42
EVT-102467,USR-1112,Radiology,EDIT_RECORD,2026-06-17 14:11:39,2026-06-17 14:12:02
EVT-100102,USR-1077,HR,VIEW_RECORD,2026-08-29 09:27:39,2026-08-29 09:28:05
EVT-103554,USR-1005,Radiology,DISPENSE_MED,2026-06-08 04:51:39,2026-06-08 04:52:09
EVT-103049,USR-1193,Pharmacy,LOGIN,2026-08-21 10:09:39,2026-08-21 10:09:54
EVT-101535,USR-1061,Billing,LOGIN,2026-08-26 16:56:39,2026-08-26 16:56:59
EVT-105005,USR-1147,Pharmacy,DELETE_LOG,2026-06-06 01:25:39,2026-06-06 01:25:43
EVT-103695,USR-1055,Administration,LOGIN,2026-07-25 04:25:39,2026-07-25 04:26:01
EVT-104059,USR-1196,Billing,DISPENSE_MED,2026-08-04 10:57:39,2026-08-04 10:57:58
EVT-103802,USR-1162,HR,DISPENSE_MED,2026-09-03 03:59:39,2026-09-04 23:05:39
EVT-104217,USR-1129,HR,DELETE_LOG,2026-06-06 14:51:39,2026-06-06 14:52:08
EVT-104555,USR-1089,Radiology,DELETE_LOG,2026-07-22 21:00:39,2026-07-22 21:01:04
EVT-103276,USR-1113,Patient Records,DELETE_LOG,2026-07-07 22:52:39,2026-07-07 22:53:07
EVT-103912,USR-1101,Radiology,LOGIN,2026-07-01 08:01:39,2026-07-01 08:02:06
EVT-104529,USR-1037,HR,RUN_TEST,2026-07-05 08:07:39,2026-07-05 08:07:49
EVT-102627,USR-1054,Administration,RUN_TEST,2026-07-27 20:12:39,2026-07-27 20:12:51
EVT-101765,USR-1096,Patient Records,EXPORT_REPORT,2026-06-08 11:58:39,2026-06-08 11:58:46
EVT-102032,USR-1140,Laboratory,LOGIN,2026-08-17 00:57:39,2026-08-17 00:57:56
EVT-104491,USR-1160,Radiology,VIEW_RECORD,2026-08-05 09:41:39,2026-08-05 09:41:49
EVT-104942,USR-1122,HR,EDIT_RECORD,2026-06-25 14:57:39,2026-06-25 14:58:04
EVT-104817,USR-1091,Pharmacy,DISPENSE_MED,2026-09-01 17:21:39,2026-09-01 17:21:44
EVT-101265,USR-1199,Billing,EDIT_RECORD,2026-08-23 12:31:39,2026-08-23 12:32:01
EVT-104922,USR-1027,Radiology,LOGIN,2026-06-21 18:27:39,2026-06-23 03:39:39
EVT-104834,USR-1083,Billing,RUN_TEST,2026-08-19 11:24:39,2026-08-19 11:24:50
EVT-105000,USR-1014,Pharmacy,DISPENSE_MED,2026-08-20 07:26:39,2026-08-20 07:27:05
EVT-103089,USR-1054,Pharmacy,EXPORT_REPORT,2026-08-04 22:57:39,2026-08-04 22:58:00
EVT-102825,USR-1054,Billing,EXPORT_REPORT,2026-07-21 05:40:39,2026-07-21 05:40:52
EVT-101550,USR-1198,Pharmacy,EXPORT_REPORT,2026-07-30 01:33:39,2026-07-30 01:34:05
EVT-101450,USR-1034,Patient Records,VIEW_RECORD,2026-08-10 02:57:39,2026-08-10 02:57:56
EVT-103344,USR-1007,Laboratory,VIEW_RECORD,2026-08-01 23:26:39,2026-08-01 23:27:08
EVT-104780,USR-1022,Patient Records,EXPORT_REPORT,2026-07-17 10:44:39,2026-07-17 10:44:58
EVT-104663,USR-1088,Pharmacy,DELETE_LOG,2026-06-21 09:31:39,2026-06-21 09:31:49
EVT-103717,USR-1178,Administration,RUN_TEST,2026-07-23 22:15:39,2026-07-23 22:15:57
EVT-100596,USR-1081,Administration,DISPENSE_MED,2026-08-16 12:01:39,2026-08-16 12:02:07
EVT-103262,USR-1196,Billing,DELETE_LOG,2026-08-27 21:25:39,2026-08-27 21:26:06
EVT-103416,USR-1093,Radiology,DELETE_LOG,2026-07-28 09:30:39,2026-07-28 09:30:59
EVT-103145,USR-1001,Pharmacy,LOGIN,2026-07-23 01:20:39,2026-07-23 01:21:02
EVT-100091,USR-1040,HR,VIEW_RECORD,2026-06-05 23:12:39,2026-06-05 23:13:06
EVT-101056,USR-1083,Pharmacy,EXPORT_REPORT,2026-07-02 15:38:39,2026-07-02 15:38:54
EVT-105079,USR-1084,Patient Records,EDIT_RECORD,2026-06-28 22:36:39,2026-06-28 22:36:46
EVT-104618,USR-1124,Pharmacy,VIEW_RECORD,2026-06-29 18:32:39,2026-06-29 18:32:40
EVT-103365,USR-1190,Radiology,EXPORT_REPORT,2026-07-27 13:39:39,2026-07-27 13:39:58
EVT-101359,USR-1089,Radiology,LOGIN,2026-06-12 22:59:39,2026-06-12 22:59:55
EVT-101512,USR-1141,Radiology,RUN_TEST,2026-07-03 03:59:39,2026-07-03 04:00:02
EVT-103170,USR-1058,Radiology,DISPENSE_MED,2026-08-20 10:17:39,2026-08-20 10:18:08
EVT-104297,USR-1147,Pharmacy,LOGIN,2026-07-29 20:44:39,2026-07-29 20:44:59
EVT-104955,USR-1165,Administration,RUN_TEST,2026-07-18 21:07:39,2026-07-18 21:07:41
EVT-101524,USR-1010,HR,VIEW_RECORD,2026-08-03 04:21:39,2026-08-03 04:21:46
EVT-102102,USR-1029,Administration,EDIT_RECORD,2026-06-26 09:52:39,2026-06-26 09:52:52
EVT-100414,USR-1001,HR,VIEW_RECORD,2026-08-26 23:51:39,2026-08-26 23:51:56
EVT-101106,USR-1004,Laboratory,VIEW_RECORD,2026-08-23 10:28:39,2026-08-23 10:28:58
EVT-101427,USR-1189,HR,DISPENSE_MED,2026-08-27 06:06:39,2026-08-27 06:06:53
EVT-103970,USR-1050,Billing,EXPORT_REPORT,2026-06-20 07:39:39,2026-06-20 07:39:42
EVT-104645,USR-1072,Laboratory,EXPORT_REPORT,2026-08-03 03:03:39,2026-08-03 03:03:59
EVT-102543,USR-1140,Pharmacy,EDIT_RECORD,2026-08-16 05:12:39,2026-08-16 05:13:00
EVT-104764,USR-1172,HR,RUN_TEST,2026-08-10 09:05:39,2026-08-10 09:05:48
EVT-103055,USR-1038,Patient Records,EDIT_RECORD,2026-08-20 14:49:39,2026-08-20 14:49:51
EVT-101060,USR-1143,Laboratory,DISPENSE_MED,2026-08-28 15:42:39,2026-08-28 15:43:01
EVT-100604,USR-1135,Pharmacy,RUN_TEST,2026-08-06 08:14:39,2026-08-06 08:14:52
EVT-104795,USR-1106,Laboratory,EDIT_RECORD,2026-07-28 06:49:39,2026-07-28 06:49:54
EVT-102325,USR-1078,Administration,VIEW_RECORD,2026-06-25 16:31:39,2026-06-25 16:32:06
EVT-INV-49,,UnknownApp,INVALID_ACTION,INVALID_DATE,2026-09-03 20:45:39
EVT-104334,USR-1160,Administration,DISPENSE_MED,2026-06-24 17:42:39,2026-06-24 17:43:06
EVT-105120,USR-1006,Patient Records,EDIT_RECORD,2026-08-09 17:47:39,2026-08-09 17:47:49
EVT-104951,USR-1033,Billing,RUN_TEST,2026-06-18 19:10:39,2026-06-18 19:10:54
EVT-103798,USR-1103,Pharmacy,RUN_TEST,2026-07-16 21:53:39,2026-07-16 21:53:57
EVT-103304,USR-1145,Laboratory,EDIT_RECORD,2026-07-03 08:22:39,2026-07-03 08:23:07
EVT-103123,USR-1145,Laboratory,DELETE_LOG,2026-08-25 03:57:39,2026-08-25 03:57:49
EVT-100315,USR-1006,Patient Records,DISPENSE_MED,2026-08-10 23:03:39,2026-08-10 23:04:07
EVT-103506,USR-1147,Billing,DELETE_LOG,2026-07-03 09:13:39,2026-07-03 09:13:47
EVT-101891,USR-1113,Billing,DELETE_LOG,2026-07-26 04:59:39,2026-07-26 04:59:55
EVT-101042,USR-1196,Billing,RUN_TEST,2026-06-15 20:02:39,2026-06-15 20:02:54
EVT-101619,USR-1178,Patient Records,VIEW_RECORD,2026-08-26 20:29:39,2026-08-26 20:30:08
EVT-101248,USR-1132,HR,DISPENSE_MED,2026-06-06 22:15:39,2026-06-06 22:15:40
EVT-103368,USR-1142,Administration,EXPORT_REPORT,2026-07-04 08:13:39,2026-07-04 08:14:07
EVT-INV-4,USR-INVALID-9999,UnknownApp,INVALID_ACTION,2026-09-03 20:45:39,2026-09-03 20:45:39
EVT-102265,USR-1020,Billing,VIEW_RECORD,2026-07-10 07:55:39,2026-07-10 07:55:50
EVT-103027,USR-1002,HR,EDIT_RECORD,2026-08-20 09:00:39,2026-08-20 09:00:58
EVT-104242,USR-1160,Laboratory,DISPENSE_MED,2026-07-06 01:51:39,2026-07-06 01:51:42
EVT-102038,USR-1130,Administration,DELETE_LOG,2026-06-30 12:12:39,2026-06-30 12:12:59
EVT-104083,USR-1037,HR,DISPENSE_MED,2026-07-10 11:08:39,2026-07-10 11:08:56
EVT-103701,USR-1049,Administration,LOGIN,2026-08-06 00:59:39,2026-08-06 00:59:41
EVT-104670,USR-1058,Billing,LOGIN,2026-07-17 17:26:39,2026-07-17 17:26:47
EVT-102886,USR-1048,Radiology,RUN_TEST,2026-07-09 18:17:39,2026-07-09 18:17:48
EVT-100974,USR-1066,Pharmacy,LOGIN,2026-06-20 04:26:39,2026-06-20 04:26:52
EVT-101204,USR-1172,Patient Records,RUN_TEST,2026-07-22 07:56:39,2026-07-22 07:56:46
EVT-104480,USR-1026,Administration,RUN_TEST,2026-08-19 15:50:39,2026-08-20 07:32:39
EVT-104179,USR-1078,Pharmacy,DISPENSE_MED,2026-08-11 05:18:39,2026-08-11 05:19:01
EVT-102229,USR-1137,Pharmacy,LOGIN,2026-07-06 16:49:39,2026-07-06 16:49:55
EVT-103278,USR-1190,Administration,DELETE_LOG,2026-08-30 14:07:39,2026-08-30 14:08:07
EVT-101992,USR-1183,Laboratory,DISPENSE_MED,2026-08-22 03:13:39,2026-08-22 03:13:57
EVT-100134,USR-1112,Radiology,RUN_TEST,2026-06-18 20:20:39,2026-06-18 20:21:02
EVT-102281,USR-1073,Administration,EXPORT_REPORT,2026-07-30 08:39:39,2026-07-30 08:40:09
EVT-103009,USR-1079,Laboratory,RUN_TEST,2026-08-20 16:51:39,2026-08-20 16:52:06
EVT-103602,USR-1185,Laboratory,EDIT_RECORD,2026-07-29 17:13:39,2026-07-29 17:14:03
EVT-104365,USR-1091,Laboratory,LOGIN,2026-07-25 20:59:39,2026-07-25 21:00:03
EVT-100649,USR-1134,HR,LOGIN,2026-06-20 22:27:39,2026-06-20 22:27:55
EVT-104107,USR-1130,Radiology,DELETE_LOG,2026-08-28 09:34:39,2026-08-28 09:35:00
EVT-102096,USR-1018,Billing,DELETE_LOG,2026-08-16 08:36:39,2026-08-16 08:37:03
EVT-103481,USR-1047,Billing,EXPORT_REPORT,2026-07-08 17:16:39,2026-07-08 17:16:54
EVT-101822,USR-1134,Patient Records,VIEW_RECORD,2026-07-31 08:06:39,2026-07-31 08:06:53
EVT-102908,USR-1146,Patient Records,DELETE_LOG,2026-06-22 22:18:39,2026-06-22 22:18:41
EVT-102884,USR-1158,Radiology,EXPORT_REPORT,2026-06-24 08:07:39,2026-06-24 08:07:55
EVT-100345,USR-1090,Patient Records,EXPORT_REPORT,2026-07-07 13:55:39,2026-07-07 21:04:39
EVT-102526,USR-1133,Radiology,DELETE_LOG,2026-08-31 01:49:39,2026-08-31 01:49:42
EVT-101090,USR-1196,Billing,RUN_TEST,2026-07-25 00:06:39,2026-07-25 00:07:00
EVT-102608,USR-1136,Patient Records,DELETE_LOG,2026-08-28 20:32:39,2026-08-28 20:33:09
EVT-103076,USR-1047,Billing,DISPENSE_MED,2026-06-20 08:34:39,2026-06-20 08:35:09
EVT-101985,USR-1185,Laboratory,DISPENSE_MED,2026-07-16 04:54:39,2026-07-16 04:55:00
EVT-102406,USR-1079,Administration,EXPORT_REPORT,2026-07-25 23:20:39,2026-07-25 23:20:43
EVT-101081,USR-1082,Pharmacy,DISPENSE_MED,2026-08-14 19:57:39,2026-08-14 19:58:06
EVT-100007,USR-1071,Pharmacy,LOGIN,2026-07-18 10:19:39,2026-07-18 10:19:46
EVT-103678,USR-1083,Billing,DISPENSE_MED,2026-08-25 14:40:39,2026-08-25 14:40:54
EVT-100138,USR-1053,Radiology,DISPENSE_MED,2026-08-14 14:35:39,2026-08-14 14:35:56
EVT-103087,USR-1022,Patient Records,VIEW_RECORD,2026-07-17 06:01:39,2026-07-17 06:01:49
EVT-104998,USR-1039,Laboratory,DISPENSE_MED,2026-08-18 03:49:39,2026-08-18 03:49:48
EVT-102048,USR-1119,Pharmacy,VIEW_RECORD,2026-06-13 10:10:39,2026-06-13 10:11:03
EVT-100482,USR-1150,Laboratory,RUN_TEST,2026-07-29 23:08:39,2026-07-29 23:08:50
EVT-103319,USR-1200,Patient Records,LOGIN,2026-09-02 21:27:39,2026-09-02 21:27:46
EVT-103698,USR-1093,Patient Records,RUN_TEST,2026-08-28 16:20:39,2026-08-28 16:20:58
EVT-104669,USR-1166,Pharmacy,EDIT_RECORD,2026-07-08 04:17:39,2026-07-08 04:17:48
EVT-102182,USR-1170,Radiology,VIEW_RECORD,2026-07-07 22:29:39,2026-07-09 07:05:39
EVT-104517,USR-1041,Billing,RUN_TEST,2026-08-17 13:48:39,2026-08-17 13:49:05
EVT-101497,USR-1012,Billing,LOGIN,2026-08-18 10:57:39,2026-08-18 10:58:09
EVT-100074,USR-1179,Billing,DELETE_LOG,2026-07-26 08:00:39,2026-07-26 08:01:07
EVT-102037,USR-1108,Administration,EXPORT_REPORT,2026-08-29 15:45:39,2026-08-29 15:46:06
EVT-102984,USR-1142,HR,EDIT_RECORD,2026-06-21 03:03:39,2026-06-21 03:03:55
EVT-103757,USR-1044,Billing,RUN_TEST,2026-06-26 16:24:39,2026-06-26 16:25:00
EVT-101826,USR-1155,Billing,VIEW_RECORD,2026-06-26 22:31:39,2026-06-29 11:46:39
EVT-101280,USR-1006,Pharmacy,EXPORT_REPORT,2026-06-07 03:56:39,2026-06-07 03:57:04
EVT-100738,USR-1162,Administration,DELETE_LOG,2026-08-18 06:43:39,2026-08-18 06:43:41
EVT-104797,USR-1150,HR,EDIT_RECORD,2026-07-12 21:21:39,2026-07-12 21:21:48
EVT-100153,USR-1020,HR,EXPORT_REPORT,2026-07-20 07:03:39,2026-07-20 07:04:04
EVT-104888,USR-1115,Pharmacy,LOGIN,2026-07-22 20:28:39,2026-07-22 20:28:57
EVT-103341,USR-1125,Patient Records,EXPORT_REPORT,2026-08-26 03:05:39,2026-08-26 03:05:44
EVT-101761,USR-1010,HR,VIEW_RECORD,2026-07-07 20:21:39,2026-07-07 20:21:46
